dotaz;zdroj;seznam_count;seznam_ip_count;seznam_relevance;google_pozice;cluster
nová zelená úsporám light 2026;seznam+google;120;92;4.051;2;D-LIGHT | nzú light 2026
nzú light 2026;seznam+google;71;50;4.353;1;D-LIGHT | nzú light 2026
nzú light 2026 pro důchodce;seznam;70;50;3.287;;D-LIGHT | nzú light 2026
nzú light;seznam+google;55;46;3.845;1;D-LIGHT | nzú light 2026
nová zelená úsporám light;seznam+google;46;29;4.816;1;D-LIGHT | nzú light 2026
nzú light 2026 podmínky;seznam+google;39;25;3.307;2;D-LIGHT | nzú light 2026
mžp dotace 2026 nzú light;seznam;41;28;3.291;;D-LIGHT | nzú light 2026
nová zelená úsporám light 2026 pro důchodce;seznam;37;24;4.329;;D-LIGHT | nzú light 2026
nová zelená úsporám light 2026 podmínky;seznam;26;16;4.034;;D-LIGHT | nzú light 2026
nzú light podmínky;seznam+google;9;4;2.4;1;D-LIGHT | nzú light 2026
dotace nová zelená úsporám 2026 pro důchodce;seznam;18;15;4.073;;D-LIGHT | nzú light 2026
dotace nzú light pro seniory;seznam;16;8;2.4;;D-LIGHT | nzú light 2026
nová zelená úsporám pro důchodce;seznam+google;13;9;3.795;6;D-LIGHT | nzú light 2026
dotace nzú light;seznam;14;12;3.608;;D-LIGHT | nzú light 2026
zateplení půdy pro důchodce dotace;seznam;13;9;3.043;;D-LIGHT | nzú light 2026
co je nzú light;google;;;;1;D-LIGHT | nzú light 2026
nzú light dotace;google;;;;1;D-LIGHT | nzú light 2026
nzú light kalkulačka;google;;;;1;D-LIGHT | nzú light 2026
nzú light ohřev vody;google;;;;1;D-LIGHT | nzú light 2026
nzú light rekuperace;google;;;;1;D-LIGHT | nzú light 2026
nzú light tepelné čerpadlo;google;;;;1;D-LIGHT | nzú light 2026
nzú light závazné pokyny;google;;;;1;D-LIGHT | nzú light 2026
fotovoltaika dotace pro důchodce;seznam;11;5;1.8;;D-LIGHT | nzú light 2026
nzú light 2025;seznam+google;3;3;3.058;3;D-LIGHT | nzú light 2026
dotace nzú light 2026;google;;;;2;D-LIGHT | nzú light 2026
mžp nová zelená úsporám light;seznam;9;7;2.8;;D-LIGHT | nzú light 2026
nová zelená úsporám 2026 pro důchodce;seznam;9;8;2.8;;D-LIGHT | nzú light 2026
nová zelená úsporám light diskuze;google;;;;2;D-LIGHT | nzú light 2026
nzú light dokumenty;google;;;;2;D-LIGHT | nzú light 2026
nzú light kontakty;google;;;;2;D-LIGHT | nzú light 2026
nzú light okna;google;;;;2;D-LIGHT | nzú light 2026
nzú light podmínky 2025;google;;;;2;D-LIGHT | nzú light 2026
nzú light poradci;google;;;;2;D-LIGHT | nzú light 2026
nzú light pro zranitelné domácnosti;google;;;;2;D-LIGHT | nzú light 2026
program nová zelená úsporám light pro rok 2026;seznam;9;6;2.15;;D-LIGHT | nzú light 2026
nová zelená úsporám light podmínky;seznam+google;3;1;2.8;4;D-LIGHT | nzú light 2026
dotace nzú light 2025;google;;;;3;D-LIGHT | nzú light 2026
fotovoltaika dotace pro duchodce;google;;;;3;D-LIGHT | nzú light 2026
fotovoltaika dotace pro důchodce v 2026;seznam;7;5;4.472;;D-LIGHT | nzú light 2026
kdo má nárok na dotace nová zelená úsporám light;seznam;7;5;2.05;;D-LIGHT | nzú light 2026
nová zelená úsporám light co to je;google;;;;3;D-LIGHT | nzú light 2026
nová zelená úsporám light kalkulačka;google;;;;3;D-LIGHT | nzú light 2026
nová zelená úsporám light podmínky 2026;google;;;;3;D-LIGHT | nzú light 2026
nová zelená úsporám light renovační pas;seznam;7;5;3.827;;D-LIGHT | nzú light 2026
nová zelená úsporám light zkušenosti;google;;;;3;D-LIGHT | nzú light 2026
nová zelená úsporám light žádost;google;;;;3;D-LIGHT | nzú light 2026
dotace na klimatizace 2026 nzú light;seznam;5;2;3.436;;D-LIGHT | nzú light 2026
dotace nová zelená úsporám light;seznam;5;4;2.8;;D-LIGHT | nzú light 2026
mžp nová zelená úsporám light podmínky 2026;seznam;5;2;4.503;;D-LIGHT | nzú light 2026
nová zelená úsporám light pro starobní a invalidní důchodce;google;;;;4;D-LIGHT | nzú light 2026
nová zelená úsporám light pro starobní a invalidní důchodce 2025;google;;;;5;D-LIGHT | nzú light 2026
nová zelená úsporám nzú a nzú light;google;;;;5;D-LIGHT | nzú light 2026
nová zelená úsporám nzú light;google;;;;4;D-LIGHT | nzú light 2026
nzú light 2025 podmínky;google;;;;4;D-LIGHT | nzú light 2026
nzú light přihlášení;google;;;;4;D-LIGHT | nzú light 2026
sfžp nová zelená úsporám light;seznam;5;4;2.8;;D-LIGHT | nzú light 2026
www nová zelená úsporám light;google;;;;5;D-LIGHT | nzú light 2026
mžp nová zelená úsporám light podmínky;seznam;4;2;3.755;;D-LIGHT | nzú light 2026
nová zelená úsporám 2026 light;seznam;4;4;4.336;;D-LIGHT | nzú light 2026
nzú light 2026 na ohřev vody pro nízkopříjmové;seznam;4;2;4.757;;D-LIGHT | nzú light 2026
nzú light 2026 pro důchodce zjistit přihlášky;seznam;4;1;3.867;;D-LIGHT | nzú light 2026
nová zelená úsporám light 2025;google;;;;7;D-LIGHT | nzú light 2026
nová zelená úsporám light nzu modfond rd 2025;google;;;;8;D-LIGHT | nzú light 2026
nová zelená úsporám light okna;google;;;;10;D-LIGHT | nzú light 2026
nová zelená úsporám light podmínky 2025;google;;;;9;D-LIGHT | nzú light 2026
nová zelená úsporám light poradci;google;;;;6;D-LIGHT | nzú light 2026
nová zelená úsporám light tepelné čerpadlo;google;;;;9;D-LIGHT | nzú light 2026
poradenství nzú light;google;;;;9;D-LIGHT | nzú light 2026
program nzú light;google;;;;8;D-LIGHT | nzú light 2026
nová zelená úsporám;seznam+google;470;401;5.045;1;D-NZU | nová zelená úsporám 2026
nová zelená úsporám . cz;seznam;40;32;4.713;;D-NZU | nová zelená úsporám 2026
nová zelená úsporám dotace;seznam+google;17;13;2.8;1;D-NZU | nová zelená úsporám 2026
nová zelená úsporám poradci;seznam+google;13;9;2.8;3;D-NZU | nová zelená úsporám 2026
co je nová zelená úsporám;google;;;;1;D-NZU | nová zelená úsporám 2026
jak dlouho trvá vyplacení dotace nová zelená úsporám;google;;;;1;D-NZU | nová zelená úsporám 2026
jak funguje nová zelená úsporám;google;;;;1;D-NZU | nová zelená úsporám 2026
kdy končí nová zelená úsporám;google;;;;1;D-NZU | nová zelená úsporám 2026
nova zelena usporam strecha;google;;;;1;D-NZU | nová zelená úsporám 2026
nová zelená úsporám ais;google;;;;1;D-NZU | nová zelená úsporám 2026
nová zelená úsporám bytový dům;google;;;;1;D-NZU | nová zelená úsporám 2026
nová zelená úsporám co to je;google;;;;1;D-NZU | nová zelená úsporám 2026
nová zelená úsporám dešťovka;google;;;;1;D-NZU | nová zelená úsporám 2026
nová zelená úsporám diskuze;google;;;;1;D-NZU | nová zelená úsporám 2026
nová zelená úsporám havlíček;google;;;;1;D-NZU | nová zelená úsporám 2026
nová zelená úsporám hypotéka;google;;;;1;D-NZU | nová zelená úsporám 2026
nová zelená úsporám infolinka;google;;;;1;D-NZU | nová zelená úsporám 2026
nová zelená úsporám kalkulačka;google;;;;1;D-NZU | nová zelená úsporám 2026
nová zelená úsporám kdo může žádat;google;;;;1;D-NZU | nová zelená úsporám 2026
nová zelená úsporám macinka;google;;;;1;D-NZU | nová zelená úsporám 2026
nová zelená úsporám novostavby;google;;;;1;D-NZU | nová zelená úsporám 2026
nová zelená úsporám oprav dům po babičce;google;;;;1;D-NZU | nová zelená úsporám 2026
nová zelená úsporám pro firmy;google;;;;1;D-NZU | nová zelená úsporám 2026
nová zelená úsporám projektová dokumentace;google;;;;1;D-NZU | nová zelená úsporám 2026
nová zelená úsporám recenze;google;;;;1;D-NZU | nová zelená úsporám 2026
nová zelená úsporám renovační pas;google;;;;1;D-NZU | nová zelená úsporám 2026
nová zelená úsporám standard;seznam+google;5;4;4.033;3;D-NZU | nová zelená úsporám 2026
nová zelená úsporám střecha;google;;;;1;D-NZU | nová zelená úsporám 2026
nová zelená úsporám svj;google;;;;1;D-NZU | nová zelená úsporám 2026
nová zelená úsporám ukončení;google;;;;1;D-NZU | nová zelená úsporám 2026
nová zelená úsporám výměna oken;google;;;;1;D-NZU | nová zelená úsporám 2026
nová zelená úsporám zateplení;google;;;;1;D-NZU | nová zelená úsporám 2026
nová zelená úsporám zkušenosti;google;;;;1;D-NZU | nová zelená úsporám 2026
nová zelená úsporám čsob;google;;;;1;D-NZU | nová zelená úsporám 2026
rodinný bonus nová zelená úsporám;google;;;;1;D-NZU | nová zelená úsporám 2026
vyplatí se nová zelená úsporám;google;;;;1;D-NZU | nová zelená úsporám 2026
jak vyplnit žádost nová zelená úsporám;google;;;;2;D-NZU | nová zelená úsporám 2026
kdy bude nová zelená úsporám;google;;;;2;D-NZU | nová zelená úsporám 2026
nová zelená úsporám aktuálně;google;;;;2;D-NZU | nová zelená úsporám 2026
nová zelená úsporám dotace na novostavbu;google;;;;2;D-NZU | nová zelená úsporám 2026
nová zelená úsporám dotace na projekt;google;;;;2;D-NZU | nová zelená úsporám 2026
nová zelená úsporám energetický posudek;google;;;;2;D-NZU | nová zelená úsporám 2026
nová zelená úsporám informace;google;;;;2;D-NZU | nová zelená úsporám 2026
nová zelená úsporám kontakt;google;;;;2;D-NZU | nová zelená úsporám 2026
nová zelená úsporám modfond;google;;;;2;D-NZU | nová zelená úsporám 2026
nová zelená úsporám novazelenausporam cz;google;;;;2;D-NZU | nová zelená úsporám 2026
nová zelená úsporám nzú;google;;;;2;D-NZU | nová zelená úsporám 2026
nová zelená úsporám rekuperace;google;;;;2;D-NZU | nová zelená úsporám 2026
nová zelená úsporám tisková konference;google;;;;2;D-NZU | nová zelená úsporám 2026
nová zelená úsporám červený;google;;;;2;D-NZU | nová zelená úsporám 2026
zateplení střechy zelená úsporám;google;;;;2;D-NZU | nová zelená úsporám 2026
nová zelená úsporám 2025;seznam+google;5;4;4.298;6;D-NZU | nová zelená úsporám 2026
nová zelená úsporám bytové domy;seznam+google;3;3;2.75;4;D-NZU | nová zelená úsporám 2026
nová zelená úsporám cz přihlásit;seznam;8;6;2.75;;D-NZU | nová zelená úsporám 2026
jak bude vypadat nová zelená úsporám;google;;;;3;D-NZU | nová zelená úsporám 2026
kdy bude spuštěna nová zelená úsporám;google;;;;3;D-NZU | nová zelená úsporám 2026
nová zelená úsporám aktuality;google;;;;3;D-NZU | nová zelená úsporám 2026
nová zelená úsporám banky;google;;;;3;D-NZU | nová zelená úsporám 2026
nová zelená úsporám ekomobilita;google;;;;3;D-NZU | nová zelená úsporám 2026
nová zelená úsporám jihočeský kraj;google;;;;3;D-NZU | nová zelená úsporám 2026
nová zelená úsporám klimatizace;google;;;;3;D-NZU | nová zelená úsporám 2026
nová zelená úsporám mžp;google;;;;3;D-NZU | nová zelená úsporám 2026
nová zelená úsporám novinky;google;;;;3;D-NZU | nová zelená úsporám 2026
nová zelená úsporám oficiální web;google;;;;3;D-NZU | nová zelená úsporám 2026
nová zelená úsporám okna;google;;;;3;D-NZU | nová zelená úsporám 2026
nová zelená úsporám programu housenerg modernizačního fondu;google;;;;3;D-NZU | nová zelená úsporám 2026
nová zelená úsporám rekreační objekt;google;;;;3;D-NZU | nová zelená úsporám 2026
nová zelená úsporám termíny;google;;;;3;D-NZU | nová zelená úsporám 2026
nová zelená úsporám udržitelnost;google;;;;3;D-NZU | nová zelená úsporám 2026
nová zelená úsporám výměna kotle;google;;;;3;D-NZU | nová zelená úsporám 2026
nová zelená úsporám zpráva o instalaci;google;;;;3;D-NZU | nová zelená úsporám 2026
nová zelená úsporám čerpání;google;;;;3;D-NZU | nová zelená úsporám 2026
projekt nová zelená úsporám;google;;;;3;D-NZU | nová zelená úsporám 2026
jak podat žádost nová zelená úsporám;google;;;;4;D-NZU | nová zelená úsporám 2026
mžp dotace nová zelená úsporám;seznam;5;3;2.35;;D-NZU | nová zelená úsporám 2026
nová zelená úsporám anglicky;google;;;;4;D-NZU | nová zelená úsporám 2026
nová zelená úsporám doba udržitelnosti;google;;;;4;D-NZU | nová zelená úsporám 2026
nová zelená úsporám dokumenty;google;;;;5;D-NZU | nová zelená úsporám 2026
nová zelená úsporám doložení realizace;google;;;;4;D-NZU | nová zelená úsporám 2026
nová zelená úsporám dotace na kotel;google;;;;5;D-NZU | nová zelená úsporám 2026
nová zelená úsporám dotace na okna;google;;;;4;D-NZU | nová zelená úsporám 2026
nová zelená úsporám formuláře;google;;;;5;D-NZU | nová zelená úsporám 2026
nová zelená úsporám jak na to;google;;;;5;D-NZU | nová zelená úsporám 2026
nová zelená úsporám je zpět;google;;;;4;D-NZU | nová zelená úsporám 2026
nová zelená úsporám konec;google;;;;4;D-NZU | nová zelená úsporám 2026
nová zelená úsporám kotel;google;;;;5;D-NZU | nová zelená úsporám 2026
nová zelená úsporám ministerstvo;google;;;;4;D-NZU | nová zelená úsporám 2026
nová zelená úsporám moravskoslezský kraj;google;;;;5;D-NZU | nová zelená úsporám 2026
nová zelená úsporám nzú standard;google;;;;5;D-NZU | nová zelená úsporám 2026
nová zelená úsporám ohřev vody;google;;;;4;D-NZU | nová zelená úsporám 2026
nová zelená úsporám pro bytové domy;google;;;;5;D-NZU | nová zelená úsporám 2026
nová zelená úsporám přihlášení;google;;;;4;D-NZU | nová zelená úsporám 2026
nová zelená úsporám rodinné domy;google;;;;4;D-NZU | nová zelená úsporám 2026
nová zelená úsporám se změní oznámil ministr macinka;google;;;;4;D-NZU | nová zelená úsporám 2026
nová zelená úsporám svt;google;;;;5;D-NZU | nová zelená úsporám 2026
nová zelená úsporám telefon;google;;;;5;D-NZU | nová zelená úsporám 2026
nová zelená úsporám trvalý pobyt;google;;;;4;D-NZU | nová zelená úsporám 2026
nová zelená úsporám venkovní žaluzie;google;;;;4;D-NZU | nová zelená úsporám 2026
nová zelená úsporám vzorník barev;google;;;;5;D-NZU | nová zelená úsporám 2026
nová zelená úsporám výše dotace;google;;;;4;D-NZU | nová zelená úsporám 2026
nová zelená úsporám změny;google;;;;4;D-NZU | nová zelená úsporám 2026
nová zelená úsporám závěrečná zpráva;google;;;;5;D-NZU | nová zelená úsporám 2026
nová zelená úsporám česká spořitelna;google;;;;5;D-NZU | nová zelená úsporám 2026
projektanti nová zelená úsporám;google;;;;4;D-NZU | nová zelená úsporám 2026
zateplení střechy nová zelená úsporám;google;;;;4;D-NZU | nová zelená úsporám 2026
alokace nová zelená úsporám;google;;;;7;D-NZU | nová zelená úsporám 2026
nová zelená úsporám babiš;google;;;;8;D-NZU | nová zelená úsporám 2026
nová zelená úsporám barva fasády;google;;;;6;D-NZU | nová zelená úsporám 2026
nová zelená úsporám bude pokračovat;google;;;;9;D-NZU | nová zelená úsporám 2026
nová zelená úsporám bytové domy 2025;google;;;;7;D-NZU | nová zelená úsporám 2026
nová zelená úsporám dokument k účtu;google;;;;6;D-NZU | nová zelená úsporám 2026
nová zelená úsporám důchodci;google;;;;8;D-NZU | nová zelená úsporám 2026
nová zelená úsporám kdo má nárok;google;;;;6;D-NZU | nová zelená úsporám 2026
nová zelená úsporám kdy končí;google;;;;9;D-NZU | nová zelená úsporám 2026
nová zelená úsporám kdy se spustí;google;;;;8;D-NZU | nová zelená úsporám 2026
nová zelená úsporám kompenzace;google;;;;6;D-NZU | nová zelená úsporám 2026
nová zelená úsporám kondenzační kotel;google;;;;10;D-NZU | nová zelená úsporám 2026
nová zelená úsporám novostavba 2025;google;;;;8;D-NZU | nová zelená úsporám 2026
nová zelená úsporám nízkopříjmové domácnosti;google;;;;9;D-NZU | nová zelená úsporám 2026
nová zelená úsporám oblast b;google;;;;7;D-NZU | nová zelená úsporám 2026
nová zelená úsporám opravdu po babičce;google;;;;6;D-NZU | nová zelená úsporám 2026
nová zelená úsporám poradce;seznam;3;1;4.422;;D-NZU | nová zelená úsporám 2026
nová zelená úsporám pro novostavby;google;;;;9;D-NZU | nová zelená úsporám 2026
nová zelená úsporám raiffeisenbank;google;;;;8;D-NZU | nová zelená úsporám 2026
nová zelená úsporám rekonstrukce;google;;;;7;D-NZU | nová zelená úsporám 2026
nová zelená úsporám seznam specialistů;google;;;;6;D-NZU | nová zelená úsporám 2026
nová zelená úsporám seznam výrobků;google;;;;10;D-NZU | nová zelená úsporám 2026
nová zelená úsporám standard 2025;google;;;;8;D-NZU | nová zelená úsporám 2026
nová zelená úsporám standard oblast b novostavba;google;;;;7;D-NZU | nová zelená úsporám 2026
nová zelená úsporám standardní;google;;;;9;D-NZU | nová zelená úsporám 2026
nová zelená úsporám stínící technika;google;;;;10;D-NZU | nová zelená úsporám 2026
nová zelená úsporám vláda;google;;;;8;D-NZU | nová zelená úsporám 2026
nová zelená úsporám vyplacení dotace;google;;;;6;D-NZU | nová zelená úsporám 2026
nová zelená úsporám výměna plynového kotle;google;;;;9;D-NZU | nová zelená úsporám 2026
nová zelená úsporám zastavení;google;;;;10;D-NZU | nová zelená úsporám 2026
nová zelená úsporám zateplení střechy;google;;;;7;D-NZU | nová zelená úsporám 2026
nzu zatepleni strechy;google;;;;9;D-NZU | nová zelená úsporám 2026
seznam bank nová zelená úsporám;seznam;3;2;3.525;;D-NZU | nová zelená úsporám 2026
www nová zelená úsporám;google;;;;6;D-NZU | nová zelená úsporám 2026
nová zelená úsporám 2026;seznam+google;558;422;4.908;1;D-NZU-FVE | dotace na fotovoltaiku 2026
nová zelená úsporám 2026 - podmínky;seznam;81;62;3.736;;D-NZU-FVE | dotace na fotovoltaiku 2026
fotovoltaika dotace;seznam+google;25;16;3.614;1;D-NZU-FVE | dotace na fotovoltaiku 2026
dotace na solární panely 2026;seznam+google;14;12;3.164;2;D-NZU-FVE | dotace na fotovoltaiku 2026
dotace na solární panely ohřev vody v bojleru;seznam;22;13;2.0;;D-NZU-FVE | dotace na fotovoltaiku 2026
solární panely dotace;seznam+google;9;8;3.662;1;D-NZU-FVE | dotace na fotovoltaiku 2026
fotovoltaika dotace 2026;seznam+google;5;5;2.4;1;D-NZU-FVE | dotace na fotovoltaiku 2026
nová zelená úsporám dotace 2026;seznam+google;14;9;2.8;7;D-NZU-FVE | dotace na fotovoltaiku 2026
nová zelená úsporám 2026 pro svj;seznam+google;9;7;4.255;3;D-NZU-FVE | dotace na fotovoltaiku 2026
nová zelená úsporám v roce 2026;seznam+google;7;6;2.75;2;D-NZU-FVE | dotace na fotovoltaiku 2026
innogy fotovoltaika ceník bez dotace;seznam;14;11;3.425;;D-NZU-FVE | dotace na fotovoltaiku 2026
bateriové úložiště dotace;google;;;;1;D-NZU-FVE | dotace na fotovoltaiku 2026
dotace fotovoltaika a tepelné čerpadlo;google;;;;1;D-NZU-FVE | dotace na fotovoltaiku 2026
dotace fotovoltaika důchodci;google;;;;1;D-NZU-FVE | dotace na fotovoltaiku 2026
dotace fotovoltaika firmy 2026;google;;;;1;D-NZU-FVE | dotace na fotovoltaiku 2026
dotace fotovoltaika ohřev vody;google;;;;1;D-NZU-FVE | dotace na fotovoltaiku 2026
dotace fotovoltaika rodinný dům;google;;;;1;D-NZU-FVE | dotace na fotovoltaiku 2026
dotace solární panely 2026;google;;;;1;D-NZU-FVE | dotace na fotovoltaiku 2026
eon fotovoltaika dotace;google;;;;1;D-NZU-FVE | dotace na fotovoltaiku 2026
fotovoltaická elektrárna dotace;google;;;;1;D-NZU-FVE | dotace na fotovoltaiku 2026
fotovoltaika a dotace;google;;;;1;D-NZU-FVE | dotace na fotovoltaiku 2026
fotovoltaika bez dotace;google;;;;1;D-NZU-FVE | dotace na fotovoltaiku 2026
fotovoltaika bez dotace cena;google;;;;1;D-NZU-FVE | dotace na fotovoltaiku 2026
fotovoltaika bytový dům dotace;google;;;;1;D-NZU-FVE | dotace na fotovoltaiku 2026
fotovoltaika dotace firmy;google;;;;1;D-NZU-FVE | dotace na fotovoltaiku 2026
fotovoltaika dotace novostavba;google;;;;1;D-NZU-FVE | dotace na fotovoltaiku 2026
fotovoltaika dotace pro firmy;google;;;;1;D-NZU-FVE | dotace na fotovoltaiku 2026
fotovoltaika na rodinný dům dotace;google;;;;1;D-NZU-FVE | dotace na fotovoltaiku 2026
fotovoltaika ohřev vody dotace;google;;;;1;D-NZU-FVE | dotace na fotovoltaiku 2026
fotovoltaika pro firmy dotace 2026;google;;;;1;D-NZU-FVE | dotace na fotovoltaiku 2026
fotovoltaika svj dotace;google;;;;1;D-NZU-FVE | dotace na fotovoltaiku 2026
nová zelená úsporám 2026 novinky;seznam;12;4;5.459;;D-NZU-FVE | dotace na fotovoltaiku 2026
nová zelená úsporám fotovoltaika;google;;;;1;D-NZU-FVE | dotace na fotovoltaiku 2026
nová zelená úsporám jak podat žádost;google;;;;1;D-NZU-FVE | dotace na fotovoltaiku 2026
nová zelená úsporám podmínky;google;;;;1;D-NZU-FVE | dotace na fotovoltaiku 2026
nová zelená úsporám tepelné čerpadlo;google;;;;1;D-NZU-FVE | dotace na fotovoltaiku 2026
nová zelená úsporám žádost;google;;;;1;D-NZU-FVE | dotace na fotovoltaiku 2026
solární elektrárna dotace;google;;;;1;D-NZU-FVE | dotace na fotovoltaiku 2026
tepelné čerpadlo fotovoltaika dotace;google;;;;1;D-NZU-FVE | dotace na fotovoltaiku 2026
čez fotovoltaika dotace;google;;;;1;D-NZU-FVE | dotace na fotovoltaiku 2026
dotace fotovoltaika 2026 pro firmy;google;;;;2;D-NZU-FVE | dotace na fotovoltaiku 2026
dotace fotovoltaika bytové domy;google;;;;2;D-NZU-FVE | dotace na fotovoltaiku 2026
fotovoltaické elektrárny dotace;seznam;9;6;0.29;;D-NZU-FVE | dotace na fotovoltaiku 2026
fotovoltaika cena bez dotacie;google;;;;2;D-NZU-FVE | dotace na fotovoltaiku 2026
fotovoltaika dotace 2025;google;;;;2;D-NZU-FVE | dotace na fotovoltaiku 2026
fotovoltaika dotace podmínky;google;;;;2;D-NZU-FVE | dotace na fotovoltaiku 2026
fotovoltaika na dotace;google;;;;2;D-NZU-FVE | dotace na fotovoltaiku 2026
fotovoltaika pro firmy dotace;google;;;;2;D-NZU-FVE | dotace na fotovoltaiku 2026
fotovoltaika pro firmy dotace 2025;google;;;;2;D-NZU-FVE | dotace na fotovoltaiku 2026
nová zelená úsporám 2026 firmy;google;;;;2;D-NZU-FVE | dotace na fotovoltaiku 2026
nová zelená úsporám 2026 kalkulačka;google;;;;2;D-NZU-FVE | dotace na fotovoltaiku 2026
nová zelená úsporám 2026 podmínky;google;;;;2;D-NZU-FVE | dotace na fotovoltaiku 2026
nová zelená úsporám 2026 recenze;google;;;;2;D-NZU-FVE | dotace na fotovoltaiku 2026
nová zelená úsporám 2026 svj;google;;;;2;D-NZU-FVE | dotace na fotovoltaiku 2026
nová zelená úsporám fotovoltaika podmínky;google;;;;2;D-NZU-FVE | dotace na fotovoltaiku 2026
nová zelená úsporám fve;google;;;;2;D-NZU-FVE | dotace na fotovoltaiku 2026
nová zelená úsporám oprav dům po babičce 2026;google;;;;2;D-NZU-FVE | dotace na fotovoltaiku 2026
nová zelená úsporám podmínky 2026;google;;;;2;D-NZU-FVE | dotace na fotovoltaiku 2026
nová zelená úsporám změny 2026;google;;;;2;D-NZU-FVE | dotace na fotovoltaiku 2026
nová zelená úsporám žádost o dotaci;google;;;;2;D-NZU-FVE | dotace na fotovoltaiku 2026
solarni panely dotace 2026;google;;;;2;D-NZU-FVE | dotace na fotovoltaiku 2026
solární elektrárna bez dotace;google;;;;2;D-NZU-FVE | dotace na fotovoltaiku 2026
dotace fotovoltaika 2025 podmínky;google;;;;3;D-NZU-FVE | dotace na fotovoltaiku 2026
dotace fotovoltaika 2026;google;;;;3;D-NZU-FVE | dotace na fotovoltaiku 2026
dotace fotovoltaika novostavba 2025;google;;;;3;D-NZU-FVE | dotace na fotovoltaiku 2026
fotovoltaika bojler dotace;google;;;;3;D-NZU-FVE | dotace na fotovoltaiku 2026
nová zelená úsporám 2026 novostavby;google;;;;3;D-NZU-FVE | dotace na fotovoltaiku 2026
nová zelená úsporám dotace na fotovoltaiku;google;;;;3;D-NZU-FVE | dotace na fotovoltaiku 2026
nová zelená úsporám fotovoltaika 2025;google;;;;3;D-NZU-FVE | dotace na fotovoltaiku 2026
nová zelená úsporám podmínky 2024;google;;;;3;D-NZU-FVE | dotace na fotovoltaiku 2026
nová zelená úsporám pro svj 2026;seznam;7;5;2.8;;D-NZU-FVE | dotace na fotovoltaiku 2026
solarni panely dotace 2025;google;;;;3;D-NZU-FVE | dotace na fotovoltaiku 2026
vyplatí se fotovoltaika bez dotace;google;;;;3;D-NZU-FVE | dotace na fotovoltaiku 2026
dotace fotovoltaika pro firmy 2025;google;;;;5;D-NZU-FVE | dotace na fotovoltaiku 2026
dotace fotovoltaika pro firmy 2026;google;;;;4;D-NZU-FVE | dotace na fotovoltaiku 2026
dotace na solární panely;seznam;5;5;3.339;;D-NZU-FVE | dotace na fotovoltaiku 2026
dotace na tepelné čerpadlo a fotovoltaika;google;;;;5;D-NZU-FVE | dotace na fotovoltaiku 2026
dotace nzu fotovoltaika;google;;;;4;D-NZU-FVE | dotace na fotovoltaiku 2026
fotovoltaická elektrárna 10 kwp cena bez dotace;google;;;;5;D-NZU-FVE | dotace na fotovoltaiku 2026
nová zelená úsporám 2026 fotovoltaika;google;;;;4;D-NZU-FVE | dotace na fotovoltaiku 2026
nová zelená úsporám 2026 kdy bude;google;;;;4;D-NZU-FVE | dotace na fotovoltaiku 2026
nová zelená úsporám bytové domy 2026;google;;;;5;D-NZU-FVE | dotace na fotovoltaiku 2026
nová zelená úsporám podat žádost;google;;;;5;D-NZU-FVE | dotace na fotovoltaiku 2026
nová zelená úsporám podmínky 2025;google;;;;4;D-NZU-FVE | dotace na fotovoltaiku 2026
nová zelená úsporám podmínky dotace;google;;;;5;D-NZU-FVE | dotace na fotovoltaiku 2026
nová zelená úsporám příjem žádostí;google;;;;4;D-NZU-FVE | dotace na fotovoltaiku 2026
solarni panely dotace podminky;google;;;;4;D-NZU-FVE | dotace na fotovoltaiku 2026
solární panely na střechu dotace;google;;;;5;D-NZU-FVE | dotace na fotovoltaiku 2026
nová zelená úsporám dotace 2026 na kotle;seznam;4;3;3.7;;D-NZU-FVE | dotace na fotovoltaiku 2026
dotace fotovoltaika firmy;google;;;;7;D-NZU-FVE | dotace na fotovoltaiku 2026
dotace fotovoltaika pro podnikatele;google;;;;6;D-NZU-FVE | dotace na fotovoltaiku 2026
dotace solární panely 2025;google;;;;9;D-NZU-FVE | dotace na fotovoltaiku 2026
dotacia fotovoltaika 2026;google;;;;10;D-NZU-FVE | dotace na fotovoltaiku 2026
dotacie fotovoltaika 2026;google;;;;9;D-NZU-FVE | dotace na fotovoltaiku 2026
fotovoltaika s dotací;seznam;3;3;3.002;;D-NZU-FVE | dotace na fotovoltaiku 2026
fotovoltaika zelená úsporám;google;;;;9;D-NZU-FVE | dotace na fotovoltaiku 2026
kolik je dotace na solarni panely;google;;;;8;D-NZU-FVE | dotace na fotovoltaiku 2026
kolik stojí fotovoltaika bez dotace;google;;;;9;D-NZU-FVE | dotace na fotovoltaiku 2026
ministerstvo životního prostředí nová zelená úsporám 2026;google;;;;10;D-NZU-FVE | dotace na fotovoltaiku 2026
nová zelená úsporám 2025 tepelné čerpadlo;google;;;;8;D-NZU-FVE | dotace na fotovoltaiku 2026
nová zelená úsporám 2026 fve;google;;;;8;D-NZU-FVE | dotace na fotovoltaiku 2026
nová zelená úsporám 2026 rekuperace;google;;;;10;D-NZU-FVE | dotace na fotovoltaiku 2026
nová zelená úsporám 2026 tepelné čerpadlo;google;;;;6;D-NZU-FVE | dotace na fotovoltaiku 2026
nová zelená úsporám 2026 žádost;google;;;;6;D-NZU-FVE | dotace na fotovoltaiku 2026
nová zelená úsporám 2027;google;;;;7;D-NZU-FVE | dotace na fotovoltaiku 2026
nová zelená úsporám dotace na tepelné čerpadlo;google;;;;6;D-NZU-FVE | dotace na fotovoltaiku 2026
nová zelená úsporám fve 2025;google;;;;6;D-NZU-FVE | dotace na fotovoltaiku 2026
nová zelená úsporám novostavba 2026;google;;;;7;D-NZU-FVE | dotace na fotovoltaiku 2026
nová zelená úsporám nové podmínky;google;;;;6;D-NZU-FVE | dotace na fotovoltaiku 2026
nová zelená úsporám pozastavuje příjem žádostí;google;;;;7;D-NZU-FVE | dotace na fotovoltaiku 2026
nová zelená úsporám pro bytové domy 2026;google;;;;7;D-NZU-FVE | dotace na fotovoltaiku 2026
nová zelená úsporám rok 2026;google;;;;6;D-NZU-FVE | dotace na fotovoltaiku 2026
program nová zelená úsporám dočasně uzavírá příjem žádostí;google;;;;6;D-NZU-FVE | dotace na fotovoltaiku 2026
solarni panely na dum dotace;google;;;;6;D-NZU-FVE | dotace na fotovoltaiku 2026
solární elektrárna na rd bez dotací cena;seznam;3;1;3.245;;D-NZU-FVE | dotace na fotovoltaiku 2026
solární panely na ohřev vody dotace;google;;;;7;D-NZU-FVE | dotace na fotovoltaiku 2026
zelená úsporám fotovoltaika 2026;google;;;;8;D-NZU-FVE | dotace na fotovoltaiku 2026
dotace na střechu;seznam+google;36;25;4.303;1;D-STR | dotace na střechu
eternitová střecha likvidace;seznam+google;37;20;3.217;2;D-STR | dotace na střechu
rekonstrukce eternitové střechy;seznam+google;19;7;3.958;2;D-STR | dotace na střechu
azbestová střecha;seznam+google;15;13;3.17;1;D-STR | dotace na střechu
dotace na zateplení střechy 2026;seznam;27;20;2.0;;D-STR | dotace na střechu
oprava eternitové střechy;seznam+google;14;7;2.4;2;D-STR | dotace na střechu
dotace na novou střechu senior;seznam;20;15;3.475;;D-STR | dotace na střechu
dotace na střechu rodinného domu;seznam+google;13;10;0.325;3;D-STR | dotace na střechu
výměna eternitové střechy dotace;seznam+google;5;4;2.8;1;D-STR | dotace na střechu
výměna střešní krytiny dotace;seznam+google;4;4;2.8;1;D-STR | dotace na střechu
jak vypadá eternitová střecha;seznam+google;6;5;2.325;2;D-STR | dotace na střechu
střešní krytina eternit;seznam+google;3;3;2.4;1;D-STR | dotace na střechu
výměna eternitové střechy;seznam+google;3;3;3.264;1;D-STR | dotace na střechu
dotace na střechu seniorů 2026;seznam;14;8;0;;D-STR | dotace na střechu
eternitová střecha nová pravidla 2026;seznam;14;6;2.4;;D-STR | dotace na střechu
dotace na zateplení střechy;seznam;13;10;3.861;;D-STR | dotace na střechu
výměna střešní krytiny s dotací;seznam;13;8;4.76;;D-STR | dotace na střechu
azbestová střecha likvidace cena;google;;;;1;D-STR | dotace na střechu
eternitová střecha;seznam+google;0;0;0.27;1;D-STR | dotace na střechu
eternitová střecha cena;google;;;;1;D-STR | dotace na střechu
fotovoltaika na eternitovou střechu;google;;;;1;D-STR | dotace na střechu
nová střecha dotace;google;;;;1;D-STR | dotace na střechu
nová střecha na eternit;google;;;;1;D-STR | dotace na střechu
oprava strechy dotace;google;;;;1;D-STR | dotace na střechu
oprava střechy eternit;google;;;;1;D-STR | dotace na střechu
rekonstrukce střechy dotace;google;;;;1;D-STR | dotace na střechu
rekonstrukce střechy dotace 2025;google;;;;1;D-STR | dotace na střechu
rekonstrukce střechy eternit;google;;;;1;D-STR | dotace na střechu
strecha dotace;google;;;;1;D-STR | dotace na střechu
vymena strechy eternit;google;;;;1;D-STR | dotace na střechu
vymena strechy z eternitu;google;;;;1;D-STR | dotace na střechu
výměna střechy dotace;google;;;;1;D-STR | dotace na střechu
výměna střešní krytiny eternit;google;;;;1;D-STR | dotace na střechu
zateplení eternitové střechy;google;;;;1;D-STR | dotace na střechu
zateplení střechy dotace;google;;;;1;D-STR | dotace na střechu
zateplení střechy dotace 2025;google;;;;1;D-STR | dotace na střechu
zateplení střechy dotace 2026;google;;;;1;D-STR | dotace na střechu
azbestová střecha likvidace;google;;;;2;D-STR | dotace na střechu
dotace na střechu 2026;google;;;;2;D-STR | dotace na střechu
dotace střecha 2025;google;;;;2;D-STR | dotace na střechu
eternitová střecha likvidace cena;google;;;;2;D-STR | dotace na střechu
eternitová střecha životnost;google;;;;2;D-STR | dotace na střechu
fotovoltaika na eternit;google;;;;2;D-STR | dotace na střechu
kolik stoji vymena eternitove strechy;google;;;;2;D-STR | dotace na střechu
plechova strecha na eternit;google;;;;2;D-STR | dotace na střechu
střešní krytina eternit ceník;google;;;;2;D-STR | dotace na střechu
vymena strechy dotacia;google;;;;2;D-STR | dotace na střechu
výměna azbestové střechy;google;;;;2;D-STR | dotace na střechu
výměna eternitové střechy cena;google;;;;2;D-STR | dotace na střechu
výměna eternitové střechy povolení;google;;;;2;D-STR | dotace na střechu
eternitu strecha likvidace cena;google;;;;3;D-STR | dotace na střechu
jak dlouho vydrží eternitová střecha;google;;;;3;D-STR | dotace na střechu
jak vypadá azbestová střecha;google;;;;3;D-STR | dotace na střechu
oprava eternitové střechy bez demontáže cena;google;;;;3;D-STR | dotace na střechu
vymena azbestovej strechy;google;;;;3;D-STR | dotace na střechu
střešní krytina náhrada za eternit;seznam;6;5;2.2;;D-STR | dotace na střechu
střešní krytina s azbestem;seznam+google;3;2;4.666;9;D-STR | dotace na střechu
azbestová střecha dotace;google;;;;5;D-STR | dotace na střechu
dotace na střechu 2025;google;;;;4;D-STR | dotace na střechu
dotace na střechu s azbestem;google;;;;5;D-STR | dotace na střechu
dotace na zelenou střechu;seznam;5;3;2.2;;D-STR | dotace na střechu
eternitová střecha dotace;google;;;;4;D-STR | dotace na střechu
eternitová střecha oprava;google;;;;5;D-STR | dotace na střechu
oprava azbestove strechy;google;;;;5;D-STR | dotace na střechu
oprava eternitové strechy lepenkou;google;;;;5;D-STR | dotace na střechu
oprava strechy dotacia;google;;;;5;D-STR | dotace na střechu
střešní krytina místo eternitu;google;;;;4;D-STR | dotace na střechu
střešní krytina z azbestu a cementu;google;;;;5;D-STR | dotace na střechu
zateplení rovné střechy dotace;google;;;;4;D-STR | dotace na střechu
dotace na střechu a zateplení;google;;;;7;D-STR | dotace na střechu
dotace na střechu bytového domu;google;;;;6;D-STR | dotace na střechu
dotace na střechu domu;google;;;;9;D-STR | dotace na střechu
dotace na střechu podmínky;google;;;;8;D-STR | dotace na střechu
dotace na střechu svj;google;;;;10;D-STR | dotace na střechu
dotace na zateplení střechy bytového domu;google;;;;10;D-STR | dotace na střechu
dotace nová střecha domu;seznam;3;3;2.8;;D-STR | dotace na střechu
eternitová střecha azbest;google;;;;9;D-STR | dotace na střechu
eternitová střecha nebezpečí;google;;;;6;D-STR | dotace na střechu
eternitová střecha renovace;google;;;;10;D-STR | dotace na střechu
hřebenáče eternit;google;;;;10;D-STR | dotace na střechu
oprava azbestové střechy oznámení;seznam;3;1;4.457;;D-STR | dotace na střechu
oprava eternitovej strechy;google;;;;6;D-STR | dotace na střechu
oprava eternitovej strechy bez demontáže;google;;;;7;D-STR | dotace na střechu
oprava střechy z eternitu;google;;;;6;D-STR | dotace na střechu
prefa vs eternit;google;;;;7;D-STR | dotace na střechu
solární panely na eternitovou střechu;google;;;;9;D-STR | dotace na střechu
strecha na dotace;google;;;;7;D-STR | dotace na střechu
střešní krytina azbest;google;;;;7;D-STR | dotace na střechu
střešní krytina vlnitý eternit;google;;;;8;D-STR | dotace na střechu
výměna eternitové střechy a povolení;seznam;3;3;2.4;;D-STR | dotace na střechu
zatepleni strechy s dotaci;google;;;;8;D-STR | dotace na střechu
nzú spouští bezúročné úvěry;seznam;910;811;3.059;;D-UVER | bezúročný úvěr nová zelená úsporám
bezúročné půjčky nová zelená úsporám 2026;seznam;20;15;2.35;;D-UVER | bezúročný úvěr nová zelená úsporám
nová zelená úsporám bezúročný úvěr;seznam+google;8;8;3.35;1;D-UVER | bezúročný úvěr nová zelená úsporám
nová zelená úsporám 2026 banky bezúročný úvěr;seznam;14;10;3.25;;D-UVER | bezúročný úvěr nová zelená úsporám
bezúročný úvěr 2026;google;;;;1;D-UVER | bezúročný úvěr nová zelená úsporám
bezúročný úvěr dotace;google;;;;1;D-UVER | bezúročný úvěr nová zelená úsporám
bezúročný úvěr kalkulačka;google;;;;1;D-UVER | bezúročný úvěr nová zelená úsporám
bezúročný úvěr nová zelená úsporám;google;;;;1;D-UVER | bezúročný úvěr nová zelená úsporám
bezúročný úvěr nzú;google;;;;1;D-UVER | bezúročný úvěr nová zelená úsporám
bezúročný úvěr pro svj a bytová družstva;google;;;;1;D-UVER | bezúročný úvěr nová zelená úsporám
může být úvěr bezúročný;google;;;;1;D-UVER | bezúročný úvěr nová zelená úsporám
nová zelená úsporám úvěr;google;;;;1;D-UVER | bezúročný úvěr nová zelená úsporám
nzú úvěr;google;;;;1;D-UVER | bezúročný úvěr nová zelená úsporám
nzú 2026 nabízí úvěry a dotace;seznam;10;9;1.4;;D-UVER | bezúročný úvěr nová zelená úsporám
bezúročný úvěr pro svj;google;;;;2;D-UVER | bezúročný úvěr nová zelená úsporám
nová zelená úsporám bezúročná půjčka;google;;;;2;D-UVER | bezúročný úvěr nová zelená úsporám
nová zelená úsporám uver;google;;;;2;D-UVER | bezúročný úvěr nová zelená úsporám
nzú bezúročný úvěr;google;;;;2;D-UVER | bezúročný úvěr nová zelená úsporám
dotace nzú bezúročný úvěr;seznam;8;6;2.0;;D-UVER | bezúročný úvěr nová zelená úsporám
nová zelená úsporám bezúročné úvěry;seznam;8;4;4.735;;D-UVER | bezúročný úvěr nová zelená úsporám
nová zelená úsporám zvýhodněný úvěr;google;;;;3;D-UVER | bezúročný úvěr nová zelená úsporám
nová zelená úsporám 2026 bezurocny uver;google;;;;5;D-UVER | bezúročný úvěr nová zelená úsporám
nová zelená úsporám podmínky úvěru;google;;;;4;D-UVER | bezúročný úvěr nová zelená úsporám
vyplatí se fotovoltaika na úvěr;google;;;;5;D-UVER | bezúročný úvěr nová zelená úsporám
bezúročný úvěr zelená úsporám kalkulačka;seznam;4;2;3.747;;D-UVER | bezúročný úvěr nová zelená úsporám
fotovoltaika bezurocna pujcka;google;;;;6;D-UVER | bezúročný úvěr nová zelená úsporám
fotovoltaika uver;google;;;;9;D-UVER | bezúročný úvěr nová zelená úsporám
zateplení půdy dotace;seznam+google;11;7;3.414;3;D-ZATEPL | dotace na zateplení střechy / podkroví
zateplení půdy dotace 2026;google;;;;8;D-ZATEPL | dotace na zateplení střechy / podkroví
eon fotovoltaika pro firmy;google;;;;1;F-FIRMY | fotovoltaika pro firmy
fotovoltaika 100 kwp;google;;;;1;F-FIRMY | fotovoltaika pro firmy
fotovoltaika 50 kwp cena;google;;;;1;F-FIRMY | fotovoltaika pro firmy
fotovoltaika firma;google;;;;1;F-FIRMY | fotovoltaika pro firmy
fotovoltaika firmy;google;;;;1;F-FIRMY | fotovoltaika pro firmy
fotovoltaika firmy recenze;google;;;;1;F-FIRMY | fotovoltaika pro firmy
fotovoltaika montazne firmy;google;;;;1;F-FIRMY | fotovoltaika pro firmy
fotovoltaika nejlepší firmy;google;;;;1;F-FIRMY | fotovoltaika pro firmy
fotovoltaika pro firmy;seznam+google;0;0;2.6;1;F-FIRMY | fotovoltaika pro firmy
fotovoltaika pro firmy do 50 kwp;google;;;;1;F-FIRMY | fotovoltaika pro firmy
rewatt sro fotovoltaika pro firmy i domácnosti solární elektrárny na míru;google;;;;1;F-FIRMY | fotovoltaika pro firmy
solarni panely firma;google;;;;1;F-FIRMY | fotovoltaika pro firmy
solární panely firmy;google;;;;1;F-FIRMY | fotovoltaika pro firmy
čez fotovoltaika pro firmy;google;;;;1;F-FIRMY | fotovoltaika pro firmy
fotovoltaika pre firmy;google;;;;2;F-FIRMY | fotovoltaika pro firmy
solární panely pro firmy;google;;;;2;F-FIRMY | fotovoltaika pro firmy
fotovoltaika firmy recenzie;google;;;;3;F-FIRMY | fotovoltaika pro firmy
fotovoltaika školení;google;;;;3;F-FIRMY | fotovoltaika pro firmy
fotovoltaika 50kwp;google;;;;9;F-FIRMY | fotovoltaika pro firmy
fotovoltaika na škole;google;;;;9;F-FIRMY | fotovoltaika pro firmy
fotovoltaika pre školy;google;;;;10;F-FIRMY | fotovoltaika pro firmy
solární panely skládací;google;;;;7;F-FIRMY | fotovoltaika pro firmy
solární panely výprodej skladu;seznam;3;1;3.2;;F-FIRMY | fotovoltaika pro firmy
fotovoltaika beroun;google;;;;1;L-FVE | fotovoltaika Slaný
fotovoltaika firmy praha;google;;;;1;L-FVE | fotovoltaika Slaný
fotovoltaika kladno;google;;;;1;L-FVE | fotovoltaika Slaný
fotovoltaika louny;google;;;;1;L-FVE | fotovoltaika Slaný
fotovoltaika mělník;google;;;;1;L-FVE | fotovoltaika Slaný
fotovoltaika praha;google;;;;1;L-FVE | fotovoltaika Slaný
fotovoltaika rakovník;google;;;;1;L-FVE | fotovoltaika Slaný
fotovoltaika slaný;google;;;;1;L-FVE | fotovoltaika Slaný
fotovoltaika středočeský kraj;google;;;;1;L-FVE | fotovoltaika Slaný
solarni panely praha;google;;;;1;L-FVE | fotovoltaika Slaný
solární elektrárna slaný;google;;;;1;L-FVE | fotovoltaika Slaný
solární panely kladno;google;;;;1;L-FVE | fotovoltaika Slaný
bateriové úložiště kladno;seznam;10;2;3.324;;L-FVE | fotovoltaika Slaný
prace fotovoltaika praha;google;;;;2;L-FVE | fotovoltaika Slaný
solární panely kralupy nad;seznam;6;2;2.4;;L-FVE | fotovoltaika Slaný
solární panely praha;seznam;4;4;4.652;;L-FVE | fotovoltaika Slaný
pokrývači praha;seznam+google;30;21;0.26;9;L-STR | pokrývač Kladno
střechy kladno;seznam;22;17;0.333;;L-STR | pokrývač Kladno
klempíři praha západ;seznam;21;10;0;;L-STR | pokrývač Kladno
klempíř praha;seznam+google;7;5;1.8;1;L-STR | pokrývač Kladno
pokrývač mělník;seznam+google;7;3;3.615;1;L-STR | pokrývač Kladno
tesař rakovník;seznam+google;5;4;0.294;1;L-STR | pokrývač Kladno
klempíř kladno;seznam+google;4;3;0.222;1;L-STR | pokrývač Kladno
klempíř praha východ;seznam+google;4;4;0;1;L-STR | pokrývač Kladno
klempíři praha 4;seznam;16;9;0.249;;L-STR | pokrývač Kladno
pokrývači kladno;seznam;16;8;0.199;;L-STR | pokrývač Kladno
střechy praha západ;seznam;16;6;0.287;;L-STR | pokrývač Kladno
klempíř louny;seznam+google;3;2;0.301;1;L-STR | pokrývač Kladno
klempíř slaný;seznam+google;3;3;1.8;1;L-STR | pokrývač Kladno
pokrývač beroun;seznam+google;3;3;1.8;1;L-STR | pokrývač Kladno
pokrývač praha;seznam+google;3;3;1.8;1;L-STR | pokrývač Kladno
oprava střechy praha 4;seznam;14;2;4.333;;L-STR | pokrývač Kladno
pokrývačství praha 4;seznam;13;3;3.017;;L-STR | pokrývač Kladno
klempíř beroun;google;;;;1;L-STR | pokrývač Kladno
klempíř brandýs nad labem;google;;;;1;L-STR | pokrývač Kladno
klempíř kralupy nad vltavou;google;;;;1;L-STR | pokrývač Kladno
klempíř mělník;google;;;;1;L-STR | pokrývač Kladno
klempíř neratovice;google;;;;1;L-STR | pokrývač Kladno
klempíř nové strašecí;google;;;;1;L-STR | pokrývač Kladno
klempíř praha západ;google;;;;1;L-STR | pokrývač Kladno
klempíř rakovník;google;;;;1;L-STR | pokrývač Kladno
klempíř roztoky;google;;;;1;L-STR | pokrývač Kladno
klempíř středočeský kraj;google;;;;1;L-STR | pokrývač Kladno
klempíř unhošť;google;;;;1;L-STR | pokrývač Kladno
klempíř žatec;google;;;;1;L-STR | pokrývač Kladno
oprava střechy kladno;google;;;;1;L-STR | pokrývač Kladno
oprava střechy praha;google;;;;1;L-STR | pokrývač Kladno
pokrývač kladno;google;;;;1;L-STR | pokrývač Kladno
pokrývač louny;google;;;;1;L-STR | pokrývač Kladno
pokrývač neratovice;google;;;;1;L-STR | pokrývač Kladno
pokrývač praha západ;google;;;;1;L-STR | pokrývač Kladno
pokrývač rakovník;google;;;;1;L-STR | pokrývač Kladno
pokrývači mělník;seznam;12;7;2.829;;L-STR | pokrývač Kladno
pokrývačství slaný;google;;;;1;L-STR | pokrývač Kladno
pokrývačství žatec;google;;;;1;L-STR | pokrývač Kladno
rekonstrukce střechy praha;google;;;;1;L-STR | pokrývač Kladno
střecha praha;google;;;;1;L-STR | pokrývač Kladno
střešní krytina kladno;google;;;;1;L-STR | pokrývač Kladno
střešní krytina slaný;google;;;;1;L-STR | pokrývač Kladno
tesař beroun;google;;;;1;L-STR | pokrývač Kladno
tesař kladno;google;;;;1;L-STR | pokrývač Kladno
tesař louny;google;;;;1;L-STR | pokrývač Kladno
tesař mělník;google;;;;1;L-STR | pokrývač Kladno
tesař praha;google;;;;1;L-STR | pokrývač Kladno
tesař žatec;google;;;;1;L-STR | pokrývač Kladno
zateplení střechy kladno;google;;;;1;L-STR | pokrývač Kladno
zateplení střechy praha;google;;;;1;L-STR | pokrývač Kladno
klempíři kladno;seznam;11;4;0.242;;L-STR | pokrývač Kladno
oprava střech praha 8;seznam;11;2;0.286;;L-STR | pokrývač Kladno
pokrývači praha západ;seznam;11;8;0.319;;L-STR | pokrývač Kladno
střechy rakovník;seznam;11;6;0.323;;L-STR | pokrývač Kladno
střechy beroun;seznam;10;6;0.346;;L-STR | pokrývač Kladno
jiri tesar kladno;google;;;;2;L-STR | pokrývač Kladno
klempíř praha 5;google;;;;2;L-STR | pokrývač Kladno
oprava střechy praha 10;seznam;9;6;2.4;;L-STR | pokrývač Kladno
oto klempíř roztoky;google;;;;2;L-STR | pokrývač Kladno
strecha praha menu;google;;;;2;L-STR | pokrývač Kladno
střechy na klíč praha;google;;;;2;L-STR | pokrývač Kladno
taška betonová základní barevná s povrchovou úpravou;google;;;;2;L-STR | pokrývač Kladno
tesar louny doktor;google;;;;2;L-STR | pokrývač Kladno
zateplení střechy pěnou praha;google;;;;2;L-STR | pokrývač Kladno
klempíř a pokrývač brandýs;seznam;8;2;2.743;;L-STR | pokrývač Kladno
klempíř praha 9;seznam+google;5;2;3.421;8;L-STR | pokrývač Kladno
pokrývači beroun;seznam;8;8;0.204;;L-STR | pokrývač Kladno
střechy praha, s.r.o. (praha, lhotka);seznam;8;8;0;;L-STR | pokrývač Kladno
klempíř praha 10;google;;;;3;L-STR | pokrývač Kladno
klempíři praha 10;seznam;7;5;0.219;;L-STR | pokrývač Kladno
klempíři rakovník;seznam;7;5;0.318;;L-STR | pokrývač Kladno
oprava střech praha;seznam;7;3;0.331;;L-STR | pokrývač Kladno
oprava střechy ve středočeském kraji;seznam;7;5;4.373;;L-STR | pokrývač Kladno
pokrývač praha 6;google;;;;3;L-STR | pokrývač Kladno
pokrývači slaný a okolí;seznam;7;3;0.327;;L-STR | pokrývač Kladno
střecha lucerna praha;seznam;7;5;2.818;;L-STR | pokrývač Kladno
střecha praha 1;google;;;;3;L-STR | pokrývač Kladno
střechy na klíč stredocesky kraj;google;;;;3;L-STR | pokrývač Kladno
tesař praha 10;google;;;;3;L-STR | pokrývač Kladno
tesaři kladno;seznam;7;3;0.295;;L-STR | pokrývač Kladno
klempíř brandýs nad labem stará;seznam;6;3;0;;L-STR | pokrývač Kladno
klempíři kladno rozdělov;seznam;6;5;0.277;;L-STR | pokrývač Kladno
klempíři mělník;seznam;6;3;0.338;;L-STR | pokrývač Kladno
klempíři praha 9;seznam;6;4;0.178;;L-STR | pokrývač Kladno
rekonstrukce střech praha 10;seznam;6;6;0.32;;L-STR | pokrývač Kladno
střechy velvary;seznam;6;5;0.341;;L-STR | pokrývač Kladno
zámek postoloprty - oprava střechy;seznam;6;2;3.111;;L-STR | pokrývač Kladno
jan tesař praha;google;;;;5;L-STR | pokrývač Kladno
jiří tesař louny;google;;;;4;L-STR | pokrývač Kladno
klempíř praha 4;google;;;;5;L-STR | pokrývač Kladno
oprava střech kladno;seznam;5;4;0.231;;L-STR | pokrývač Kladno
pokryvac praha 4;google;;;;5;L-STR | pokrývač Kladno
pokrývač praha 9;google;;;;4;L-STR | pokrývač Kladno
strecha praha vegan;google;;;;5;L-STR | pokrývač Kladno
střecha praha 1 recenze;google;;;;4;L-STR | pokrývač Kladno
střechy mělník;seznam;5;4;0.297;;L-STR | pokrývač Kladno
tesař a truhlář rakovník;seznam;5;1;3.168;;L-STR | pokrývač Kladno
klempíř a pokrývač nové strašecí;seznam;4;1;3.187;;L-STR | pokrývač Kladno
opravy střech beroun;seznam;4;2;0;;L-STR | pokrývač Kladno
pokrývač kralupy nad vltavou;seznam;4;3;0.227;;L-STR | pokrývač Kladno
pokrývač praha 21;seznam;4;1;3.108;;L-STR | pokrývač Kladno
pokrývači brandýs nad labem;seznam;4;1;0;;L-STR | pokrývač Kladno
pokrývači praha 4;seznam;4;2;0.318;;L-STR | pokrývač Kladno
pokrývači praha východ;seznam;4;4;0.262;;L-STR | pokrývač Kladno
pokrývači rakovník;seznam;4;3;0;;L-STR | pokrývač Kladno
stavební firmy kladno střešní krytina;seznam;4;1;2.647;;L-STR | pokrývač Kladno
střechy praha;seznam;4;3;0.285;;L-STR | pokrývač Kladno
kavarna strecha praha;google;;;;10;L-STR | pokrývač Kladno
klempíř praha 6;google;;;;6;L-STR | pokrývač Kladno
klempíř praha 8;google;;;;9;L-STR | pokrývač Kladno
klempíři berounsko aktuálně;seznam;3;2;0;;L-STR | pokrývač Kladno
pan docent klempíř kateřinská 20 praha 2;seznam;3;2;2.109;;L-STR | pokrývač Kladno
plechové střechy kladno;seznam;3;1;0.204;;L-STR | pokrývač Kladno
pokrývač cz pokrývači praha;google;;;;6;L-STR | pokrývač Kladno
pokrývači louny;seznam;3;3;0.268;;L-STR | pokrývač Kladno
praha strecha radost;google;;;;6;L-STR | pokrývač Kladno
pur izolace podkroví praha;google;;;;10;L-STR | pokrývač Kladno
rekonstrukce střech praha východ;seznam;3;2;0.219;;L-STR | pokrývač Kladno
rekvalifikace tesař praha;google;;;;6;L-STR | pokrývač Kladno
strecha bar praha;google;;;;8;L-STR | pokrývač Kladno
strecha lucerny praha;google;;;;7;L-STR | pokrývač Kladno
střechy louny;seznam;3;3;0.199;;L-STR | pokrývač Kladno
taška bobrovka režná základní kulatý řez;google;;;;6;L-STR | pokrývač Kladno
tesař krovy praha a okolí;seznam;3;2;3.308;;L-STR | pokrývač Kladno
tesaři praha západ;seznam;3;1;0.32;;L-STR | pokrývač Kladno
edc sdílení elektřiny;seznam;189;161;4.403;;S-SDILENI | sdílení elektřiny
sdílení elektřiny;seznam+google;90;63;3.64;1;S-SDILENI | sdílení elektřiny
sdílení elektřiny z fotovoltaiky;seznam+google;56;43;3.244;2;S-SDILENI | sdílení elektřiny
sdílení elektřiny edc;seznam+google;13;12;4.559;1;S-SDILENI | sdílení elektřiny
sdílení elektřiny jak na to;seznam+google;16;12;2.2;2;S-SDILENI | sdílení elektřiny
sdílení elektřiny čez;seznam+google;12;10;3.675;1;S-SDILENI | sdílení elektřiny
jak funguje sdílení elektřiny;seznam+google;10;7;3.408;1;S-SDILENI | sdílení elektřiny
energetické společenství;seznam+google;8;6;0.267;1;S-SDILENI | sdílení elektřiny
sdílení elektřiny registrace;seznam+google;4;4;2.4;1;S-SDILENI | sdílení elektřiny
sdílení elektřiny registrace edc;seznam+google;6;4;2.4;2;S-SDILENI | sdílení elektřiny
jak na sdílení elektřiny;seznam+google;5;3;2.0;2;S-SDILENI | sdílení elektřiny
co je sdílení elektřiny;google;;;;1;S-SDILENI | sdílení elektřiny
fotovoltaika sdílení elektřiny;google;;;;1;S-SDILENI | sdílení elektřiny
kalkulačka sdílení elektřiny;google;;;;1;S-SDILENI | sdílení elektřiny
kolik se platí za sdílení elektřiny;google;;;;1;S-SDILENI | sdílení elektřiny
kolik stojí sdílení elektřiny;google;;;;1;S-SDILENI | sdílení elektřiny
loxone sdílení elektřiny;google;;;;1;S-SDILENI | sdílení elektřiny
nabídka sdílení elektřiny;google;;;;1;S-SDILENI | sdílení elektřiny
sdileni elektriny eg d;google;;;;1;S-SDILENI | sdílení elektřiny
sdílení elektřiny a virtuální baterie;google;;;;1;S-SDILENI | sdílení elektřiny
sdílení elektřiny alokační klíč;google;;;;1;S-SDILENI | sdílení elektřiny
sdílení elektřiny bytový dům;google;;;;1;S-SDILENI | sdílení elektřiny
sdílení elektřiny cena;google;;;;1;S-SDILENI | sdílení elektřiny
sdílení elektřiny diskuze;google;;;;1;S-SDILENI | sdílení elektřiny
sdílení elektřiny distribuční poplatky;google;;;;1;S-SDILENI | sdílení elektřiny
sdílení elektřiny dph;google;;;;1;S-SDILENI | sdílení elektřiny
sdílení elektřiny firmy;google;;;;1;S-SDILENI | sdílení elektřiny
sdílení elektřiny fve;google;;;;1;S-SDILENI | sdílení elektřiny
sdílení elektřiny innogy;google;;;;1;S-SDILENI | sdílení elektřiny
sdílení elektřiny jak funguje;google;;;;1;S-SDILENI | sdílení elektřiny
sdílení elektřiny jak to funguje;google;;;;1;S-SDILENI | sdílení elektřiny
sdílení elektřiny mezi odběrnými místy;google;;;;1;S-SDILENI | sdílení elektřiny
sdílení elektřiny mnd;google;;;;1;S-SDILENI | sdílení elektřiny
sdílení elektřiny nabídka;google;;;;1;S-SDILENI | sdílení elektřiny
sdílení elektřiny podmínky;google;;;;1;S-SDILENI | sdílení elektřiny
sdílení elektřiny poplatky;google;;;;1;S-SDILENI | sdílení elektřiny
sdílení elektřiny svj;google;;;;1;S-SDILENI | sdílení elektřiny
sdílení elektřiny sám sobě;google;;;;1;S-SDILENI | sdílení elektřiny
sdílení elektřiny v bytovém domě;google;;;;1;S-SDILENI | sdílení elektřiny
sdílení elektřiny z fve;google;;;;1;S-SDILENI | sdílení elektřiny
sdílení elektřiny zkušenosti;google;;;;1;S-SDILENI | sdílení elektřiny
vyplatí se sdílení elektřiny;google;;;;1;S-SDILENI | sdílení elektřiny
řízení sdílení elektřiny;google;;;;1;S-SDILENI | sdílení elektřiny
co obnáší sdílení elektřiny;google;;;;2;S-SDILENI | sdílení elektřiny
energetické společenství frenštát pod radhoštěm z.s;google;;;;2;S-SDILENI | sdílení elektřiny
sdileni elektriny cez;google;;;;2;S-SDILENI | sdílení elektřiny
sdílení elektřiny a komplexní ozelenění se typicky kombinuje s;google;;;;2;S-SDILENI | sdílení elektřiny
sdílení elektřiny aktivní zákazník;google;;;;2;S-SDILENI | sdílení elektřiny
sdílení elektřiny cena distribuce;google;;;;2;S-SDILENI | sdílení elektřiny
sdílení elektřiny e on;google;;;;2;S-SDILENI | sdílení elektřiny
sdílení elektřiny eon;google;;;;2;S-SDILENI | sdílení elektřiny
sdílení elektřiny fakturace;google;;;;2;S-SDILENI | sdílení elektřiny
sdílení elektřiny postup;google;;;;2;S-SDILENI | sdílení elektřiny
sdílení elektřiny se sousedem;google;;;;2;S-SDILENI | sdílení elektřiny
sdílení elektřiny výměna elektroměru;google;;;;2;S-SDILENI | sdílení elektřiny
sdílení elektřiny čez distribuce;google;;;;2;S-SDILENI | sdílení elektřiny
jak postupovat při sdílení elektřiny;seznam+google;4;1;2.15;7;S-SDILENI | sdílení elektřiny
jak zařídit sdílení elektřiny;google;;;;3;S-SDILENI | sdílení elektřiny
komunitní sdílení elektřiny;google;;;;3;S-SDILENI | sdílení elektřiny
možnosti sdílení elektřiny;google;;;;3;S-SDILENI | sdílení elektřiny
nabízím sdílení elektřiny;google;;;;3;S-SDILENI | sdílení elektřiny
sdílení elektřiny centropol;google;;;;3;S-SDILENI | sdílení elektřiny
sdílení elektřiny egd;google;;;;3;S-SDILENI | sdílení elektřiny
sdílení elektřiny jak postupovat;google;;;;3;S-SDILENI | sdílení elektřiny
sdílení elektřiny pre;google;;;;3;S-SDILENI | sdílení elektřiny
sdílení elektřiny různí dodavatelé;google;;;;3;S-SDILENI | sdílení elektřiny
sdílení elektřiny společenství;google;;;;3;S-SDILENI | sdílení elektřiny
sdílení elektřiny vyúčtování;google;;;;3;S-SDILENI | sdílení elektřiny
sdílení elektřiny z baterie;google;;;;3;S-SDILENI | sdílení elektřiny
sdílení elektřiny z fve cena;google;;;;3;S-SDILENI | sdílení elektřiny
sdílení elektřiny z fve čez;google;;;;3;S-SDILENI | sdílení elektřiny
tedom sdílení elektřiny;google;;;;3;S-SDILENI | sdílení elektřiny
energetické společenství orp beroun z.s;google;;;;4;S-SDILENI | sdílení elektřiny
formuláře pro sdílení elektřiny;seznam;5;3;2.0;;S-SDILENI | sdílení elektřiny
jak nastavit sdílení elektřiny;google;;;;5;S-SDILENI | sdílení elektřiny
jak probíhá sdílení elektřiny;google;;;;4;S-SDILENI | sdílení elektřiny
ote sdílení elektřiny;google;;;;4;S-SDILENI | sdílení elektřiny
sdílení elektřiny alokace;google;;;;4;S-SDILENI | sdílení elektřiny
sdílení elektřiny datové centrum;google;;;;4;S-SDILENI | sdílení elektřiny
sdílení elektřiny elektroměr;google;;;;5;S-SDILENI | sdílení elektřiny
sdílení elektřiny portál;google;;;;4;S-SDILENI | sdílení elektřiny
sdílení elektřiny smlouva;google;;;;4;S-SDILENI | sdílení elektřiny
žádost o sdílení elektřiny;seznam;5;3;3.044;;S-SDILENI | sdílení elektřiny
žádost o sdílení elektřiny čez;google;;;;4;S-SDILENI | sdílení elektřiny
elektroměrový rozvaděč pro sdílení elektřiny;seznam;4;1;2.1;;S-SDILENI | sdílení elektřiny
energetické společenství frenštát;seznam;4;2;0.296;;S-SDILENI | sdílení elektřiny
portál sdílení elektřiny;seznam;4;2;2.4;;S-SDILENI | sdílení elektřiny
sdílení elektřiny z fotovoltaiky čez;seznam;4;4;3.772;;S-SDILENI | sdílení elektřiny
sdílení elektřiny z fve postup;seznam;4;4;2.2;;S-SDILENI | sdílení elektřiny
centrum sdílení elektřiny;google;;;;7;S-SDILENI | sdílení elektřiny
chytré sdílení elektřiny;google;;;;8;S-SDILENI | sdílení elektřiny
energetické společenství východních čech;google;;;;6;S-SDILENI | sdílení elektřiny
jak funguje sdílení elektřiny z fve;google;;;;6;S-SDILENI | sdílení elektřiny
jak požádat o sdílení elektřiny;google;;;;8;S-SDILENI | sdílení elektřiny
princip sdílení elektřiny;google;;;;10;S-SDILENI | sdílení elektřiny
sdílení elektřiny a dph;google;;;;6;S-SDILENI | sdílení elektřiny
sdílení elektřiny eru;google;;;;6;S-SDILENI | sdílení elektřiny
sdílení elektřiny ppas;google;;;;7;S-SDILENI | sdílení elektřiny
sdílení elektřiny pravidla;google;;;;6;S-SDILENI | sdílení elektřiny
sdílení elektřiny z fotovoltaiky pro obec;seznam;3;1;3.898;;S-SDILENI | sdílení elektřiny
sdílení elektřiny z fve eon;google;;;;6;S-SDILENI | sdílení elektřiny
skupina sdílení elektřiny;google;;;;6;S-SDILENI | sdílení elektřiny
smlouva o sdílení elektřiny;seznam;3;2;2.6;;S-SDILENI | sdílení elektřiny
smlouva o sdílení elektřiny vzor;google;;;;6;S-SDILENI | sdílení elektřiny
videonávod na sdílení elektřiny;seznam;3;2;2.918;;S-SDILENI | sdílení elektřiny
oprava střechy svj;google;;;;1;S-STRSVJ | oprava střechy bytového domu
oprava strechy bytoveho domu;google;;;;2;S-STRSVJ | oprava střechy bytového domu
rekonstrukce střechy bytového domu;google;;;;2;S-STRSVJ | oprava střechy bytového domu
rekonstrukce střechy panelového domu;google;;;;3;S-STRSVJ | oprava střechy bytového domu
oprava střechy panelového domu;seznam+google;3;1;2.4;7;S-STRSVJ | oprava střechy bytového domu
zateplení střechy bytového domu;google;;;;5;S-STRSVJ | oprava střechy bytového domu
rekonstrukce střech bytových domů;seznam;3;2;0.252;;S-STRSVJ | oprava střechy bytového domu
zateplení střechy paneláku;seznam;3;2;2.4;;S-STRSVJ | oprava střechy bytového domu
fotovoltaika na panelovém domě;google;;;;1;S-SVJ | fotovoltaika pro bytový dům
fotovoltaika panelak;google;;;;1;S-SVJ | fotovoltaika pro bytový dům
fotovoltaika panelový dům;google;;;;1;S-SVJ | fotovoltaika pro bytový dům
fotovoltaika pro svj;google;;;;1;S-SVJ | fotovoltaika pro bytový dům
fotovoltaika svj;google;;;;1;S-SVJ | fotovoltaika pro bytový dům
solární panely pro svj;google;;;;1;S-SVJ | fotovoltaika pro bytový dům
svj a fotovoltaika;google;;;;1;S-SVJ | fotovoltaika pro bytový dům
fotovoltaika na panelový dům;google;;;;2;S-SVJ | fotovoltaika pro bytový dům
fotovoltaika na paneláku;google;;;;2;S-SVJ | fotovoltaika pro bytový dům
fotovoltaika na střeše paneláku;google;;;;2;S-SVJ | fotovoltaika pro bytový dům
fotovoltaika v paneláku;google;;;;3;S-SVJ | fotovoltaika pro bytový dům
fotovoltaika do paneláku;google;;;;4;S-SVJ | fotovoltaika pro bytový dům
fotovoltaika pro bytové domy svj;seznam;5;3;2.15;;S-SVJ | fotovoltaika pro bytový dům
hlasování svj fotovoltaika;google;;;;4;S-SVJ | fotovoltaika pro bytový dům
bramac tašky;seznam+google;79;64;2.612;3;T-BETON | betonová taška
betonová taška;seznam+google;31;20;3.674;1;T-BETON | betonová taška
střešní krytina bramac;seznam+google;36;21;4.01;3;T-BETON | betonová taška
bramac en 490;seznam+google;35;24;2.757;6;T-BETON | betonová taška
bramac max;seznam+google;32;27;2.914;5;T-BETON | betonová taška
bramac tegalit;seznam+google;32;27;2.696;4;T-BETON | betonová taška
bramac classic;seznam+google;26;21;2.582;2;T-BETON | betonová taška
betonová taška bramac;seznam+google;18;13;3.267;1;T-BETON | betonová taška
lehká betonová taška;seznam+google;12;7;3.508;1;T-BETON | betonová taška
střešní krytina km beta;seznam+google;19;16;4.939;4;T-BETON | betonová taška
bramac chrudim;seznam;21;12;2.803;;T-BETON | betonová taška
odlehčená betonová taška;seznam+google;6;4;3.561;1;T-BETON | betonová taška
betonová střešní taška;seznam+google;4;3;3.863;1;T-BETON | betonová taška
betonové tašky na střechu;seznam;16;10;0;;T-BETON | betonová taška
betonová taška km beta;seznam+google;3;3;3.2;1;T-BETON | betonová taška
nejlevnější betonová střešní krytina;seznam+google;9;6;2.0;5;T-BETON | betonová taška
betonova taska dek;google;;;;1;T-BETON | betonová taška
betonova taska plocha;google;;;;1;T-BETON | betonová taška
betonova taska vaha;google;;;;1;T-BETON | betonová taška
betonova taska zivotnost;google;;;;1;T-BETON | betonová taška
betonová taška akce;google;;;;1;T-BETON | betonová taška
betonová taška antracit;google;;;;1;T-BETON | betonová taška
betonová taška cena m2;google;;;;1;T-BETON | betonová taška
betonová taška hmotnost;google;;;;1;T-BETON | betonová taška
betonová taška minimální sklon;google;;;;1;T-BETON | betonová taška
betonová taška na střechu;google;;;;1;T-BETON | betonová taška
betonová taška rozměry;google;;;;1;T-BETON | betonová taška
betonová taška s glazurou;google;;;;1;T-BETON | betonová taška
betonová taška terran;google;;;;1;T-BETON | betonová taška
betonová taška červená;google;;;;1;T-BETON | betonová taška
betonová taška šedá;google;;;;1;T-BETON | betonová taška
betonová taška životnost;google;;;;1;T-BETON | betonová taška
bramac;seznam+google;0;0;3.968;1;T-BETON | betonová taška
bramac cena;google;;;;1;T-BETON | betonová taška
bramac solar;google;;;;1;T-BETON | betonová taška
jak dlouho vydrží betonová taška;google;;;;1;T-BETON | betonová taška
kolik stojí betonová taška;google;;;;1;T-BETON | betonová taška
kolik váží betonová taška;google;;;;1;T-BETON | betonová taška
nejlepší betonová taška;google;;;;1;T-BETON | betonová taška
střecha bramac cena;google;;;;1;T-BETON | betonová taška
střešní krytina bramac ceník;seznam;12;9;2.2;;T-BETON | betonová taška
taška km beta montáž střecha;seznam;10;7;1.875;;T-BETON | betonová taška
betonova taska seda;google;;;;2;T-BETON | betonová taška
betonová střešní taška cena;google;;;;2;T-BETON | betonová taška
betonová taška bramac classic;google;;;;2;T-BETON | betonová taška
betonová taška cena;google;;;;2;T-BETON | betonová taška
betonová taška duna;google;;;;2;T-BETON | betonová taška
betonová taška hc;google;;;;2;T-BETON | betonová taška
betonová taška rovná;google;;;;2;T-BETON | betonová taška
betonová taška černá;google;;;;2;T-BETON | betonová taška
bramac cena za m2;google;;;;2;T-BETON | betonová taška
bramac max 7;seznam;9;7;2.631;;T-BETON | betonová taška
bramac solardach;google;;;;2;T-BETON | betonová taška
lehčená betonová taška;google;;;;2;T-BETON | betonová taška
střešní krytina vláknocementová;google;;;;2;T-BETON | betonová taška
betonova taska cerna;google;;;;3;T-BETON | betonová taška
betonová střešní taška bramac;google;;;;3;T-BETON | betonová taška
betonová taška betonpres;google;;;;3;T-BETON | betonová taška
betonová taška bramac max;google;;;;3;T-BETON | betonová taška
betonová taška cena za m2;google;;;;3;T-BETON | betonová taška
betonová taška horizont;google;;;;3;T-BETON | betonová taška
betonová taška sklon;google;;;;3;T-BETON | betonová taška
betonová taška tegalit;google;;;;3;T-BETON | betonová taška
kolik váží betonová střešní taška;google;;;;3;T-BETON | betonová taška
nejlevnější betonová taška;google;;;;3;T-BETON | betonová taška
taška bramac cena;google;;;;3;T-BETON | betonová taška
betonová taška planoton 11;seznam;6;1;2.4;;T-BETON | betonová taška
betonova taska strecha;google;;;;4;T-BETON | betonová taška
betonová taška besk;google;;;;4;T-BETON | betonová taška
betonová taška bramac cena;google;;;;4;T-BETON | betonová taška
betonová taška bramac tegalit;google;;;;4;T-BETON | betonová taška
betonová taška hladká;google;;;;4;T-BETON | betonová taška
betonová taška hmotnost m2;google;;;;4;T-BETON | betonová taška
bramac classic cena;google;;;;5;T-BETON | betonová taška
bramac max cena;google;;;;4;T-BETON | betonová taška
bramac solarziegel;google;;;;5;T-BETON | betonová taška
nejlehčí betonová taška;google;;;;4;T-BETON | betonová taška
bramac milevsko;seznam;4;1;2.718;;T-BETON | betonová taška
střešní betonová taška;seznam;4;3;2.918;;T-BETON | betonová taška
červenohnědá betonová taška bramac en490;seznam;4;3;2.6;;T-BETON | betonová taška
betonova strecha cena;google;;;;6;T-BETON | betonová taška
betonová taška bazar;google;;;;7;T-BETON | betonová taška
bramac 490 cena;google;;;;7;T-BETON | betonová taška
bramac classic protector plus;google;;;;7;T-BETON | betonová taška
bramac moravská taška;google;;;;10;T-BETON | betonová taška
bramac protector plus;google;;;;8;T-BETON | betonová taška
bramac solaranlage;google;;;;8;T-BETON | betonová taška
bramac solardurchgang;google;;;;7;T-BETON | betonová taška
bramac solardurchgang uni;google;;;;6;T-BETON | betonová taška
bramac solarhalter;google;;;;9;T-BETON | betonová taška
bramac solarkollektor;google;;;;10;T-BETON | betonová taška
bramac tegalit cena;google;;;;6;T-BETON | betonová taška
bramac tegalit cena m2;google;;;;9;T-BETON | betonová taška
bramac tegalit star;google;;;;9;T-BETON | betonová taška
bramac turmalin cena;google;;;;10;T-BETON | betonová taška
bramac wakaflex cena;google;;;;8;T-BETON | betonová taška
difuzní fólie km beta;seznam;3;1;0;;T-BETON | betonová taška
filko betonová střešní krytina recenze;google;;;;6;T-BETON | betonová taška
km beta betonová taška;seznam;3;2;3.934;;T-BETON | betonová taška
minimální sklon střechy bramac;google;;;;10;T-BETON | betonová taška
minimální sklon střechy pro tašky bramac;google;;;;6;T-BETON | betonová taška
stará betonová taška;google;;;;9;T-BETON | betonová taška
střešní krytina betonová;google;;;;6;T-BETON | betonová taška
střešní krytina betonpres;google;;;;7;T-BETON | betonová taška
střešní krytina tegalit;google;;;;9;T-BETON | betonová taška
střešní krytina vláknocementová swisspearl betternit česká šablona černá;google;;;;9;T-BETON | betonová taška
střešní krytina vláknocementová swisspearl betternit česká šablona červená;google;;;;10;T-BETON | betonová taška
střešní taška bramac rapid cena;seznam;3;2;2.21;;T-BETON | betonová taška
klempířské výrobky;seznam;136;87;3.103;;T-FIRMA | pokrývačské práce cena
klempířství;seznam;86;56;3.163;;T-FIRMA | pokrývačské práce cena
klempíř oto;seznam+google;55;42;2.934;4;T-FIRMA | pokrývačské práce cena
ceník pokrývačských prací;seznam;56;31;2.752;;T-FIRMA | pokrývačské práce cena
klempířské práce ceník;seznam;38;15;2.881;;T-FIRMA | pokrývačské práce cena
střechy na klíč;seznam+google;18;9;4.116;1;T-FIRMA | pokrývačské práce cena
pokrývačství;seznam+google;26;12;3.145;7;T-FIRMA | pokrývačské práce cena
pokrývačské práce cena;seznam+google;15;9;2.4;1;T-FIRMA | pokrývačské práce cena
pokrývačský kartáč;seznam+google;16;11;2.686;4;T-FIRMA | pokrývačské práce cena
pokrývač roudnice nad labem;seznam;16;10;2.417;;T-FIRMA | pokrývačské práce cena
hledám pokrývače;seznam+google;3;3;0;1;T-FIRMA | pokrývačské práce cena
pokrývač počátky;seznam;15;5;2.644;;T-FIRMA | pokrývačské práce cena
pokrývač tišnov;seznam;14;6;2.677;;T-FIRMA | pokrývačské práce cena
hledám klempíře;google;;;;1;T-FIRMA | pokrývačské práce cena
kde hrál klempíř;google;;;;1;T-FIRMA | pokrývačské práce cena
klempíř;seznam+google;0;0;3.439;1;T-FIRMA | pokrývačské práce cena
klempíř cena;google;;;;1;T-FIRMA | pokrývačské práce cena
klempíř ceník;google;;;;1;T-FIRMA | pokrývačské práce cena
klempíř co dělá;google;;;;1;T-FIRMA | pokrývačské práce cena
klempíř dotace;google;;;;1;T-FIRMA | pokrývačské práce cena
klempíř roku 2026;google;;;;1;T-FIRMA | pokrývačské práce cena
klempíř vs strakatý;google;;;;1;T-FIRMA | pokrývačské práce cena
klempířství rožnov;seznam;12;3;2.982;;T-FIRMA | pokrývačské práce cena
kolik bere klempíř na hodinu;google;;;;1;T-FIRMA | pokrývačské práce cena
kolik bere pokrývač na hodinu;google;;;;1;T-FIRMA | pokrývačské práce cena
kolik stojí klempířské práce;google;;;;1;T-FIRMA | pokrývačské práce cena
kolik stojí pokrývačské práce;google;;;;1;T-FIRMA | pokrývačské práce cena
pavel tomášek klempíř recenze;google;;;;1;T-FIRMA | pokrývačské práce cena
pokrývač;seznam+google;0;0;2.958;1;T-FIRMA | pokrývačské práce cena
pokrývač cena za hodinu;google;;;;1;T-FIRMA | pokrývačské práce cena
pokrývač co dělá;google;;;;1;T-FIRMA | pokrývačské práce cena
pokrývačská firma;google;;;;1;T-FIRMA | pokrývačské práce cena
pokrývačské firmy;google;;;;1;T-FIRMA | pokrývačské práce cena
poptávka klempířské práce;google;;;;1;T-FIRMA | pokrývačské práce cena
proč vyhodili klempíře z jar;google;;;;1;T-FIRMA | pokrývačské práce cena
střecha firma;google;;;;1;T-FIRMA | pokrývačské práce cena
střecha firmy;google;;;;1;T-FIRMA | pokrývačské práce cena
střecha na klíč;google;;;;1;T-FIRMA | pokrývačské práce cena
střecha nabídka;google;;;;1;T-FIRMA | pokrývačské práce cena
střecha recenze;google;;;;1;T-FIRMA | pokrývačské práce cena
střešní krytina recenze;google;;;;1;T-FIRMA | pokrývačské práce cena
firma radek hejhal pokrývač;seznam;11;2;3.105;;T-FIRMA | pokrývačské práce cena
klempířské práce chocerady a okolí;seznam;11;2;3.03;;T-FIRMA | pokrývačské práce cena
kde bydlí oto klempíř;google;;;;2;T-FIRMA | pokrývačské práce cena
klempíř co to je;google;;;;2;T-FIRMA | pokrývačské práce cena
klempíři davle mníšek pod brdy;seznam;9;2;2.854;;T-FIRMA | pokrývačské práce cena
kolik stojí klempíř;google;;;;2;T-FIRMA | pokrývačské práce cena
kolik stojí pokrývač;google;;;;2;T-FIRMA | pokrývačské práce cena
kolik vydělává klempíř;google;;;;2;T-FIRMA | pokrývačské práce cena
oto klempíř dotace;google;;;;2;T-FIRMA | pokrývačské práce cena
pokrývač co to je;google;;;;2;T-FIRMA | pokrývačské práce cena
pokrývačské práce;google;;;;2;T-FIRMA | pokrývačské práce cena
recenzie firmy strecha radost;google;;;;2;T-FIRMA | pokrývačské práce cena
střecha radost recenze;google;;;;2;T-FIRMA | pokrývačské práce cena
střešní krytina capacco recenze;google;;;;2;T-FIRMA | pokrývačské práce cena
střešní krytina click montážní návod;google;;;;2;T-FIRMA | pokrývačské práce cena
klempíř krnov;seznam;8;5;2.566;;T-FIRMA | pokrývačské práce cena
pokrývač křenovice;seznam;8;3;2.604;;T-FIRMA | pokrývačské práce cena
pokrývači vrutice;seznam;8;2;2.82;;T-FIRMA | pokrývačské práce cena
co je klempířství;google;;;;3;T-FIRMA | pokrývačské práce cena
kde hrál oto klempíř;google;;;;3;T-FIRMA | pokrývačské práce cena
klempir vsenory;google;;;;3;T-FIRMA | pokrývačské práce cena
klempíř osek nad bečvou;seznam;7;2;2.81;;T-FIRMA | pokrývačské práce cena
klempíř strakatý;google;;;;3;T-FIRMA | pokrývačské práce cena
klempíři v havířově;seznam;7;4;2.886;;T-FIRMA | pokrývačské práce cena
kolik vydělává pokrývač;google;;;;3;T-FIRMA | pokrývačské práce cena
pokrývač cena;google;;;;3;T-FIRMA | pokrývačské práce cena
pokrývači kněžmost;seznam;7;2;2.8;;T-FIRMA | pokrývačské práce cena
střecha lucerny recenze;google;;;;3;T-FIRMA | pokrývačské práce cena
střešní krytina terran recenze;google;;;;3;T-FIRMA | pokrývačské práce cena
u klempíře nabídka;google;;;;3;T-FIRMA | pokrývačské práce cena
klempířské práce okolí blovic;seznam;6;2;2.804;;T-FIRMA | pokrývačské práce cena
pokrývač hostinné;seznam;6;5;2.502;;T-FIRMA | pokrývačské práce cena
pokrývač podlah v hk;seznam;6;2;2.829;;T-FIRMA | pokrývačské práce cena
pokrývač seč;seznam;6;4;2.498;;T-FIRMA | pokrývačské práce cena
pokrývači rosice ivančice;seznam;6;1;2.814;;T-FIRMA | pokrývačské práce cena
pokrývačství masečín;seznam;6;2;2.841;;T-FIRMA | pokrývačské práce cena
cestmir vs klempir;google;;;;4;T-FIRMA | pokrývačské práce cena
co jsou klempířské konstrukce;google;;;;5;T-FIRMA | pokrývačské práce cena
co jsou klempířské prvky;google;;;;4;T-FIRMA | pokrývačské práce cena
klempíř frankfurt;google;;;;5;T-FIRMA | pokrývačské práce cena
klempíř novotňák boleradice;seznam;5;1;2.784;;T-FIRMA | pokrývačské práce cena
klempíř turnov;seznam;5;2;2.537;;T-FIRMA | pokrývačské práce cena
kolik si bere klempíř na hodinu;google;;;;5;T-FIRMA | pokrývačské práce cena
kolik si bere pokrývač;google;;;;5;T-FIRMA | pokrývačské práce cena
novotny a klempir;google;;;;5;T-FIRMA | pokrývačské práce cena
oto klempíř kde se narodil;google;;;;4;T-FIRMA | pokrývačské práce cena
pokrývači votice;seznam;5;2;2.739;;T-FIRMA | pokrývačské práce cena
pokrývačské práce ceník;google;;;;5;T-FIRMA | pokrývačské práce cena
strechy na klic pro;google;;;;4;T-FIRMA | pokrývačské práce cena
střecha ytong zkušenosti;google;;;;4;T-FIRMA | pokrývačské práce cena
klempíř sázava;seznam;4;3;2.543;;T-FIRMA | pokrývačské práce cena
pokrývač kramolna;seznam;4;1;2.572;;T-FIRMA | pokrývačské práce cena
pokrývač kříž;seznam;4;1;2.571;;T-FIRMA | pokrývačské práce cena
pokrývač libčice a okolí;seznam;4;1;2.714;;T-FIRMA | pokrývačské práce cena
střechy na klíč pro;seznam;4;2;3.615;;T-FIRMA | pokrývačské práce cena
az strecha recenze;google;;;;7;T-FIRMA | pokrývačské práce cena
co dělá klempíř;seznam;3;3;2.752;;T-FIRMA | pokrývačské práce cena
co dělá stavební klempíř;google;;;;10;T-FIRMA | pokrývačské práce cena
co jsou klempířské práce;google;;;;6;T-FIRMA | pokrývačské práce cena
co pokrývá výživné na dítě;seznam;3;1;0.244;;T-FIRMA | pokrývačské práce cena
co složil oto klempíř;google;;;;9;T-FIRMA | pokrývačské práce cena
co vystudoval oto klempíř;google;;;;8;T-FIRMA | pokrývačské práce cena
firma střechy na klíč;google;;;;7;T-FIRMA | pokrývačské práce cena
jeremiáš střechy na klíč recenze;google;;;;9;T-FIRMA | pokrývačské práce cena
klempíř roudnice;seznam;3;3;2.544;;T-FIRMA | pokrývačské práce cena
klempíř stb;google;;;;7;T-FIRMA | pokrývačské práce cena
klempířské prvky;seznam+google;0;0;3.297;8;T-FIRMA | pokrývačské práce cena
kolik si účtuje pokrývač;google;;;;6;T-FIRMA | pokrývačské práce cena
pokrývač horažďovice;seznam;3;2;2.562;;T-FIRMA | pokrývačské práce cena
pokrývač smržovka;seznam;3;2;2.356;;T-FIRMA | pokrývačské práce cena
pokrývačské boty;google;;;;10;T-FIRMA | pokrývačské práce cena
pokrývačské kladivo;google;;;;6;T-FIRMA | pokrývačské práce cena
pokrývačský výtah půjčovna;google;;;;8;T-FIRMA | pokrývačské práce cena
střecha bratrů recenze;google;;;;10;T-FIRMA | pokrývačské práce cena
střecha budějc recenze;google;;;;9;T-FIRMA | pokrývačské práce cena
střecha ruukki recenze;google;;;;6;T-FIRMA | pokrývačské práce cena
ziva strecha recenze;google;;;;8;T-FIRMA | pokrývačské práce cena
hřebenáče na střechu;seznam+google;52;41;1.941;2;T-HROMOSVOD | hromosvod, komín a doplňky střechy
oprava komínu;seznam+google;42;32;3.886;1;T-HROMOSVOD | hromosvod, komín a doplňky střechy
hřebenáče;seznam+google;23;18;2.869;1;T-HROMOSVOD | hromosvod, komín a doplňky střechy
střešní vikýř;seznam;32;25;2.846;;T-HROMOSVOD | hromosvod, komín a doplňky střechy
betonová komínová hlava;seznam;26;17;3.038;;T-HROMOSVOD | hromosvod, komín a doplňky střechy
hřebenáče tondach;seznam+google;16;11;1.0;3;T-HROMOSVOD | hromosvod, komín a doplňky střechy
oprava zděného komínu;seznam+google;20;13;2.883;8;T-HROMOSVOD | hromosvod, komín a doplňky střechy
komínové hlavy;seznam;22;18;0.302;;T-HROMOSVOD | hromosvod, komín a doplňky střechy
oprava komínu cena;seznam+google;14;12;3.003;3;T-HROMOSVOD | hromosvod, komín a doplňky střechy
hřebenáče na plechové střechy;seznam;18;14;1.0;;T-HROMOSVOD | hromosvod, komín a doplňky střechy
oprava starého komínu;seznam;13;9;2.852;;T-HROMOSVOD | hromosvod, komín a doplňky střechy
vikýře;seznam+google;8;7;2.619;4;T-HROMOSVOD | hromosvod, komín a doplňky střechy
komin oprava;google;;;;1;T-HROMOSVOD | hromosvod, komín a doplňky střechy
komínová hlava;seznam+google;0;0;3.628;1;T-HROMOSVOD | hromosvod, komín a doplňky střechy
vikýř;seznam+google;0;0;3.495;1;T-HROMOSVOD | hromosvod, komín a doplňky střechy
vikýř cena;google;;;;1;T-HROMOSVOD | hromosvod, komín a doplňky střechy
hřebenáč pálená taška;seznam;11;5;2.545;;T-HROMOSVOD | hromosvod, komín a doplňky střechy
hřebenáče bramac;seznam+google;6;5;2.28;5;T-HROMOSVOD | hromosvod, komín a doplňky střechy
hřebenáče pro bonský šindel;seznam;11;8;2.114;;T-HROMOSVOD | hromosvod, komín a doplňky střechy
hřebenáče na střechu pálené;seznam;9;8;1.0;;T-HROMOSVOD | hromosvod, komín a doplňky střechy
komínová hlava betonová;google;;;;2;T-HROMOSVOD | hromosvod, komín a doplňky střechy
komínová hlava z betonu;seznam;9;7;0;;T-HROMOSVOD | hromosvod, komín a doplňky střechy
oprava komínu nad střechou;google;;;;2;T-HROMOSVOD | hromosvod, komín a doplňky střechy
praskly komín oprava;google;;;;2;T-HROMOSVOD | hromosvod, komín a doplňky střechy
pultový vikýř cena;google;;;;2;T-HROMOSVOD | hromosvod, komín a doplňky střechy
zateplení půdy bez parozábrany;google;;;;2;T-HROMOSVOD | hromosvod, komín a doplňky střechy
prostupová taška bobrovka;seznam;8;6;2.914;;T-HROMOSVOD | hromosvod, komín a doplňky střechy
hřebenáče na střechu k taškám;seznam;7;7;1.0;;T-HROMOSVOD | hromosvod, komín a doplňky střechy
komínová hlava schiedel;google;;;;3;T-HROMOSVOD | hromosvod, komín a doplňky střechy
konstrukce vikýře;seznam;7;6;2.231;;T-HROMOSVOD | hromosvod, komín a doplňky střechy
plechova strecha odvetrani;google;;;;3;T-HROMOSVOD | hromosvod, komín a doplňky střechy
stary komin oprava;google;;;;3;T-HROMOSVOD | hromosvod, komín a doplňky střechy
střešní vikýř cena;google;;;;3;T-HROMOSVOD | hromosvod, komín a doplňky střechy
zateplení střechy bez parozábrany;google;;;;3;T-HROMOSVOD | hromosvod, komín a doplňky střechy
střešní krytina hřebenáče;seznam;6;6;2.4;;T-HROMOSVOD | hromosvod, komín a doplňky střechy
co je komínová hlava;google;;;;5;T-HROMOSVOD | hromosvod, komín a doplňky střechy
hřebenáče bazoš;google;;;;4;T-HROMOSVOD | hromosvod, komín a doplňky střechy
komínová hlava nerez;google;;;;4;T-HROMOSVOD | hromosvod, komín a doplňky střechy
oprava komínu perlinkou;google;;;;5;T-HROMOSVOD | hromosvod, komín a doplňky střechy
oprava komínu vysočina;seznam;5;3;1.8;;T-HROMOSVOD | hromosvod, komín a doplňky střechy
plechova strecha komin;google;;;;5;T-HROMOSVOD | hromosvod, komín a doplňky střechy
sedlový vikýř cena;google;;;;4;T-HROMOSVOD | hromosvod, komín a doplňky střechy
vikýř střecha;google;;;;5;T-HROMOSVOD | hromosvod, komín a doplňky střechy
hřebenáče ze šindele;seznam;4;3;1.0;;T-HROMOSVOD | hromosvod, komín a doplňky střechy
komíny oprava;seznam;4;2;0.199;;T-HROMOSVOD | hromosvod, komín a doplňky střechy
rozměry čtvercového střešního vikýře prefa;seznam;4;1;2.693;;T-HROMOSVOD | hromosvod, komín a doplňky střechy
hřebenáče bazar;google;;;;6;T-HROMOSVOD | hromosvod, komín a doplňky střechy
hřebenáče bobrovka;google;;;;8;T-HROMOSVOD | hromosvod, komín a doplňky střechy
hřebenáče km beta;google;;;;7;T-HROMOSVOD | hromosvod, komín a doplňky střechy
hřebenáče na bobrovky;google;;;;9;T-HROMOSVOD | hromosvod, komín a doplňky střechy
lanškroun oprava komínu;seznam;3;3;2.717;;T-HROMOSVOD | hromosvod, komín a doplňky střechy
oprava keramického komínu;google;;;;10;T-HROMOSVOD | hromosvod, komín a doplňky střechy
oprava komínu postup;google;;;;6;T-HROMOSVOD | hromosvod, komín a doplňky střechy
oprava prasklého komínu;google;;;;9;T-HROMOSVOD | hromosvod, komín a doplňky střechy
oprava strechy okolo komina;google;;;;6;T-HROMOSVOD | hromosvod, komín a doplňky střechy
plechova strecha hrebenac;google;;;;6;T-HROMOSVOD | hromosvod, komín a doplňky střechy
sedlová střecha s vikýřem;google;;;;7;T-HROMOSVOD | hromosvod, komín a doplňky střechy
vikýř arkýř;google;;;;9;T-HROMOSVOD | hromosvod, komín a doplňky střechy
vikýř konstrukce;google;;;;8;T-HROMOSVOD | hromosvod, komín a doplňky střechy
vikýř na střeše;google;;;;6;T-HROMOSVOD | hromosvod, komín a doplňky střechy
vikýř pravopis;google;;;;7;T-HROMOSVOD | hromosvod, komín a doplňky střechy
větrací taška bobrovka;seznam;3;3;2.931;;T-HROMOSVOD | hromosvod, komín a doplňky střechy
zateplení šikmé střechy bez parozábrany;google;;;;6;T-HROMOSVOD | hromosvod, komín a doplňky střechy
oprava krovu;seznam+google;7;5;3.178;1;T-KROV | výměna krovu
zateplení střechy nad krokvemi;seznam+google;4;4;2.4;1;T-KROV | výměna krovu
latě střecha;google;;;;1;T-KROV | výměna krovu
nová střecha včetně krovů cena;google;;;;1;T-KROV | výměna krovu
oprava krovů a trámů;seznam;12;7;0;;T-KROV | výměna krovu
rekonstrukce střechy a krovu;google;;;;1;T-KROV | výměna krovu
tesar krov;google;;;;1;T-KROV | výměna krovu
vazníková střecha nebo krov;google;;;;1;T-KROV | výměna krovu
výměna krovu;google;;;;1;T-KROV | výměna krovu
výměna trámu střechy;google;;;;1;T-KROV | výměna krovu
zatepleni mezi krokvemi;google;;;;1;T-KROV | výměna krovu
zateplení střechy mezi krokvemi;google;;;;1;T-KROV | výměna krovu
zateplení šikmé střechy mezi a pod krokvemi;google;;;;1;T-KROV | výměna krovu
kolik stoji nova strecha vcetne krovu;google;;;;2;T-KROV | výměna krovu
krov;seznam+google;0;0;3.135;2;T-KROV | výměna krovu
strecha krovy cena;google;;;;2;T-KROV | výměna krovu
tesar krovopokrivač;google;;;;2;T-KROV | výměna krovu
valbová střecha krov;google;;;;2;T-KROV | výměna krovu
vazníková střecha cena;google;;;;2;T-KROV | výměna krovu
výměna krovu stavební povolení;google;;;;2;T-KROV | výměna krovu
zateplení střechy mezi trámy;seznam;8;6;2.2;;T-KROV | výměna krovu
oprava krovu cena;google;;;;3;T-KROV | výměna krovu
sedlová střecha krov;google;;;;3;T-KROV | výměna krovu
tesar krovec;google;;;;3;T-KROV | výměna krovu
vazníková střecha kalkulačka;google;;;;3;T-KROV | výměna krovu
vymena krovu cena;google;;;;3;T-KROV | výměna krovu
zateplení krovu střechy stříkanou pěnou;seznam;7;4;4.197;;T-KROV | výměna krovu
zateplení mezi a pod krokvemi;google;;;;3;T-KROV | výměna krovu
zateplení šikmé střechy mezi krokve;google;;;;3;T-KROV | výměna krovu
kolik stojí nová střecha s krovy;google;;;;4;T-KROV | výměna krovu
krovy;google;;;;4;T-KROV | výměna krovu
oprava krovu strechy;google;;;;4;T-KROV | výměna krovu
oprava starého krovu;google;;;;5;T-KROV | výměna krovu
tesar in krovec doo;google;;;;5;T-KROV | výměna krovu
trska za krov;google;;;;4;T-KROV | výměna krovu
valbová střecha vazníky;google;;;;5;T-KROV | výměna krovu
vymena krovu bez povoleni;google;;;;5;T-KROV | výměna krovu
výměna krovu u komína;google;;;;4;T-KROV | výměna krovu
zateplení mezi a nad krokvemi;google;;;;4;T-KROV | výměna krovu
zateplení šikmé střechy mezi krokvemi;google;;;;5;T-KROV | výměna krovu
zateplení šikmé střechy nad krokvemi;google;;;;5;T-KROV | výměna krovu
zateplení šikmé střechy pod krokvemi;google;;;;5;T-KROV | výměna krovu
střechy zateplení nad krokvemi;seznam;4;4;0;;T-KROV | výměna krovu
výměna krovu plus nová střecha;seznam;4;1;3.509;;T-KROV | výměna krovu
zateplení mezi krokve;seznam;4;3;0;;T-KROV | výměna krovu
jezdecká kasárna oprava krovu komínů a střešní krytiny;google;;;;7;T-KROV | výměna krovu
kolik stoji nova strecha s krovy;google;;;;7;T-KROV | výměna krovu
kolik stojí nová střecha včetně krovu;google;;;;6;T-KROV | výměna krovu
oprava tramu strechy;google;;;;8;T-KROV | výměna krovu
střešní krytina recyklát;google;;;;8;T-KROV | výměna krovu
vojenská nemocnice oprava krovu komínů a střešní krytiny;google;;;;6;T-KROV | výměna krovu
vymena krovu stavebne povolenie;google;;;;6;T-KROV | výměna krovu
výměna v krovu;google;;;;7;T-KROV | výměna krovu
zateplení vazníkové střechy;google;;;;8;T-KROV | výměna krovu
šikmá střecha s vazníkovou konstrukcí a plechovou krytinou linedek;google;;;;10;T-KROV | výměna krovu
lehká střešní krytina;seznam;87;44;4.476;;T-LEHKA | lehká střešní krytina – kdy ji zvolit
nejlepší lehká střešní krytina;google;;;;2;T-LEHKA | lehká střešní krytina – kdy ji zvolit
lehká střešní krytina na kterou lze šlápnout;seznam;8;3;2.754;;T-LEHKA | lehká střešní krytina – kdy ji zvolit
levná střešní lehká krytina;seznam;5;3;2.8;;T-LEHKA | lehká střešní krytina – kdy ji zvolit
střešní krytina lehká;google;;;;4;T-LEHKA | lehká střešní krytina – kdy ji zvolit
podstřešní fólie;seznam+google;33;23;3.608;3;T-NOVA | skladba střechy nová střecha
střešní krytina fólie;seznam;30;23;4.101;;T-NOVA | skladba střechy nová střecha
nová střecha ceny 2026;seznam;16;10;2.4;;T-NOVA | skladba střechy nová střecha
difuzní folie;google;;;;1;T-NOVA | skladba střechy nová střecha
difúzní fólie tyvek;seznam;12;10;0.282;;T-NOVA | skladba střechy nová střecha
jak dlouho trvá nová střecha;google;;;;1;T-NOVA | skladba střechy nová střecha
nova rovna strecha;google;;;;1;T-NOVA | skladba střechy nová střecha
nova strecha firma;google;;;;1;T-NOVA | skladba střechy nová střecha
nova strecha humenne;google;;;;1;T-NOVA | skladba střechy nová střecha
strečová černá fólie;seznam;12;11;0.308;;T-NOVA | skladba střechy nová střecha
difuzní fólie na střechu;seznam;11;9;3.082;;T-NOVA | skladba střechy nová střecha
cenová nabídka střecha;google;;;;2;T-NOVA | skladba střechy nová střecha
nová střecha sro;google;;;;2;T-NOVA | skladba střechy nová střecha
podstřešní fólie dek;google;;;;2;T-NOVA | skladba střechy nová střecha
pojistná podstřešní fólie;seznam;9;6;2.674;;T-NOVA | skladba střechy nová střecha
šikmá střecha skladba;google;;;;2;T-NOVA | skladba střechy nová střecha
nová střecha na starém domě;seznam;8;8;3.0;;T-NOVA | skladba střechy nová střecha
nova strecha na stary dum;google;;;;3;T-NOVA | skladba střechy nová střecha
z nova strecha humenne;google;;;;3;T-NOVA | skladba střechy nová střecha
difuzní fólie kontaktní;seznam;6;6;3.128;;T-NOVA | skladba střechy nová střecha
difuzní folie bauhaus;google;;;;4;T-NOVA | skladba střechy nová střecha
difúzní fólie dek;google;;;;5;T-NOVA | skladba střechy nová střecha
kašperk nová střecha;seznam;5;2;3.694;;T-NOVA | skladba střechy nová střecha
nova strecha na starou strechu;google;;;;4;T-NOVA | skladba střechy nová střecha
podstřešní fólie montáž;google;;;;5;T-NOVA | skladba střechy nová střecha
střešní krytina folie;google;;;;4;T-NOVA | skladba střechy nová střecha
z nová strecha;google;;;;4;T-NOVA | skladba střechy nová střecha
difuzní fólie dek;seznam;4;4;1.8;;T-NOVA | skladba střechy nová střecha
difúzní fólie na dřevěnou fasádu;seznam;4;4;0;;T-NOVA | skladba střechy nová střecha
difúzní fólie 135 g;google;;;;9;T-NOVA | skladba střechy nová střecha
difúzní fólie do provětrávaných fasád;google;;;;10;T-NOVA | skladba střechy nová střecha
difúzní fólie kontaktní;google;;;;8;T-NOVA | skladba střechy nová střecha
difúzní fólie na střechu;google;;;;6;T-NOVA | skladba střechy nová střecha
difúzní fólie pod tašky;seznam;3;2;0;;T-NOVA | skladba střechy nová střecha
nova strecha na dom;google;;;;7;T-NOVA | skladba střechy nová střecha
nova strecha na splatky;google;;;;8;T-NOVA | skladba střechy nová střecha
novotný střechy na klíč;google;;;;10;T-NOVA | skladba střechy nová střecha
novák střechy kačice;seznam;3;2;0.0;;T-NOVA | skladba střechy nová střecha
nové střechy město nad metují;seznam;3;2;0.312;;T-NOVA | skladba střechy nová střecha
podstřešní fólie bauhaus;google;;;;10;T-NOVA | skladba střechy nová střecha
podstřešní fólie baumax;google;;;;9;T-NOVA | skladba střechy nová střecha
podstřešní fólie eurofol 135;google;;;;7;T-NOVA | skladba střechy nová střecha
podstřešní fólie eurofol 150;google;;;;6;T-NOVA | skladba střechy nová střecha
podstřešní fólie kontaktní;google;;;;8;T-NOVA | skladba střechy nová střecha
střešní krytina folie pvc alkorplan;google;;;;6;T-NOVA | skladba střechy nová střecha
střecha z bb sušenek;seznam;36;17;2.825;;T-OBECNE | šikmá střecha – krytina, údržba a kontrola
střecha německy;seznam;25;15;2.973;;T-OBECNE | šikmá střecha – krytina, údržba a kontrola
šikmá střecha;seznam+google;7;6;0.246;1;T-OBECNE | šikmá střecha – krytina, údržba a kontrola
jak se dělá střecha;seznam+google;6;5;2.806;3;T-OBECNE | šikmá střecha – krytina, údržba a kontrola
co je střecha evropy;google;;;;1;T-OBECNE | šikmá střecha – krytina, údržba a kontrola
modrastrecha poradna;google;;;;1;T-OBECNE | šikmá střecha – krytina, údržba a kontrola
modrá střecha forum;google;;;;1;T-OBECNE | šikmá střecha – krytina, údržba a kontrola
strecha proti slunci;google;;;;1;T-OBECNE | šikmá střecha – krytina, údržba a kontrola
strecha radost akce;google;;;;1;T-OBECNE | šikmá střecha – krytina, údržba a kontrola
střecha levně;google;;;;1;T-OBECNE | šikmá střecha – krytina, údržba a kontrola
střecha na rodinný dům;google;;;;1;T-OBECNE | šikmá střecha – krytina, údržba a kontrola
větrání střechy;google;;;;1;T-OBECNE | šikmá střecha – krytina, údržba a kontrola
co je střecha světa;google;;;;2;T-OBECNE | šikmá střecha – krytina, údržba a kontrola
drn střecha vstup;google;;;;2;T-OBECNE | šikmá střecha – krytina, údržba a kontrola
modrá strecha forum;google;;;;2;T-OBECNE | šikmá střecha – krytina, údržba a kontrola
strecha proti snehu;google;;;;2;T-OBECNE | šikmá střecha – krytina, údržba a kontrola
vankovka strecha akce;google;;;;2;T-OBECNE | šikmá střecha – krytina, údržba a kontrola
co je střecha;google;;;;3;T-OBECNE | šikmá střecha – krytina, údržba a kontrola
strecha proti ptakum;google;;;;3;T-OBECNE | šikmá střecha – krytina, údržba a kontrola
střecha s přesahem nebo bez;google;;;;3;T-OBECNE | šikmá střecha – krytina, údržba a kontrola
větrání dvouplášťové střechy;google;;;;3;T-OBECNE | šikmá střecha – krytina, údržba a kontrola
jak se dělá střecha z bebe sušenek;google;;;;4;T-OBECNE | šikmá střecha – krytina, údržba a kontrola
strecha budejc akce;google;;;;4;T-OBECNE | šikmá střecha – krytina, údržba a kontrola
strecha radost vstup;google;;;;4;T-OBECNE | šikmá střecha – krytina, údržba a kontrola
výpočet větrání střechy;google;;;;4;T-OBECNE | šikmá střecha – krytina, údržba a kontrola
šikmá střecha anglicky;google;;;;5;T-OBECNE | šikmá střecha – krytina, údržba a kontrola
jak vznikla skleněná střecha na kostele v neratově;seznam;4;2;2.835;;T-OBECNE | šikmá střecha – krytina, údržba a kontrola
chci střechu;seznam;3;2;0;;T-OBECNE | šikmá střecha – krytina, údržba a kontrola
co je došková střecha;google;;;;9;T-OBECNE | šikmá střecha – krytina, údržba a kontrola
co je mansardová střecha;google;;;;10;T-OBECNE | šikmá střecha – krytina, údržba a kontrola
jak se jmenuje střecha ze slámy;google;;;;10;T-OBECNE | šikmá střecha – krytina, údržba a kontrola
jak vypadá došková střecha;google;;;;8;T-OBECNE | šikmá střecha – krytina, údržba a kontrola
střecha nad vstupem;google;;;;8;T-OBECNE | šikmá střecha – krytina, údržba a kontrola
střecha nad vstupní dveře;google;;;;7;T-OBECNE | šikmá střecha – krytina, údržba a kontrola
střecha radost vstupenky;google;;;;9;T-OBECNE | šikmá střecha – krytina, údržba a kontrola
vymětal střechy žalkovice;seznam;3;3;0.248;;T-OBECNE | šikmá střecha – krytina, údržba a kontrola
šikmá střecha definice;google;;;;6;T-OBECNE | šikmá střecha – krytina, údržba a kontrola
šikmá střecha detail;google;;;;9;T-OBECNE | šikmá střecha – krytina, údržba a kontrola
šikmá střecha konstrukce;google;;;;7;T-OBECNE | šikmá střecha – krytina, údržba a kontrola
okapy a svody;seznam+google;892;618;3.084;2;T-OKAPY | okapový systém
plastové okapy;seznam;273;174;3.297;;T-OKAPY | okapový systém
okapový systém;seznam+google;76;62;3.918;1;T-OKAPY | okapový systém
sněhové zábrany na plechovou střechu;seznam+google;55;30;3.048;2;T-OKAPY | okapový systém
sněhové zábrany na střechu;seznam+google;47;32;3.538;1;T-OKAPY | okapový systém
okapy pozink;seznam+google;52;34;2.94;9;T-OKAPY | okapový systém
okapový systém prefa;seznam+google;33;13;2.71;6;T-OKAPY | okapový systém
hromosvod cena;seznam+google;17;12;0.273;1;T-OKAPY | okapový systém
hromosvody cena;seznam;28;22;0.312;;T-OKAPY | okapový systém
střešní žlaby;seznam+google;14;11;3.607;1;T-OKAPY | okapový systém
okapový systém kjg;seznam+google;9;7;2.994;2;T-OKAPY | okapový systém
střešní žlaby a svody;seznam;17;14;0.229;;T-OKAPY | okapový systém
lemování komína;seznam+google;3;3;0.187;1;T-OKAPY | okapový systém
okapový systém lindab;seznam+google;10;6;3.071;5;T-OKAPY | okapový systém
sněhové zábrany satjam;seznam+google;9;6;1.8;5;T-OKAPY | okapový systém
okapový systém prefa barvy;seznam;13;1;1.8;;T-OKAPY | okapový systém
prefa žlaby;seznam+google;4;2;3.43;2;T-OKAPY | okapový systém
hromosvod střecha;google;;;;1;T-OKAPY | okapový systém
okapový systém marley;seznam+google;9;7;3.387;7;T-OKAPY | okapový systém
okapy;seznam+google;0;0;3.777;1;T-OKAPY | okapový systém
prefa okapy;seznam+google;5;4;3.154;3;T-OKAPY | okapový systém
plastový okapový systém 75mm;seznam;11;8;2.591;;T-OKAPY | okapový systém
sněhové zábrany bramac taška;seznam;10;9;1.8;;T-OKAPY | okapový systém
sněhové zábrany na falcovanou střechu;seznam+google;5;5;2.99;4;T-OKAPY | okapový systém
sněhové zábrany trubkové satjam;seznam;10;9;1.8;;T-OKAPY | okapový systém
hranaté plastové střešní žlaby;seznam;9;2;2.359;;T-OKAPY | okapový systém
hromosvod cena za metr;google;;;;2;T-OKAPY | okapový systém
plechová střecha a hromosvod;google;;;;2;T-OKAPY | okapový systém
střešní žlaby okapy;google;;;;2;T-OKAPY | okapový systém
hromosvod cena 2025;google;;;;3;T-OKAPY | okapový systém
hromosvod plechová střecha;google;;;;3;T-OKAPY | okapový systém
lemování kolem komína;google;;;;3;T-OKAPY | okapový systém
okapový systém 100 mm;seznam;7;5;1.8;;T-OKAPY | okapový systém
okapový systém plastový;google;;;;3;T-OKAPY | okapový systém
okapy zvíře;google;;;;3;T-OKAPY | okapový systém
plechová střecha hromosvod;google;;;;3;T-OKAPY | okapový systém
prefa žlab patina šedá;seznam;7;5;3.308;;T-OKAPY | okapový systém
střešní žlaby rozměry;google;;;;3;T-OKAPY | okapový systém
okapový systém odbočky do sudu;seznam;6;2;1.8;;T-OKAPY | okapový systém
sněhové zábrany plechová střecha;seznam;6;3;3.817;;T-OKAPY | okapový systém
aktivní hromosvod cena;google;;;;5;T-OKAPY | okapový systém
hromosvod sedlová střecha;google;;;;4;T-OKAPY | okapový systém
hromosvod valbová střecha;google;;;;5;T-OKAPY | okapový systém
lemování komínu gzk;seznam;5;3;0.211;;T-OKAPY | okapový systém
okapový systém satjam;google;;;;4;T-OKAPY | okapový systém
okapy plastové;google;;;;5;T-OKAPY | okapový systém
plechová střecha bez hromosvodu;google;;;;5;T-OKAPY | okapový systém
plechová střecha okapnice;google;;;;5;T-OKAPY | okapový systém
prefa okapový systém;google;;;;5;T-OKAPY | okapový systém
prefa žlab 333;google;;;;5;T-OKAPY | okapový systém
hranatý okapový systém antracit kjg;seznam;4;2;2.943;;T-OKAPY | okapový systém
pozinkované půlkulaté střešní žlaby průměr 150 mm;seznam;4;1;2.672;;T-OKAPY | okapový systém
hromosvod drat cena;google;;;;9;T-OKAPY | okapový systém
hromosvod pultová střecha;google;;;;6;T-OKAPY | okapový systém
hromosvod rovná střecha;google;;;;7;T-OKAPY | okapový systém
hvi hromosvod cena;google;;;;7;T-OKAPY | okapový systém
izolovaný hromosvod cena;google;;;;6;T-OKAPY | okapový systém
okapový systém krop;google;;;;8;T-OKAPY | okapový systém
okapový systém niagara;google;;;;9;T-OKAPY | okapový systém
okapy bauhaus;google;;;;7;T-OKAPY | okapový systém
okapy cena;google;;;;10;T-OKAPY | okapový systém
okapy dek;google;;;;8;T-OKAPY | okapový systém
prefa žlab hranatý;google;;;;7;T-OKAPY | okapový systém
prefa žlabová dilatace;google;;;;8;T-OKAPY | okapový systém
prefa žlabový hák;google;;;;10;T-OKAPY | okapový systém
projekt hromosvod cena;google;;;;8;T-OKAPY | okapový systém
revize hromosvod cena;google;;;;10;T-OKAPY | okapový systém
sněhové zábrany na falcovanou krytinu;google;;;;9;T-OKAPY | okapový systém
sněhové zábrany na střechu tondach;google;;;;6;T-OKAPY | okapový systém
sněhové zábrany na trapézový plech;google;;;;7;T-OKAPY | okapový systém
sněhové zábrany prefa;google;;;;10;T-OKAPY | okapový systém
taška bobrovka okapová;google;;;;9;T-OKAPY | okapový systém
velux střešní okna;seznam+google;233;181;2.682;2;T-OKNA | střešní okna velux
velux okna;seznam+google;189;138;2.855;4;T-OKNA | střešní okna velux
střešní okno velux;seznam+google;80;63;4.023;2;T-OKNA | střešní okna velux
velux žaluzie;seznam;52;33;2.653;;T-OKNA | střešní okna velux
střešní okno roto;seznam+google;35;24;3.874;7;T-OKNA | střešní okna velux
jak vybrat střešní okno;seznam+google;14;5;4.66;1;T-OKNA | střešní okna velux
jak vysadit střešní okno velux;seznam+google;7;5;3.299;1;T-OKNA | střešní okna velux
střešní okno velux 78x98;seznam;17;8;3.207;;T-OKNA | střešní okna velux
střešní okno fakro;seznam;16;13;3.369;;T-OKNA | střešní okna velux
střešní okno 60x70 plastové;seznam;15;7;3.153;;T-OKNA | střešní okna velux
střešní okno cena;seznam+google;3;2;0.175;1;T-OKNA | střešní okna velux
kolik stojí střešní okno velux;seznam+google;4;3;3.161;2;T-OKNA | střešní okna velux
kolik stojí střešní okno;google;;;;1;T-OKNA | střešní okna velux
nejlepší střešní okno;google;;;;1;T-OKNA | střešní okna velux
střešní okno;seznam+google;0;0;4.293;1;T-OKNA | střešní okna velux
střešní okno akce;google;;;;1;T-OKNA | střešní okna velux
střešní okno dotace;google;;;;1;T-OKNA | střešní okna velux
střešní okno levně;google;;;;1;T-OKNA | střešní okna velux
střešní okno montáž;google;;;;1;T-OKNA | střešní okna velux
střešní okno nebo vikýř;google;;;;1;T-OKNA | střešní okna velux
střešní okno povolení;google;;;;1;T-OKNA | střešní okna velux
střešní okno recenze;google;;;;1;T-OKNA | střešní okna velux
střešní okno roto ceník;google;;;;1;T-OKNA | střešní okna velux
střešní okno sit proti hmyzu;google;;;;1;T-OKNA | střešní okna velux
střešní okno vs vikýř;google;;;;1;T-OKNA | střešní okna velux
střešní okno výměna;google;;;;1;T-OKNA | střešní okna velux
velux;seznam+google;0;0;4.13;1;T-OKNA | střešní okna velux
velux mk06;seznam;12;11;2.767;;T-OKNA | střešní okna velux
velux mk08;seznam;11;9;2.774;;T-OKNA | střešní okna velux
střešní okna firma zima potštejn rolety látkové;seznam;10;8;0.252;;T-OKNA | střešní okna velux
střešní okna montáž;seznam;10;5;0.327;;T-OKNA | střešní okna velux
střešní okno 80x120;seznam;10;3;3.307;;T-OKNA | střešní okna velux
velux gzl 306;seznam;10;4;2.742;;T-OKNA | střešní okna velux
jak zastínit střešní okno;google;;;;2;T-OKNA | střešní okna velux
střešní okno montáž cena;google;;;;2;T-OKNA | střešní okna velux
střešní okno plastové nebo dřevěné;google;;;;2;T-OKNA | střešní okna velux
střešní okno stavební povolení;google;;;;2;T-OKNA | střešní okna velux
střešní okno velux cena;google;;;;2;T-OKNA | střešní okna velux
střešní okno vs3;google;;;;2;T-OKNA | střešní okna velux
vikýřové okno;google;;;;2;T-OKNA | střešní okna velux
střešní okno velux glu 0064z ck01;seznam;8;3;3.416;;T-OKNA | střešní okna velux
velux okna servis;seznam;8;5;2.704;;T-OKNA | střešní okna velux
jak vyndat střešní okno velux;google;;;;3;T-OKNA | střešní okna velux
kolik stojí udělat střešní okno;google;;;;3;T-OKNA | střešní okna velux
střešní okno 60x60;seznam;7;5;3.172;;T-OKNA | střešní okna velux
střešní okno bez povolení;google;;;;3;T-OKNA | střešní okna velux
střešní okno plastové;seznam;7;7;3.366;;T-OKNA | střešní okna velux
střešní okno s montáží cena;google;;;;3;T-OKNA | střešní okna velux
velux rolety;google;;;;3;T-OKNA | střešní okna velux
zateka stresni okno;google;;;;3;T-OKNA | střešní okna velux
střešní okna akce;seznam;6;4;0.261;;T-OKNA | střešní okna velux
střešní okno kubeso;seznam;6;6;3.355;;T-OKNA | střešní okna velux
jak obložit střešní okno sádrokartonem;google;;;;4;T-OKNA | střešní okna velux
jak otevřít střešní okno velux;google;;;;5;T-OKNA | střešní okna velux
kolik stojí plastové střešní okno;google;;;;4;T-OKNA | střešní okna velux
střešní okno na citroën c3 aircross 2026;seznam;5;1;3.574;;T-OKNA | střešní okna velux
střešní okno roto cena;google;;;;5;T-OKNA | střešní okna velux
střešní okno s montáží;google;;;;5;T-OKNA | střešní okna velux
střešní okno trojsklo cena;google;;;;4;T-OKNA | střešní okna velux
střešní okno velux montáž;google;;;;4;T-OKNA | střešní okna velux
velux střešní okna cena;google;;;;5;T-OKNA | střešní okna velux
jak otočit střešní okno značky roto;seznam;4;2;3.269;;T-OKNA | střešní okna velux
velux 68x98;seznam;4;1;2.649;;T-OKNA | střešní okna velux
jak namontovat střešní okno;google;;;;7;T-OKNA | střešní okna velux
jak seřídit střešní okno;google;;;;6;T-OKNA | střešní okna velux
jak seřídit střešní okno velux;google;;;;8;T-OKNA | střešní okna velux
jak vyndat střešní okno;google;;;;9;T-OKNA | střešní okna velux
jak změřit střešní okno;google;;;;10;T-OKNA | střešní okna velux
montáž rolety na okno velux střešní;seznam;3;2;1.7;;T-OKNA | střešní okna velux
plastové střešní okno cena;google;;;;6;T-OKNA | střešní okna velux
střešní okna ceník;seznam;3;1;0;;T-OKNA | střešní okna velux
střešní okna levně;seznam;3;2;0.305;;T-OKNA | střešní okna velux
střešní okno do osobního vozidla;seznam;3;1;3.284;;T-OKNA | střešní okna velux
střešní okno velux 78x118;google;;;;6;T-OKNA | střešní okna velux
střešní okno velux 78x118 cena;google;;;;8;T-OKNA | střešní okna velux
střešní okno velux 78x140 cena;google;;;;10;T-OKNA | střešní okna velux
střešní okno velux ggl 3066 ck01;seznam;3;1;3.29;;T-OKNA | střešní okna velux
teleskopické vřeteno na střešní okno - cena;seznam;3;1;1.0;;T-OKNA | střešní okna velux
velux glu mk06;google;;;;6;T-OKNA | střešní okna velux
velux showroom;google;;;;8;T-OKNA | střešní okna velux
velux střešní okna rolety;google;;;;10;T-OKNA | střešní okna velux
velux sítě proti hmyzu;google;;;;7;T-OKNA | střešní okna velux
velux venkovní roleta;google;;;;9;T-OKNA | střešní okna velux
zda lze vylézt přes střešní okno;seznam;3;1;2.864;;T-OKNA | střešní okna velux
oprava střechy;seznam+google;89;65;3.767;1;T-OPRAVA | oprava střechy cena
oprava lepenkové střechy;seznam+google;47;23;3.168;7;T-OPRAVA | oprava střechy cena
nátěr střechy cena za 1 m2;seznam;28;14;2.968;;T-OPRAVA | oprava střechy cena
oprava střechy z ipy;seznam+google;13;5;2.4;3;T-OPRAVA | oprava střechy cena
oprava střechy cena;seznam+google;4;3;2.4;1;T-OPRAVA | oprava střechy cena
oprava asfaltové střechy;seznam;15;13;2.4;;T-OPRAVA | oprava střechy cena
oprava rovné střechy;seznam+google;10;8;3.358;4;T-OPRAVA | oprava střechy cena
opravy střech bohumín;seznam;13;3;0;;T-OPRAVA | oprava střechy cena
jak dlouho trva oprava strechy;google;;;;1;T-OPRAVA | oprava střechy cena
kolik stojí oprava střechy;google;;;;1;T-OPRAVA | oprava střechy cena
oprava lepenky střechy;seznam;12;9;2.4;;T-OPRAVA | oprava střechy cena
oprava strechy firma;google;;;;1;T-OPRAVA | oprava střechy cena
oprava strechy lepenka;google;;;;1;T-OPRAVA | oprava střechy cena
oprava strechy rodinného domu;google;;;;1;T-OPRAVA | oprava střechy cena
oprava střechy dph;google;;;;1;T-OPRAVA | oprava střechy cena
oprava střechy firmy;google;;;;1;T-OPRAVA | oprava střechy cena
oprava střechy ipa;google;;;;1;T-OPRAVA | oprava střechy cena
oprava střechy kalkulačka;google;;;;1;T-OPRAVA | oprava střechy cena
oprava střechy po kuně;google;;;;1;T-OPRAVA | oprava střechy cena
oprava čalounění střechy auta;google;;;;1;T-OPRAVA | oprava střechy cena
oprava šikmé střechy;google;;;;1;T-OPRAVA | oprava střechy cena
oprava střechy proti dešti -;seznam;11;10;2.4;;T-OPRAVA | oprava střechy cena
opravy střech mar.lázně;seznam;11;5;0.297;;T-OPRAVA | oprava střechy cena
oprava střech česká lípa;seznam;10;4;0.318;;T-OPRAVA | oprava střechy cena
je oprava střechy technické zhodnocení;google;;;;2;T-OPRAVA | oprava střechy cena
oprava strechy cena za m2;google;;;;2;T-OPRAVA | oprava střechy cena
oprava strechy malacky;google;;;;2;T-OPRAVA | oprava střechy cena
oprava strechy nater;google;;;;2;T-OPRAVA | oprava střechy cena
oprava strechy rodinného domu cena;google;;;;2;T-OPRAVA | oprava střechy cena
oprava strechy v aute;google;;;;2;T-OPRAVA | oprava střechy cena
oprava střechy auta;google;;;;2;T-OPRAVA | oprava střechy cena
oprava střechy sazba dph;google;;;;2;T-OPRAVA | oprava střechy cena
oprava střechy technické zhodnocení;google;;;;2;T-OPRAVA | oprava střechy cena
oprava střechy z asfaltových pásů;google;;;;2;T-OPRAVA | oprava střechy cena
oprava střechy účtování;google;;;;2;T-OPRAVA | oprava střechy cena
oprava čalúnenia strechy auta;google;;;;2;T-OPRAVA | oprava střechy cena
jak opravit střechu;seznam;8;5;0.274;;T-OPRAVA | oprava střechy cena
oprava strechy asfalt;google;;;;3;T-OPRAVA | oprava střechy cena
oprava strechy domu;google;;;;3;T-OPRAVA | oprava střechy cena
oprava strechy fatrafol;google;;;;3;T-OPRAVA | oprava střechy cena
oprava strechy lepenkou cena;google;;;;3;T-OPRAVA | oprava střechy cena
oprava strechy martin;google;;;;3;T-OPRAVA | oprava střechy cena
oprava strechy roznava;google;;;;3;T-OPRAVA | oprava střechy cena
oprava strechy účtovanie;google;;;;3;T-OPRAVA | oprava střechy cena
oprava střechy gumoasfaltem;google;;;;3;T-OPRAVA | oprava střechy cena
oprava střechy v zimě;google;;;;3;T-OPRAVA | oprava střechy cena
vymena strechy obnov dom;google;;;;3;T-OPRAVA | oprava střechy cena
oprava střechy sazovice;seznam;6;2;3.2;;T-OPRAVA | oprava střechy cena
havarijní oprava střechy;google;;;;4;T-OPRAVA | oprava střechy cena
oprava foliove strechy;google;;;;5;T-OPRAVA | oprava střechy cena
oprava izolacie strechy;google;;;;5;T-OPRAVA | oprava střechy cena
oprava plochej strechy hindický hydroizolácie sro;google;;;;5;T-OPRAVA | oprava střechy cena
oprava rovné střechy cena;google;;;;5;T-OPRAVA | oprava střechy cena
oprava strechy a dph;google;;;;4;T-OPRAVA | oprava střechy cena
oprava strechy banská bystrica;google;;;;4;T-OPRAVA | oprava střechy cena
oprava strechy bazos;google;;;;5;T-OPRAVA | oprava střechy cena
oprava strechy dunajska streda;google;;;;4;T-OPRAVA | oprava střechy cena
oprava strechy galanta;google;;;;4;T-OPRAVA | oprava střechy cena
oprava strechy levice;google;;;;5;T-OPRAVA | oprava střechy cena
oprava strechy liptovsky mikulas;google;;;;4;T-OPRAVA | oprava střechy cena
oprava strechy michalovce;google;;;;4;T-OPRAVA | oprava střechy cena
oprava strechy na chate;google;;;;4;T-OPRAVA | oprava střechy cena
oprava strechy s ipou;google;;;;4;T-OPRAVA | oprava střechy cena
oprava strechy tekuta guma;google;;;;5;T-OPRAVA | oprava střechy cena
oprava strechy vranov nad topľou;google;;;;4;T-OPRAVA | oprava střechy cena
oprava střechy havířov;seznam;5;1;0.18;;T-OPRAVA | oprava střechy cena
oprava střechy přenesená daňová povinnost;google;;;;5;T-OPRAVA | oprava střechy cena
oprava vinylové střechy;google;;;;5;T-OPRAVA | oprava střechy cena
oprava střech turnov;seznam;4;1;0;;T-OPRAVA | oprava střechy cena
oprava střechy levné;seznam;4;4;2.4;;T-OPRAVA | oprava střechy cena
oprava střechy nový bor;seznam;4;2;2.2;;T-OPRAVA | oprava střechy cena
oprava střechy petřvald;seznam;4;2;3.95;;T-OPRAVA | oprava střechy cena
oprava střechy pur pěnou;seznam;4;3;4.219;;T-OPRAVA | oprava střechy cena
oprava střechy staré hodějovice;seznam;4;2;4.505;;T-OPRAVA | oprava střechy cena
oprava střechy znojmo;seznam;4;3;2.4;;T-OPRAVA | oprava střechy cena
ivančice oprava střechy;seznam;3;1;3.477;;T-OPRAVA | oprava střechy cena
nátěr střechy cena za m2;google;;;;6;T-OPRAVA | oprava střechy cena
oprava laminátové střechy;google;;;;8;T-OPRAVA | oprava střechy cena
oprava látky střechy u auta levná;seznam;3;3;2.7;;T-OPRAVA | oprava střechy cena
oprava plochej strechy fatrafol;google;;;;6;T-OPRAVA | oprava střechy cena
oprava plochej strechy tekuta guma;google;;;;8;T-OPRAVA | oprava střechy cena
oprava rovne strechy;google;;;;7;T-OPRAVA | oprava střechy cena
oprava strechy bardejov;google;;;;7;T-OPRAVA | oprava střechy cena
oprava strechy brezno;google;;;;6;T-OPRAVA | oprava střechy cena
oprava strechy hlohovec;google;;;;7;T-OPRAVA | oprava střechy cena
oprava strechy humenne;google;;;;6;T-OPRAVA | oprava střechy cena
oprava strechy komarno;google;;;;9;T-OPRAVA | oprava střechy cena
oprava strechy lucenec;google;;;;6;T-OPRAVA | oprava střechy cena
oprava strechy na aute;google;;;;8;T-OPRAVA | oprava střechy cena
oprava strechy na dome;google;;;;9;T-OPRAVA | oprava střechy cena
oprava strechy na splatky;google;;;;10;T-OPRAVA | oprava střechy cena
oprava strechy na starom dome;google;;;;6;T-OPRAVA | oprava střechy cena
oprava strechy nove mesto nad vahom;google;;;;8;T-OPRAVA | oprava střechy cena
oprava strechy nove zamky;google;;;;7;T-OPRAVA | oprava střechy cena
oprava strechy recenzie;google;;;;8;T-OPRAVA | oprava střechy cena
oprava strechy rimavská sobota;google;;;;9;T-OPRAVA | oprava střechy cena
oprava strechy ruzomberok;google;;;;10;T-OPRAVA | oprava střechy cena
oprava strechy sabinov;google;;;;9;T-OPRAVA | oprava střechy cena
oprava strechy senec;google;;;;6;T-OPRAVA | oprava střechy cena
oprava strechy trebisov;google;;;;7;T-OPRAVA | oprava střechy cena
oprava strechy trnava;google;;;;6;T-OPRAVA | oprava střechy cena
oprava strechy z asfaltových šindľov;google;;;;7;T-OPRAVA | oprava střechy cena
oprava střech okolí senohrab;seznam;3;1;0.232;;T-OPRAVA | oprava střechy cena
oprava střechy bosonohy;seznam;3;1;2.973;;T-OPRAVA | oprava střechy cena
oprava střechy libice nad cidlinou;seznam;3;1;2.4;;T-OPRAVA | oprava střechy cena
oprava střechy milevsko;seznam;3;1;3.792;;T-OPRAVA | oprava střechy cena
oprava střechy poptávka;seznam;3;3;2.4;;T-OPRAVA | oprava střechy cena
oprava střechy ve středních čechách;seznam;3;2;4.034;;T-OPRAVA | oprava střechy cena
oprava střechy čištění od mechu krnov;seznam;3;2;4.1;;T-OPRAVA | oprava střechy cena
oprava střechy žeranovice;seznam;3;1;3.95;;T-OPRAVA | oprava střechy cena
oprava tapaciru strechy;google;;;;10;T-OPRAVA | oprava střechy cena
oprava taškové střechy;google;;;;9;T-OPRAVA | oprava střechy cena
oprava šikmej strechy;google;;;;10;T-OPRAVA | oprava střechy cena
oprava šindlovej strechy;google;;;;9;T-OPRAVA | oprava střechy cena
oprava šindľovej strechy;google;;;;8;T-OPRAVA | oprava střechy cena
oprava škridlovej strechy;google;;;;6;T-OPRAVA | oprava střechy cena
opravy střech havířov;seznam;3;1;0.254;;T-OPRAVA | oprava střechy cena
opravy střech hostivice a okolí;seznam;3;2;0;;T-OPRAVA | oprava střechy cena
opravy střech vaníček;seznam;3;1;0.244;;T-OPRAVA | oprava střechy cena
rychla oprava strechy;google;;;;6;T-OPRAVA | oprava střechy cena
vysehrad oprava strechy;google;;;;8;T-OPRAVA | oprava střechy cena
čištění střechy cena za m2;google;;;;8;T-OPRAVA | oprava střechy cena
betonová taška nebo pálená;google;;;;1;T-PALEBET | pálená nebo betonová taška
je lepší pálená nebo betonová taška;google;;;;1;T-PALEBET | pálená nebo betonová taška
pálená nebo betonová taška;google;;;;1;T-PALEBET | pálená nebo betonová taška
pálená taška vs betonová;google;;;;1;T-PALEBET | pálená nebo betonová taška
taška pálená nebo betonová;google;;;;1;T-PALEBET | pálená nebo betonová taška
betonová nebo keramická taška;google;;;;2;T-PALEBET | pálená nebo betonová taška
betonová pálená taška;google;;;;2;T-PALEBET | pálená nebo betonová taška
betonová taška vs pálená;google;;;;3;T-PALEBET | pálená nebo betonová taška
tondach stodo 12;seznam+google;115;102;2.815;2;T-PALENA | pálená taška
pálená taška;seznam+google;51;35;3.994;1;T-PALENA | pálená taška
pálená střešní taška;seznam+google;43;33;4.074;8;T-PALENA | pálená taška
pálená taška tondach;seznam+google;32;24;3.361;1;T-PALENA | pálená taška
taška bobrovka;seznam+google;32;25;3.622;1;T-PALENA | pálená taška
střešní krytina tondach;seznam+google;26;24;4.127;1;T-PALENA | pálená taška
tondach planoton 11;seznam+google;27;19;2.613;5;T-PALENA | pálená taška
střešní krytina tondach stodo 12;seznam+google;24;20;2.4;5;T-PALENA | pálená taška
pálená taška francouzská;seznam+google;13;8;2.905;2;T-PALENA | pálená taška
pálená taška bobrovka;seznam+google;12;7;4.17;2;T-PALENA | pálená taška
tondach jirčany;seznam+google;18;13;2.553;9;T-PALENA | pálená taška
pálená taška cena;seznam+google;11;6;3.915;2;T-PALENA | pálená taška
krytina bobrovka;seznam+google;6;4;3.34;1;T-PALENA | pálená taška
tondach hranice;seznam;17;16;2.787;;T-PALENA | pálená taška
pálená taška brněnka;seznam+google;9;7;2.4;3;T-PALENA | pálená taška
pálená taška glazovaná;seznam+google;7;5;2.932;2;T-PALENA | pálená taška
taška bobrovka bazar;seznam+google;9;6;3.33;3;T-PALENA | pálená taška
taška bobrovka cena;seznam+google;7;6;1.8;2;T-PALENA | pálená taška
taška bobrovka pokládka;seznam+google;10;6;1.8;5;T-PALENA | pálená taška
tondach renoton 11;seznam;15;12;2.538;;T-PALENA | pálená taška
pálená taška stodo 12;seznam+google;5;3;3.999;2;T-PALENA | pálená taška
taška pálená;seznam;13;8;3.468;;T-PALENA | pálená taška
jak dlouho vydrží pálená taška;google;;;;1;T-PALENA | pálená taška
keramická střešní taška;seznam+google;0;0;0.197;1;T-PALENA | pálená taška
kolik stojí pálená taška;google;;;;1;T-PALENA | pálená taška
kolik váží pálená taška;google;;;;1;T-PALENA | pálená taška
lehká pálená taška;google;;;;1;T-PALENA | pálená taška
nejlepší pálená taška;google;;;;1;T-PALENA | pálená taška
pálená keramická taška;google;;;;1;T-PALENA | pálená taška
pálená střešní taška bobrovka;seznam+google;9;7;3.318;9;T-PALENA | pálená taška
pálená taška akce;google;;;;1;T-PALENA | pálená taška
pálená taška bramac;google;;;;1;T-PALENA | pálená taška
pálená taška cena za m2;google;;;;1;T-PALENA | pálená taška
pálená taška dek;google;;;;1;T-PALENA | pálená taška
pálená taška engoba;google;;;;1;T-PALENA | pálená taška
pálená taška francouzská 14;google;;;;1;T-PALENA | pálená taška
pálená taška glazura;google;;;;1;T-PALENA | pálená taška
pálená taška hranice;google;;;;1;T-PALENA | pálená taška
pálená taška jirčanka;google;;;;1;T-PALENA | pálená taška
pálená taška minimální sklon;google;;;;1;T-PALENA | pálená taška
pálená taška na střechu;google;;;;1;T-PALENA | pálená taška
pálená taška rozměry;google;;;;1;T-PALENA | pálená taška
pálená taška s glazurou;google;;;;1;T-PALENA | pálená taška
pálená taška černá;google;;;;1;T-PALENA | pálená taška
pálená taška šedá;google;;;;1;T-PALENA | pálená taška
pálená taška životnost;google;;;;1;T-PALENA | pálená taška
střešní krytina bobrovka;seznam+google;5;5;1.4;3;T-PALENA | pálená taška
střešní krytina stodo 12;google;;;;1;T-PALENA | pálená taška
tondach;seznam+google;0;0;3.943;1;T-PALENA | pálená taška
tondach cena;google;;;;1;T-PALENA | pálená taška
tondach solar;google;;;;1;T-PALENA | pálená taška
střešní krytina taška bobrovka;seznam;11;8;2.4;;T-PALENA | pálená taška
pálené tašky na střechu;seznam;10;9;0;;T-PALENA | pálená taška
taška tondach pálená akce;seznam;10;7;3.4;;T-PALENA | pálená taška
betonová taška tondach;google;;;;2;T-PALENA | pálená taška
krytina bobrovka cena;google;;;;2;T-PALENA | pálená taška
krytina pálená taška;google;;;;2;T-PALENA | pálená taška
pálená taška antracit;google;;;;2;T-PALENA | pálená taška
pálená taška cena m2;google;;;;2;T-PALENA | pálená taška
pálená taška drážková;google;;;;2;T-PALENA | pálená taška
pálená taška hmotnost;google;;;;2;T-PALENA | pálená taška
pálená taška režná;google;;;;2;T-PALENA | pálená taška
pálená taška tondach cena;google;;;;2;T-PALENA | pálená taška
pálená taška váha;google;;;;2;T-PALENA | pálená taška
střešní krytina pálená taška brněnka;seznam;9;6;2.0;;T-PALENA | pálená taška
střešní pálená taška akce;google;;;;2;T-PALENA | pálená taška
tondach cena za m2;google;;;;2;T-PALENA | pálená taška
tondach taška;seznam;9;8;2.559;;T-PALENA | pálená taška
česká pálená taška;google;;;;2;T-PALENA | pálená taška
pálená taška tondach brněnka;seznam;8;6;3.421;;T-PALENA | pálená taška
betonová taška bobrovka;seznam;7;4;2.844;;T-PALENA | pálená taška
bramac tašky pálená taška;seznam;7;5;3.544;;T-PALENA | pálená taška
kolik váží pálená střešní taška;google;;;;3;T-PALENA | pálená taška
nejlevnější pálená taška;google;;;;3;T-PALENA | pálená taška
oprava strechy na stodole;google;;;;3;T-PALENA | pálená taška
pálená taška anglicky;google;;;;3;T-PALENA | pálená taška
pálená taška creaton;google;;;;3;T-PALENA | pálená taška
pálená taška hmotnost m2;google;;;;3;T-PALENA | pálená taška
pálená taška roben;google;;;;3;T-PALENA | pálená taška
pálená taška sklon střechy;google;;;;3;T-PALENA | pálená taška
pálená taška tondach glazura;google;;;;3;T-PALENA | pálená taška
pálená taška tondach stodo 12;google;;;;3;T-PALENA | pálená taška
střešní krytina keramická;seznam+google;4;2;3.2;9;T-PALENA | pálená taška
střešní taška pálená;seznam;7;7;3.935;;T-PALENA | pálená taška
tondach cena crep;google;;;;3;T-PALENA | pálená taška
tondach contiton 12;google;;;;3;T-PALENA | pálená taška
pálená taška na střechu vlnka;seznam;6;3;3.997;;T-PALENA | pálená taška
betonova taska bobrovka;google;;;;5;T-PALENA | pálená taška
dachówka tondach cena;google;;;;5;T-PALENA | pálená taška
nejlehčí pálená taška;google;;;;4;T-PALENA | pálená taška
pálená střešní taška cena;google;;;;4;T-PALENA | pálená taška
pálená střešní taška tondach;google;;;;5;T-PALENA | pálená taška
pálená taška bazar;google;;;;4;T-PALENA | pálená taška
pálená taška bobrovka cena;google;;;;5;T-PALENA | pálená taška
pálená taška hladká;google;;;;5;T-PALENA | pálená taška
pálená taška holland;google;;;;4;T-PALENA | pálená taška
pálená taška steinbruck;google;;;;5;T-PALENA | pálená taška
pálená taška stodo;google;;;;4;T-PALENA | pálená taška
střešní krytina - pálená taška francouzská malá;seznam;5;4;2.1;;T-PALENA | pálená taška
střešní krytina bobrovka cena;google;;;;5;T-PALENA | pálená taška
střešní krytina pálená;seznam;5;2;3.879;;T-PALENA | pálená taška
střešní krytina tondach ceník;google;;;;5;T-PALENA | pálená taška
taška bobrovka rozměry;google;;;;4;T-PALENA | pálená taška
tondach solardurchführung;google;;;;4;T-PALENA | pálená taška
tondach solarziegel;google;;;;5;T-PALENA | pálená taška
tondach tašky;google;;;;4;T-PALENA | pálená taška
tondach tašky cena;google;;;;4;T-PALENA | pálená taška
bobrovka taška dvojitá režná;seznam;4;2;1.8;;T-PALENA | pálená taška
cena střešní tašky glazované pálené tondach;seznam;4;2;2.862;;T-PALENA | pálená taška
kolik stojí pálená střešní taška;seznam;4;3;2.75;;T-PALENA | pálená taška
střešní krytina tondach engoba;seznam;4;4;2.4;;T-PALENA | pálená taška
taška bobrovka spotřeba na m2;seznam;4;4;1.8;;T-PALENA | pálená taška
taška krajní levá bobrovka;seznam;4;3;2.751;;T-PALENA | pálená taška
keramická krytina bobrovka;google;;;;8;T-PALENA | pálená taška
klempíř jílové u prahy;seznam;3;1;2.514;;T-PALENA | pálená taška
pálená krytina bobrovka;google;;;;6;T-PALENA | pálená taška
pálená střešní krytina bobrovka;google;;;;7;T-PALENA | pálená taška
pálená střešní krytina glazovaná;google;;;;8;T-PALENA | pálená taška
pálená střešní taška bramac;google;;;;8;T-PALENA | pálená taška
pálená taška bramac cena;google;;;;6;T-PALENA | pálená taška
pálená taška hnědá;google;;;;6;T-PALENA | pálená taška
pálená taška sklon;google;;;;7;T-PALENA | pálená taška
pálená taška standard;google;;;;6;T-PALENA | pálená taška
strešná krytina bobrovka;google;;;;9;T-PALENA | pálená taška
střešní krytina pálená taška;google;;;;6;T-PALENA | pálená taška
střešní krytina tondach contiton 12;google;;;;6;T-PALENA | pálená taška
střešní krytina tondach francouzská 12;google;;;;7;T-PALENA | pálená taška
střešní krytina tondach samba 11;seznam;3;2;2.4;;T-PALENA | pálená taška
střešní taška bobrovka rondo;seznam;3;1;2.872;;T-PALENA | pálená taška
taška bobrovka dek;google;;;;10;T-PALENA | pálená taška
taška bobrovka tondach;google;;;;8;T-PALENA | pálená taška
taška bobrovka váha;google;;;;7;T-PALENA | pálená taška
tondach bobrovka;google;;;;8;T-PALENA | pálená taška
tondach iroof cena;google;;;;6;T-PALENA | pálená taška
tondach keramidi cena mk;google;;;;9;T-PALENA | pálená taška
tondach renoton 14;google;;;;10;T-PALENA | pálená taška
tondach samba 11;google;;;;7;T-PALENA | pálená taška
tondach sensaton 11;google;;;;6;T-PALENA | pálená taška
tondach steinbrück cena;google;;;;8;T-PALENA | pálená taška
tondach v11 cena;google;;;;10;T-PALENA | pálená taška
tondach v9 cena;google;;;;7;T-PALENA | pálená taška
plechová střešní krytina;seznam;1036;689;3.996;;T-PLECH | plechová střešní krytina
střešní krytina plechová;seznam+google;174;109;4.394;2;T-PLECH | plechová střešní krytina
střešní krytina plech;seznam+google;141;93;3.66;1;T-PLECH | plechová střešní krytina
plastová střešní krytina;seznam;93;55;3.566;;T-PLECH | plechová střešní krytina
střešní krytina satjam;seznam+google;52;44;5.149;1;T-PLECH | plechová střešní krytina
falcovaný plech;seznam+google;47;38;3.787;1;T-PLECH | plechová střešní krytina
plechová střešní krytina satjam;seznam;53;42;3.139;;T-PLECH | plechová střešní krytina
plechová krytina satjam;seznam+google;36;23;3.277;4;T-PLECH | plechová střešní krytina
falcovaný plech na střechu;seznam+google;31;23;0.276;2;T-PLECH | plechová střešní krytina
plechová střecha cena;seznam+google;27;20;3.551;1;T-PLECH | plechová střešní krytina
plechová střecha satjam;seznam+google;25;19;4.052;1;T-PLECH | plechová střešní krytina
plechová střešní krytina dek;seznam+google;28;16;3.167;9;T-PLECH | plechová střešní krytina
kolik stojí plechová střecha;seznam+google;15;12;4.167;1;T-PLECH | plechová střešní krytina
plechová střecha klik;seznam+google;14;9;2.4;1;T-PLECH | plechová střešní krytina
plechová střešní krytina montáž;seznam+google;14;9;2.668;1;T-PLECH | plechová střešní krytina
plechová střecha recenze;seznam+google;12;8;3.905;1;T-PLECH | plechová střešní krytina
plechová střešní krytina , trapézový plech;seznam;24;13;4.483;;T-PLECH | plechová střešní krytina
falcovaná střecha;seznam+google;10;9;3.273;1;T-PLECH | plechová střešní krytina
plechová střecha návod;seznam+google;19;7;2.4;9;T-PLECH | plechová střešní krytina
plechové střechy lindab;seznam;19;13;0;;T-PLECH | plechová střešní krytina
falcovaná plechová krytina;seznam;18;11;0.29;;T-PLECH | plechová střešní krytina
falcovaná střešní krytina - hnědá;seznam;18;8;4.233;;T-PLECH | plechová střešní krytina
trapézová střecha návod montáže;seznam;18;10;2.583;;T-PLECH | plechová střešní krytina
plechová střecha diskuze;seznam+google;5;5;2.4;1;T-PLECH | plechová střešní krytina
tondach falcovka 11;seznam;17;13;2.68;;T-PLECH | plechová střešní krytina
plechová střecha montáž;seznam+google;4;4;2.4;1;T-PLECH | plechová střešní krytina
plechová střecha montážní návod;seznam;16;12;2.4;;T-PLECH | plechová střešní krytina
plechová střešní krytina recenze;seznam+google;11;9;2.785;5;T-PLECH | plechová střešní krytina
plechová taška;seznam+google;4;3;0.286;1;T-PLECH | plechová střešní krytina
difúzní fólie pod plechovou krytinu;seznam+google;12;8;0;7;T-PLECH | plechová střešní krytina
falcování plechů;seznam;15;9;0.278;;T-PLECH | plechová střešní krytina
plastová střešní krytina 270 x 110;seznam;15;6;2.992;;T-PLECH | plechová střešní krytina
střešní krytina blachotrapez;seznam+google;12;11;3.89;8;T-PLECH | plechová střešní krytina
střešní krytina trapézový plech;seznam+google;6;4;2.4;2;T-PLECH | plechová střešní krytina
plechová krytina bobrovka;seznam+google;8;2;1.4;4;T-PLECH | plechová střešní krytina
plechová střecha na míru;seznam+google;6;6;2.4;3;T-PLECH | plechová střešní krytina
plechová střešní krytina v akci;seznam;13;3;2.622;;T-PLECH | plechová střešní krytina
plechové střechy montáž;seznam;13;4;0.346;;T-PLECH | plechová střešní krytina
falcovaná střecha cena za m2;google;;;;1;T-PLECH | plechová střešní krytina
jak dlouho vydrží plechová střecha;google;;;;1;T-PLECH | plechová střešní krytina
jaká je nejlepší plechová střecha;google;;;;1;T-PLECH | plechová střešní krytina
je lepsi plechova strecha nebo bramac;google;;;;1;T-PLECH | plechová střešní krytina
krytina na střechu plech;seznam+google;7;7;2.4;4;T-PLECH | plechová střešní krytina
nejlepší plechová střecha;google;;;;1;T-PLECH | plechová střešní krytina
nejlevnější trapézová střešní krytina;seznam;12;8;3.286;;T-PLECH | plechová střešní krytina
oprava plechové střechy;seznam;12;9;3.142;;T-PLECH | plechová střešní krytina
plechova strecha 100m2;google;;;;1;T-PLECH | plechová střešní krytina
plechova strecha janosik;google;;;;1;T-PLECH | plechová střešní krytina
plechova strecha zaruka;google;;;;1;T-PLECH | plechová střešní krytina
plechová krytina;seznam+google;0;0;4.192;1;T-PLECH | plechová střešní krytina
plechová střecha;seznam+google;0;0;4.187;1;T-PLECH | plechová střešní krytina
plechová střecha 3m;google;;;;1;T-PLECH | plechová střešní krytina
plechová střecha 5m;google;;;;1;T-PLECH | plechová střešní krytina
plechová střecha akce;google;;;;1;T-PLECH | plechová střešní krytina
plechová střecha antracit;google;;;;1;T-PLECH | plechová střešní krytina
plechová střecha bazar;google;;;;1;T-PLECH | plechová střešní krytina
plechová střecha cena za m2;google;;;;1;T-PLECH | plechová střešní krytina
plechová střecha dek;google;;;;1;T-PLECH | plechová střešní krytina
plechová střecha evromat;google;;;;1;T-PLECH | plechová střešní krytina
plechová střecha falcovaná;google;;;;1;T-PLECH | plechová střešní krytina
plechová střecha firma;google;;;;1;T-PLECH | plechová střešní krytina
plechová střecha hluk;google;;;;1;T-PLECH | plechová střešní krytina
plechová střecha imitace tašky;google;;;;1;T-PLECH | plechová střešní krytina
plechová střecha kalkulačka;google;;;;1;T-PLECH | plechová střešní krytina
plechová střecha levně;google;;;;1;T-PLECH | plechová střešní krytina
plechová střecha lindab;google;;;;1;T-PLECH | plechová střešní krytina
plechová střecha na klíč;google;;;;1;T-PLECH | plechová střešní krytina
plechová střecha na úl;google;;;;1;T-PLECH | plechová střešní krytina
plechová střecha nebo tašky;google;;;;1;T-PLECH | plechová střešní krytina
plechová střecha nevýhody;google;;;;1;T-PLECH | plechová střešní krytina
plechová střecha postup;google;;;;1;T-PLECH | plechová střešní krytina
plechová střecha trapéz;google;;;;1;T-PLECH | plechová střešní krytina
plechová střecha vs tašky;google;;;;1;T-PLECH | plechová střešní krytina
plechová střecha vs tašky cena;google;;;;1;T-PLECH | plechová střešní krytina
plechová střecha výhody nevýhody;google;;;;1;T-PLECH | plechová střešní krytina
plechová střecha zkušenosti;google;;;;1;T-PLECH | plechová střešní krytina
plechová střecha černá;google;;;;1;T-PLECH | plechová střešní krytina
plechová střecha řez;google;;;;1;T-PLECH | plechová střešní krytina
plechová střecha šablony;google;;;;1;T-PLECH | plechová střešní krytina
plechová střecha životnost;google;;;;1;T-PLECH | plechová střešní krytina
plechová střešní krytina cena;google;;;;1;T-PLECH | plechová střešní krytina
plechová střešní krytina na míru;seznam;12;9;3.727;;T-PLECH | plechová střešní krytina
plechová střešní krytina nevýhody;google;;;;1;T-PLECH | plechová střešní krytina
plechová taška na střechu;seznam+google;3;3;0.184;2;T-PLECH | plechová střešní krytina
plechové střechy na míru;seznam;12;8;0;;T-PLECH | plechová střešní krytina
střecha satjam cena;google;;;;1;T-PLECH | plechová střešní krytina
střešní krytina plech 5m;google;;;;1;T-PLECH | plechová střešní krytina
trapézový plech střecha;google;;;;1;T-PLECH | plechová střešní krytina
plechové střechy ceník a montáží;seznam;11;7;0;;T-PLECH | plechová střešní krytina
falcované střechy;seznam;10;7;0.308;;T-PLECH | plechová střešní krytina
plechová střecha sklon;seznam+google;5;5;4.565;5;T-PLECH | plechová střešní krytina
falcovaná střecha cena;google;;;;2;T-PLECH | plechová střešní krytina
falcovaný plech na střechu cena;seznam;9;5;3.537;;T-PLECH | plechová střešní krytina
jak se pokládá plechová střecha;google;;;;2;T-PLECH | plechová střešní krytina
kolik stojí plechová střešní krytina;google;;;;2;T-PLECH | plechová střešní krytina
minimální sklon střechy trapézový plech;google;;;;2;T-PLECH | plechová střešní krytina
na kolik vyjde plechová střecha;google;;;;2;T-PLECH | plechová střešní krytina
nova plechova strecha cena;google;;;;2;T-PLECH | plechová střešní krytina
plechova strecha detail;google;;;;2;T-PLECH | plechová střešní krytina
plechova strecha hluk pri vetru;google;;;;2;T-PLECH | plechová střešní krytina
plechova strecha hneda;google;;;;2;T-PLECH | plechová střešní krytina
plechova strecha levne;google;;;;2;T-PLECH | plechová střešní krytina
plechova strecha oprava;google;;;;2;T-PLECH | plechová střešní krytina
plechova strecha tasky;google;;;;2;T-PLECH | plechová střešní krytina
plechova strecha ukonceni;google;;;;2;T-PLECH | plechová střešní krytina
plechová krytina antracit;seznam+google;6;4;3.533;9;T-PLECH | plechová střešní krytina
plechová krytina na střechu;google;;;;2;T-PLECH | plechová střešní krytina
plechová krytina na střechu 4 m;seznam;9;6;3.202;;T-PLECH | plechová střešní krytina
plechová střecha bauhaus;google;;;;2;T-PLECH | plechová střešní krytina
plechová střecha cena m2;google;;;;2;T-PLECH | plechová střešní krytina
plechová střecha falc;google;;;;2;T-PLECH | plechová střešní krytina
plechová střecha imitace tašek;google;;;;2;T-PLECH | plechová střešní krytina
plechová střecha jako tašky;google;;;;2;T-PLECH | plechová střešní krytina
plechová střecha klik klak;google;;;;2;T-PLECH | plechová střešní krytina
plechová střecha minimální sklon;google;;;;2;T-PLECH | plechová střešní krytina
plechová střecha ruukki;google;;;;2;T-PLECH | plechová střešní krytina
plechová střecha satjam cena;google;;;;2;T-PLECH | plechová střešní krytina
plechová střecha skladba;google;;;;2;T-PLECH | plechová střešní krytina
plechová střecha výhody;google;;;;2;T-PLECH | plechová střešní krytina
plechová střecha červená;google;;;;2;T-PLECH | plechová střešní krytina
plechová střecha šedá;google;;;;2;T-PLECH | plechová střešní krytina
plechová střešní krytina 3m;google;;;;2;T-PLECH | plechová střešní krytina
plechová střešní krytina akce;google;;;;2;T-PLECH | plechová střešní krytina
plechová střešní krytina antracit;seznam;9;8;3.689;;T-PLECH | plechová střešní krytina
plechová střešní krytina cena za m2;google;;;;2;T-PLECH | plechová střešní krytina
plechová střešní krytina levně;google;;;;2;T-PLECH | plechová střešní krytina
strecha plech cena;google;;;;2;T-PLECH | plechová střešní krytina
střešní krytina falcovaná;seznam+google;6;5;3.876;9;T-PLECH | plechová střešní krytina
střešní krytina falcovaný plech;google;;;;2;T-PLECH | plechová střešní krytina
střešní krytina satjam trend wave ocel;google;;;;2;T-PLECH | plechová střešní krytina
trapezova strecha cena;google;;;;2;T-PLECH | plechová střešní krytina
trapézová střecha montáž;google;;;;2;T-PLECH | plechová střešní krytina
trapézový plech střecha skladba;google;;;;2;T-PLECH | plechová střešní krytina
falcovaný plech cena;seznam+google;5;4;1.8;8;T-PLECH | plechová střešní krytina
plechová střecha ceník;seznam;8;6;1.4;;T-PLECH | plechová střešní krytina
plechová střešní krytina chrudim;seznam;8;4;3.763;;T-PLECH | plechová střešní krytina
plechové střechy cena práce;seznam;8;4;0;;T-PLECH | plechová střešní krytina
plechové střechy na malý sklon;seznam;8;6;0;;T-PLECH | plechová střešní krytina
cena plechové střechy za m2;google;;;;3;T-PLECH | plechová střešní krytina
falcovaná střecha skladba;google;;;;3;T-PLECH | plechová střešní krytina
falcovaný plech cena m2;google;;;;3;T-PLECH | plechová střešní krytina
jak se dělá plechová střecha;google;;;;3;T-PLECH | plechová střešní krytina
je plechová střecha hlučná;google;;;;3;T-PLECH | plechová střešní krytina
nejlepší plechová střešní krytina;google;;;;3;T-PLECH | plechová střešní krytina
nejlevnější střešní krytina plechová;seznam;7;5;2.4;;T-PLECH | plechová střešní krytina
nova plechova strecha;google;;;;3;T-PLECH | plechová střešní krytina
plechova strecha cena za metr;google;;;;3;T-PLECH | plechová střešní krytina
plechova strecha na ul;google;;;;3;T-PLECH | plechová střešní krytina
plechova strecha rovna;google;;;;3;T-PLECH | plechová střešní krytina
plechova strecha typy;google;;;;3;T-PLECH | plechová střešní krytina
plechova strecha vs skridla;google;;;;3;T-PLECH | plechová střešní krytina
plechova strecha zivotnost;google;;;;3;T-PLECH | plechová střešní krytina
plechová krytina click;google;;;;3;T-PLECH | plechová střešní krytina
plechová střecha anglicky;google;;;;3;T-PLECH | plechová střešní krytina
plechová střecha barvy;google;;;;3;T-PLECH | plechová střešní krytina
plechová střecha click;google;;;;3;T-PLECH | plechová střešní krytina
plechová střecha druhy;google;;;;3;T-PLECH | plechová střešní krytina
plechová střecha izolace;google;;;;3;T-PLECH | plechová střešní krytina
plechová střecha kalkulace;google;;;;3;T-PLECH | plechová střešní krytina
plechová střecha laťování;google;;;;3;T-PLECH | plechová střešní krytina
plechová střecha maxidek;google;;;;3;T-PLECH | plechová střešní krytina
plechová střecha, detaily ukončení střechy;seznam;7;7;1.8;;T-PLECH | plechová střešní krytina
plechová taška bobrovka;google;;;;3;T-PLECH | plechová střešní krytina
střecha satjam zkušenosti;google;;;;3;T-PLECH | plechová střešní krytina
střešní krytina plech bazar;google;;;;3;T-PLECH | plechová střešní krytina
střešní krytina satjam cena;google;;;;3;T-PLECH | plechová střešní krytina
střešní krytina satjam grande;seznam+google;4;4;2.2;9;T-PLECH | plechová střešní krytina
minimální sklon plechové střechy;seznam;6;4;3.529;;T-PLECH | plechová střešní krytina
plechová krytina satjam montáž;seznam;6;3;3.434;;T-PLECH | plechová střešní krytina
plechová střešní krytina laťování;seznam;6;3;4.101;;T-PLECH | plechová střešní krytina
plechová střešní krytina rovná;seznam;6;5;3.177;;T-PLECH | plechová střešní krytina
plechová střešní krytina s izolací;seznam;6;4;3.187;;T-PLECH | plechová střešní krytina
plechová střešní krytina s izolací polystyrenu;seznam;6;3;1.75;;T-PLECH | plechová střešní krytina
plechové střechy recenze;seznam;6;5;0;;T-PLECH | plechová střešní krytina
střešní plechová krytina klik klak;seznam;6;5;2.95;;T-PLECH | plechová střešní krytina
falcovaná střecha antracit;google;;;;5;T-PLECH | plechová střešní krytina
falcovaná střecha montáž;google;;;;4;T-PLECH | plechová střešní krytina
falcovaná střešní krytina cena;seznam;5;5;2.4;;T-PLECH | plechová střešní krytina
falcované plechy;seznam;5;4;0;;T-PLECH | plechová střešní krytina
falcovaný plech click;google;;;;5;T-PLECH | plechová střešní krytina
falcovaný plech klik;seznam;5;5;0.229;;T-PLECH | plechová střešní krytina
falcovaný plech střecha;google;;;;4;T-PLECH | plechová střešní krytina
kolik stojí střecha satjam;google;;;;5;T-PLECH | plechová střešní krytina
kolko stoji nova plechova strecha;google;;;;5;T-PLECH | plechová střešní krytina
minimální sklon střechy falcovaný plech;google;;;;5;T-PLECH | plechová střešní krytina
nejlevnější plechová střešní krytina;google;;;;4;T-PLECH | plechová střešní krytina
oprava falcované střechy;google;;;;4;T-PLECH | plechová střešní krytina
plastová střešní krytina recenze;google;;;;4;T-PLECH | plechová střešní krytina
plechova strecha a blesk;google;;;;5;T-PLECH | plechová střešní krytina
plechova strecha cerna;google;;;;4;T-PLECH | plechová střešní krytina
plechova strecha doplnky;google;;;;5;T-PLECH | plechová střešní krytina
plechova strecha farba;google;;;;5;T-PLECH | plechová střešní krytina
plechova strecha farby;google;;;;4;T-PLECH | plechová střešní krytina
plechova strecha hreben;google;;;;5;T-PLECH | plechová střešní krytina
plechova strecha imitacia skridle;google;;;;5;T-PLECH | plechová střešní krytina
plechova strecha latovanie;google;;;;4;T-PLECH | plechová střešní krytina
plechova strecha material;google;;;;4;T-PLECH | plechová střešní krytina
plechova strecha na dum;google;;;;5;T-PLECH | plechová střešní krytina
plechova strecha na udirnu;google;;;;4;T-PLECH | plechová střešní krytina
plechova strecha pro doma;google;;;;5;T-PLECH | plechová střešní krytina
plechova strecha rez;google;;;;4;T-PLECH | plechová střešní krytina
plechova strecha ruukki cena;google;;;;4;T-PLECH | plechová střešní krytina
plechova strecha trnava;google;;;;5;T-PLECH | plechová střešní krytina
plechova strecha ukoncenie;google;;;;5;T-PLECH | plechová střešní krytina
plechova strecha vlnita;google;;;;4;T-PLECH | plechová střešní krytina
plechova strecha zelena;google;;;;4;T-PLECH | plechová střešní krytina
plechová alebo škridlová strecha;google;;;;4;T-PLECH | plechová střešní krytina
plechová krytina click cena;google;;;;5;T-PLECH | plechová střešní krytina
plechová krytina taška;google;;;;4;T-PLECH | plechová střešní krytina
plechová střecha bobrovka;google;;;;4;T-PLECH | plechová střešní krytina
plechová střecha cena za práci;google;;;;4;T-PLECH | plechová střešní krytina
plechová střecha instalace;google;;;;4;T-PLECH | plechová střešní krytina
plechová střecha min sklon;google;;;;5;T-PLECH | plechová střešní krytina
plechová střecha otevřené;google;;;;4;T-PLECH | plechová střešní krytina
plechová střecha rozměry;google;;;;5;T-PLECH | plechová střešní krytina
plechová střecha rozteč latí;google;;;;5;T-PLECH | plechová střešní krytina
plechová střecha taška;google;;;;5;T-PLECH | plechová střešní krytina
plechová střecha vlna;google;;;;5;T-PLECH | plechová střešní krytina
plechová střešní krytina falcovaná;seznam;5;5;2.783;;T-PLECH | plechová střešní krytina
plechová střešní krytina montážní návod;google;;;;4;T-PLECH | plechová střešní krytina
plechové střechy výprodej;seznam;5;5;0.177;;T-PLECH | plechová střešní krytina
střecha plechová cena;google;;;;4;T-PLECH | plechová střešní krytina
střešní krytina plech klik;google;;;;4;T-PLECH | plechová střešní krytina
střešní krytina vlnitý plech;google;;;;5;T-PLECH | plechová střešní krytina
vymena plechovej strechy cena;google;;;;4;T-PLECH | plechová střešní krytina
výměna plechové střechy;google;;;;4;T-PLECH | plechová střešní krytina
falcovaná střecha cena za práci;seznam;4;2;2.4;;T-PLECH | plechová střešní krytina
falcovaný plech životnost;seznam;4;3;0.211;;T-PLECH | plechová střešní krytina
plechová střešní krytina bauhaus;seznam;4;2;3.685;;T-PLECH | plechová střešní krytina
plechové střechy blachotrapez;seznam;4;2;0.323;;T-PLECH | plechová střešní krytina
smí se použít lesklý plech jako střešní krytina;seznam;4;3;0.75;;T-PLECH | plechová střešní krytina
střešní krytina janošík blachotrapez;seznam;4;2;2.4;;T-PLECH | plechová střešní krytina
střešní krytina plechová lehká;seznam;4;4;3.643;;T-PLECH | plechová střešní krytina
střešní krytina plechová šablona;seznam;4;3;4.785;;T-PLECH | plechová střešní krytina
trapézová plechová střecha;seznam;4;3;3.358;;T-PLECH | plechová střešní krytina
ceník plechová střešní krytina;seznam;3;1;2.0;;T-PLECH | plechová střešní krytina
falcova plechova strecha;google;;;;9;T-PLECH | plechová střešní krytina
falcovaná střecha minimální sklon;google;;;;7;T-PLECH | plechová střešní krytina
falcovaná střecha satjam;google;;;;8;T-PLECH | plechová střešní krytina
falcovaný plech antracit;google;;;;6;T-PLECH | plechová střešní krytina
falcovaný plech minimální sklon;google;;;;7;T-PLECH | plechová střešní krytina
falcovaný plech satjam;google;;;;9;T-PLECH | plechová střešní krytina
jak se šroubuje plechová střecha;seznam;3;2;3.97;;T-PLECH | plechová střešní krytina
je lepší střecha z plechu nebo pálené skřidlice_;seznam;3;1;3.796;;T-PLECH | plechová střešní krytina
kolik stojí nová plechová střecha;google;;;;7;T-PLECH | plechová střešní krytina
krytina na střechu plechová;google;;;;8;T-PLECH | plechová střešní krytina
lacna plechova strecha;google;;;;7;T-PLECH | plechová střešní krytina
lehká plechová střecha;google;;;;6;T-PLECH | plechová střešní krytina
minimální sklon střechy plech;google;;;;9;T-PLECH | plechová střešní krytina
minimální sklon střechy pro plechovou krytinu;google;;;;8;T-PLECH | plechová střešní krytina
nejlevnější trapézová střešní krytina čirá;seznam;3;3;3.587;;T-PLECH | plechová střešní krytina
oprava falcovanej strechy;google;;;;7;T-PLECH | plechová střešní krytina
plastová střešní krytina cena;google;;;;7;T-PLECH | plechová střešní krytina
plastová střešní krytina eureko;google;;;;10;T-PLECH | plechová střešní krytina
plechova strecha alebo skridla;google;;;;7;T-PLECH | plechová střešní krytina
plechova strecha bungalov;google;;;;9;T-PLECH | plechová střešní krytina
plechova strecha cervena;google;;;;6;T-PLECH | plechová střešní krytina
plechova strecha click system;google;;;;7;T-PLECH | plechová střešní krytina
plechova strecha kjg;google;;;;10;T-PLECH | plechová střešní krytina
plechova strecha konfigurator;google;;;;9;T-PLECH | plechová střešní krytina
plechova strecha krytina;google;;;;7;T-PLECH | plechová střešní krytina
plechova strecha m2;google;;;;7;T-PLECH | plechová střešní krytina
plechova strecha maslen;google;;;;6;T-PLECH | plechová střešní krytina
plechova strecha minimalny sklon;google;;;;8;T-PLECH | plechová střešní krytina
plechova strecha na drevnik;google;;;;8;T-PLECH | plechová střešní krytina
plechova strecha na zahradny domcek;google;;;;10;T-PLECH | plechová střešní krytina
plechova strecha podklad;google;;;;8;T-PLECH | plechová střešní krytina
plechova strecha ral;google;;;;8;T-PLECH | plechová střešní krytina
plechova strecha s izolaci;google;;;;6;T-PLECH | plechová střešní krytina
plechova strecha sablony;google;;;;10;T-PLECH | plechová střešní krytina
plechova strecha vlnky;google;;;;6;T-PLECH | plechová střešní krytina
plechova strecha vyhody a nevyhody;google;;;;9;T-PLECH | plechová střešní krytina
plechova strecha vypocet;google;;;;7;T-PLECH | plechová střešní krytina
plechová antracitová střecha;google;;;;8;T-PLECH | plechová střešní krytina
plechová krytina bazar;google;;;;7;T-PLECH | plechová střešní krytina
plechová krytina dek;google;;;;10;T-PLECH | plechová střešní krytina
plechová krytina imitace tašek;google;;;;6;T-PLECH | plechová střešní krytina
plechová strecha výpočet ceny;google;;;;10;T-PLECH | plechová střešní krytina
plechová střecha allegro;google;;;;6;T-PLECH | plechová střešní krytina
plechová střecha baumax;google;;;;7;T-PLECH | plechová střešní krytina
plechová střecha blachotrapez;google;;;;6;T-PLECH | plechová střešní krytina
plechová střecha blesk;google;;;;10;T-PLECH | plechová střešní krytina
plechová střecha dřísy;seznam;3;1;4.013;;T-PLECH | plechová střešní krytina
plechová střecha hlučnost;google;;;;8;T-PLECH | plechová střešní krytina
plechová střecha konstrukce;google;;;;8;T-PLECH | plechová střešní krytina
plechová střecha pokládka;google;;;;6;T-PLECH | plechová střešní krytina
plechová střecha pozink;google;;;;9;T-PLECH | plechová střešní krytina
plechová střecha prodoma;google;;;;7;T-PLECH | plechová střešní krytina
plechová střecha s filcem;google;;;;6;T-PLECH | plechová střešní krytina
plechová střecha zakončení;google;;;;7;T-PLECH | plechová střešní krytina
plechová střešní krytina guttatop klasik;google;;;;10;T-PLECH | plechová střešní krytina
plechová střešní krytina omak lima montáž krytiny;seznam;3;2;1.7;;T-PLECH | plechová střešní krytina
plechová střešní krytina taška;google;;;;6;T-PLECH | plechová střešní krytina
plechová střešní krytina tr-kjg pzan 18a 0,5mm;seznam;3;2;2.948;;T-PLECH | plechová střešní krytina
plechová střešní krytina černá;google;;;;8;T-PLECH | plechová střešní krytina
plechové střechy dek;seznam;3;2;0;;T-PLECH | plechová střešní krytina
plechové střechy velká bíteš a okolí;seznam;3;2;0.321;;T-PLECH | plechová střešní krytina
pultová střecha, konstrukce pro trapézový plech;seznam;3;1;3.035;;T-PLECH | plechová střešní krytina
rekonstrukce plechové střechy;google;;;;8;T-PLECH | plechová střešní krytina
střecha falcovaný plech cena;google;;;;6;T-PLECH | plechová střešní krytina
střešní krytina blachotrapez retro;seznam;3;3;2.2;;T-PLECH | plechová střešní krytina
střešní krytina falcovaná doplňky;seznam;3;1;3.979;;T-PLECH | plechová střešní krytina
střešní krytina plech 4 m;seznam;3;3;2.15;;T-PLECH | plechová střešní krytina
střešní krytina plech antracit;google;;;;6;T-PLECH | plechová střešní krytina
střešní krytina plech cena;google;;;;8;T-PLECH | plechová střešní krytina
střešní krytina plech dek;google;;;;10;T-PLECH | plechová střešní krytina
střešní krytina plech satjam;google;;;;7;T-PLECH | plechová střešní krytina
střešní krytina plechová v metráži;seznam;3;3;2.15;;T-PLECH | plechová střešní krytina
střešní krytina satjam, taurus maxx;seznam;3;2;3.171;;T-PLECH | plechová střešní krytina
střešní krytina trapez;google;;;;7;T-PLECH | plechová střešní krytina
umělá střešní krytina trapézová;seznam;3;1;3.93;;T-PLECH | plechová střešní krytina
vymena plechovej strechy;google;;;;10;T-PLECH | plechová střešní krytina
šikmá střecha s plechovou krytinou;google;;;;8;T-PLECH | plechová střešní krytina
výměna střešní krytiny povolení;seznam+google;33;14;3.425;1;T-POVOLENI | výměna střešní krytiny povolení
půdní vestavba stavební povolení;seznam+google;25;9;1.8;4;T-POVOLENI | výměna střešní krytiny povolení
rekonstrukce střechy povolení;seznam+google;6;3;2.4;1;T-POVOLENI | výměna střešní krytiny povolení
oprava střechy stavební povolení;seznam+google;5;5;4.409;1;T-POVOLENI | výměna střešní krytiny povolení
nova strecha povoleni;google;;;;1;T-POVOLENI | výměna střešní krytiny povolení
nová střecha stavební povolení;google;;;;1;T-POVOLENI | výměna střešní krytiny povolení
oprava střechy povolení;google;;;;1;T-POVOLENI | výměna střešní krytiny povolení
projekt střecha;google;;;;1;T-POVOLENI | výměna střešní krytiny povolení
rekonstrukce střechy projekt;google;;;;1;T-POVOLENI | výměna střešní krytiny povolení
rekonstrukce střechy stavební povolení;google;;;;1;T-POVOLENI | výměna střešní krytiny povolení
střecha stavební povolení;google;;;;1;T-POVOLENI | výměna střešní krytiny povolení
vymena strechy povoleni;google;;;;1;T-POVOLENI | výměna střešní krytiny povolení
výměna střechy ohlášení;google;;;;1;T-POVOLENI | výměna střešní krytiny povolení
výměna střechy povolení;google;;;;1;T-POVOLENI | výměna střešní krytiny povolení
výměna střechy stavební povolení;google;;;;1;T-POVOLENI | výměna střešní krytiny povolení
výměna střešní krytiny ohlášení;google;;;;1;T-POVOLENI | výměna střešní krytiny povolení
výměna střešní krytiny ohlášení 2024;google;;;;1;T-POVOLENI | výměna střešní krytiny povolení
výměna střešní krytiny stavební povolení;google;;;;1;T-POVOLENI | výměna střešní krytiny povolení
ohlášení rekonstrukce střechy vzor;google;;;;2;T-POVOLENI | výměna střešní krytiny povolení
pultova strecha projekt;google;;;;2;T-POVOLENI | výměna střešní krytiny povolení
půdní vestavba povolení;google;;;;2;T-POVOLENI | výměna střešní krytiny povolení
rekonstrukce střechy stavební povolení 2025;google;;;;2;T-POVOLENI | výměna střešní krytiny povolení
vymena strechy stavebne povolenie;google;;;;2;T-POVOLENI | výměna střešní krytiny povolení
rekonstrukce střechy bez stavebního povolení;google;;;;3;T-POVOLENI | výměna střešní krytiny povolení
oprava strechy ohlasenie;google;;;;4;T-POVOLENI | výměna střešní krytiny povolení
sedlova strecha projekt;google;;;;4;T-POVOLENI | výměna střešní krytiny povolení
vymena strechy ohlasenie;google;;;;4;T-POVOLENI | výměna střešní krytiny povolení
jak daleko střecha od sousedů;seznam;3;1;3.136;;T-POVOLENI | výměna střešní krytiny povolení
oprava strechy stavebne povolenie;google;;;;8;T-POVOLENI | výměna střešní krytiny povolení
půdní vestavba povolení 2025;google;;;;10;T-POVOLENI | výměna střešní krytiny povolení
hliníková střešní krytina;seznam+google;182;105;4.466;1;T-PREFA | hliníková střešní krytina
prefa střechy;seznam+google;73;59;3.726;1;T-PREFA | hliníková střešní krytina
hliníková krytina na střechu;seznam+google;32;19;2.969;2;T-PREFA | hliníková střešní krytina
hans prefa;seznam;38;33;2.88;;T-PREFA | hliníková střešní krytina
maba prefa;seznam;38;36;3.859;;T-PREFA | hliníková střešní krytina
hliníková střešní krytina prefa;seznam+google;32;22;1.6;4;T-PREFA | hliníková střešní krytina
cs beton prefa;seznam;26;20;2.911;;T-PREFA | hliníková střešní krytina
střešní krytina hliníková prefa;seznam;26;14;2.4;;T-PREFA | hliníková střešní krytina
prefa ceník;seznam+google;13;8;3.581;1;T-PREFA | hliníková střešní krytina
prefa střecha ceník;seznam;24;17;3.086;;T-PREFA | hliníková střešní krytina
střešní krytina prefa;seznam+google;19;14;4.259;4;T-PREFA | hliníková střešní krytina
střecha prefa;seznam;22;19;2.992;;T-PREFA | hliníková střešní krytina
břidlicová střecha;seznam+google;6;4;0.285;1;T-PREFA | hliníková střešní krytina
prefa hliníková střecha;seznam;18;10;3.125;;T-PREFA | hliníková střešní krytina
střešní krytina hliník;seznam+google;8;6;3.843;2;T-PREFA | hliníková střešní krytina
střešní krytina imitace břidlice;seznam+google;7;5;2.4;2;T-PREFA | hliníková střešní krytina
hliníková krytina satjam;seznam+google;9;8;2.942;5;T-PREFA | hliníková střešní krytina
hliníková krytina;seznam+google;0;0;3.509;1;T-PREFA | hliníková střešní krytina
hliníková strecha diskuze;google;;;;1;T-PREFA | hliníková střešní krytina
hliníková střecha cena;google;;;;1;T-PREFA | hliníková střešní krytina
hliníková střešní krytina zkušenosti;google;;;;1;T-PREFA | hliníková střešní krytina
měděná střecha;google;;;;1;T-PREFA | hliníková střešní krytina
prefa;seznam+google;0;0;3.967;1;T-PREFA | hliníková střešní krytina
prefa aluminium;google;;;;1;T-PREFA | hliníková střešní krytina
prefa cena za m2;google;;;;1;T-PREFA | hliníková střešní krytina
prefa fasady;google;;;;1;T-PREFA | hliníková střešní krytina
prefa krytina;seznam+google;5;5;3.091;3;T-PREFA | hliníková střešní krytina
prefa montážní návod;google;;;;1;T-PREFA | hliníková střešní krytina
prefa recenze;google;;;;1;T-PREFA | hliníková střešní krytina
prefa strecha cena;google;;;;1;T-PREFA | hliníková střešní krytina
prefa taška;google;;;;1;T-PREFA | hliníková střešní krytina
prefa vs ziegel;google;;;;1;T-PREFA | hliníková střešní krytina
prefa záruka;google;;;;1;T-PREFA | hliníková střešní krytina
prefa šablona;google;;;;1;T-PREFA | hliníková střešní krytina
střecha titanzinek cena;google;;;;1;T-PREFA | hliníková střešní krytina
titanzinek střecha;google;;;;1;T-PREFA | hliníková střešní krytina
betonové šachty prefa;seznam;11;7;3.021;;T-PREFA | hliníková střešní krytina
hliníková střecha satjam cena;seznam;11;11;2.6;;T-PREFA | hliníková střešní krytina
střešní krytina hliníková;seznam+google;8;7;3.505;8;T-PREFA | hliníková střešní krytina
střešní krytina umělá břidlice;seznam+google;3;3;3.714;3;T-PREFA | hliníková střešní krytina
břidlicová střecha životnost;google;;;;2;T-PREFA | hliníková střešní krytina
firma prefa dach;google;;;;2;T-PREFA | hliníková střešní krytina
hliníková střecha prefa cena;google;;;;2;T-PREFA | hliníková střešní krytina
hliníková střecha zkušenosti;google;;;;2;T-PREFA | hliníková střešní krytina
hliníková střešní krytina cena;google;;;;2;T-PREFA | hliníková střešní krytina
měděná střecha cena;google;;;;2;T-PREFA | hliníková střešní krytina
prefa aluminiumprodukte;google;;;;2;T-PREFA | hliníková střešní krytina
prefa cena;google;;;;2;T-PREFA | hliníková střešní krytina
prefa ceník 2026;google;;;;2;T-PREFA | hliníková střešní krytina
prefa falcovaná taška;google;;;;2;T-PREFA | hliníková střešní krytina
prefa falcovaný plech;google;;;;2;T-PREFA | hliníková střešní krytina
prefa montážní příručka;google;;;;2;T-PREFA | hliníková střešní krytina
prefa střechy ceník;google;;;;2;T-PREFA | hliníková střešní krytina
prefa střechy recenze;google;;;;2;T-PREFA | hliníková střešní krytina
prefa vs figo;google;;;;2;T-PREFA | hliníková střešní krytina
prefa šablona 44x44;google;;;;2;T-PREFA | hliníková střešní krytina
prefa prefalz;seznam+google;5;4;3.876;6;T-PREFA | hliníková střešní krytina
břidlice střecha cena;google;;;;3;T-PREFA | hliníková střešní krytina
hliníková krytina prefa;google;;;;3;T-PREFA | hliníková střešní krytina
hliníková střešní krytina satjam;google;;;;3;T-PREFA | hliníková střešní krytina
kolik stojí břidlicová střecha;google;;;;3;T-PREFA | hliníková střešní krytina
krytina hliníková satjam deluxe excelent;seznam;7;2;3.209;;T-PREFA | hliníková střešní krytina
nejlevnější hliníková střešní krytina;google;;;;3;T-PREFA | hliníková střešní krytina
oprava hlinikove strechy;google;;;;3;T-PREFA | hliníková střešní krytina
plechová střecha prefa;google;;;;3;T-PREFA | hliníková střešní krytina
prefa aluminiumprodukte s.r.o;google;;;;3;T-PREFA | hliníková střešní krytina
prefa cena betonu;google;;;;3;T-PREFA | hliníková střešní krytina
prefa ceník 2025;google;;;;3;T-PREFA | hliníková střešní krytina
prefa falcovaná střešní taška;google;;;;3;T-PREFA | hliníková střešní krytina
prefa fasáda cena;google;;;;3;T-PREFA | hliníková střešní krytina
prefa montáž;google;;;;3;T-PREFA | hliníková střešní krytina
prefa prefalz 500;google;;;;3;T-PREFA | hliníková střešní krytina
prefa šablona 29x29;google;;;;3;T-PREFA | hliníková střešní krytina
střecha prefa cena;google;;;;3;T-PREFA | hliníková střešní krytina
střešní krytina hliníkový plech;google;;;;3;T-PREFA | hliníková střešní krytina
titanzinek plech střecha;google;;;;3;T-PREFA | hliníková střešní krytina
falcovaná střecha prefa;seznam+google;3;2;1.8;9;T-PREFA | hliníková střešní krytina
hliníková střešní krytina klik;seznam;6;4;2.4;;T-PREFA | hliníková střešní krytina
prefa plech barevné odstíny;seznam;6;3;4.456;;T-PREFA | hliníková střešní krytina
střešní krytina satjam rombo metalic - hliník;seznam;6;5;3.545;;T-PREFA | hliníková střešní krytina
břidlicová střecha cena;google;;;;4;T-PREFA | hliníková střešní krytina
cena hliníkové střechy za m2;google;;;;4;T-PREFA | hliníková střešní krytina
hans prefa recenze;google;;;;4;T-PREFA | hliníková střešní krytina
hliníková krytina cena;google;;;;4;T-PREFA | hliníková střešní krytina
hliníková střecha životnost;google;;;;4;T-PREFA | hliníková střešní krytina
hliníková střešní krytina ceník;seznam;5;4;2.4;;T-PREFA | hliníková střešní krytina
hliníkové šablony prefa;seznam;5;5;2.455;;T-PREFA | hliníková střešní krytina
krytina na střechu hliníková;seznam;5;4;2.4;;T-PREFA | hliníková střešní krytina
prefa aluminiumprodukte s.r.o. – střešní systémy;google;;;;5;T-PREFA | hliníková střešní krytina
prefa aluminiumprodukte s.r.o. – střešní systémy fotky;google;;;;4;T-PREFA | hliníková střešní krytina
prefa ceník 2024;google;;;;4;T-PREFA | hliníková střešní krytina
prefa dach forum;google;;;;5;T-PREFA | hliníková střešní krytina
prefa falcovaný plech cena;google;;;;4;T-PREFA | hliníková střešní krytina
prefa fasadni obklad;google;;;;5;T-PREFA | hliníková střešní krytina
prefa krytiny;seznam;5;3;1.8;;T-PREFA | hliníková střešní krytina
prefa plech;google;;;;4;T-PREFA | hliníková střešní krytina
prefa šablona 44x44 montážní návod;google;;;;4;T-PREFA | hliníková střešní krytina
prefa šablona montážní návod;seznam;5;3;1.8;;T-PREFA | hliníková střešní krytina
rheinzink vs prefa;google;;;;5;T-PREFA | hliníková střešní krytina
satjam vs prefa;google;;;;4;T-PREFA | hliníková střešní krytina
střešní krytina hliníkové šablony;google;;;;5;T-PREFA | hliníková střešní krytina
střešní krytina prefa montáž;seznam;5;4;2.2;;T-PREFA | hliníková střešní krytina
webshop prefa;google;;;;5;T-PREFA | hliníková střešní krytina
alu střešní krytina plechová;seznam;4;2;3.599;;T-PREFA | hliníková střešní krytina
betonová jímka prefa;seznam;4;4;2.495;;T-PREFA | hliníková střešní krytina
firma prefa;seznam;4;3;3.351;;T-PREFA | hliníková střešní krytina
dachziegel vs prefa;google;;;;8;T-PREFA | hliníková střešní krytina
falcovaný plech prefa;google;;;;10;T-PREFA | hliníková střešní krytina
haushaut vs prefa;google;;;;9;T-PREFA | hliníková střešní krytina
hliníková krytina antracit;google;;;;9;T-PREFA | hliníková střešní krytina
hliníková krytina bazar;google;;;;6;T-PREFA | hliníková střešní krytina
hliníková krytina klik;google;;;;7;T-PREFA | hliníková střešní krytina
hliníková krytina na střechu cena;google;;;;10;T-PREFA | hliníková střešní krytina
hliníková krytina zkušenosti;google;;;;8;T-PREFA | hliníková střešní krytina
hliníková střešní krytina alukryt;google;;;;6;T-PREFA | hliníková střešní krytina
hliníková střešní krytina bazar;google;;;;8;T-PREFA | hliníková střešní krytina
hliníková střešní krytina lindab;google;;;;7;T-PREFA | hliníková střešní krytina
hliníková střešní krytina na 7;google;;;;9;T-PREFA | hliníková střešní krytina
jak dlouho vydrží hliníková střecha;google;;;;6;T-PREFA | hliníková střešní krytina
oprava břidlicové střechy;google;;;;8;T-PREFA | hliníková střešní krytina
oprava hlinikovej strechy;google;;;;8;T-PREFA | hliníková střešní krytina
plechova strecha hlinik;google;;;;7;T-PREFA | hliníková střešní krytina
prefa aluminiumprodukte gmbh;google;;;;10;T-PREFA | hliníková střešní krytina
prefa dach erfahrungen forum;google;;;;8;T-PREFA | hliníková střešní krytina
prefa dach vs ziegel;google;;;;6;T-PREFA | hliníková střešní krytina
prefa falcovaná taška stucco;seznam;3;2;1.8;;T-PREFA | hliníková střešní krytina
prefa falcovaná šablona;google;;;;8;T-PREFA | hliníková střešní krytina
prefa fasáda;seznam;3;3;1.8;;T-PREFA | hliníková střešní krytina
prefa hlinik;google;;;;7;T-PREFA | hliníková střešní krytina
prefa plech svitek cena;seznam;3;3;1.4;;T-PREFA | hliníková střešní krytina
prefa prefalz cena;google;;;;9;T-PREFA | hliníková střešní krytina
prefa solar 500;google;;;;7;T-PREFA | hliníková střešní krytina
prefa solarmodul prefalz 500;google;;;;9;T-PREFA | hliníková střešní krytina
prefa střešní krytina;google;;;;9;T-PREFA | hliníková střešní krytina
prefa system sro recenze;google;;;;7;T-PREFA | hliníková střešní krytina
prefalz;google;;;;7;T-PREFA | hliníková střešní krytina
střešní krytina alu plech;google;;;;9;T-PREFA | hliníková střešní krytina
střešní krytina břidlice;google;;;;10;T-PREFA | hliníková střešní krytina
střešní krytina prefa cena;google;;;;9;T-PREFA | hliníková střešní krytina
rekonstrukce střechy;seznam+google;66;37;3.786;1;T-REKONSTR | rekonstrukce střechy cena
krytina na střechu s malým sklonem;seznam+google;17;7;4.276;3;T-REKONSTR | rekonstrukce střechy cena
půdní vestavba;seznam+google;10;9;3.414;1;T-REKONSTR | rekonstrukce střechy cena
rekonstrukce střechy na klíč;seznam+google;9;5;4.086;1;T-REKONSTR | rekonstrukce střechy cena
kolik stojí rekonstrukce střechy;seznam+google;7;4;4.388;1;T-REKONSTR | rekonstrukce střechy cena
rekonstrukce střechy firmy;seznam+google;5;4;2.4;1;T-REKONSTR | rekonstrukce střechy cena
minimální sklon střechy na tašky;seznam;16;11;0;;T-REKONSTR | rekonstrukce střechy cena
rekonstrukce střechy cena;seznam+google;6;4;2.994;2;T-REKONSTR | rekonstrukce střechy cena
jak dlouho trvá rekonstrukce střechy;google;;;;1;T-REKONSTR | rekonstrukce střechy cena
minimální sklon střechy;google;;;;1;T-REKONSTR | rekonstrukce střechy cena
poptávka rekonstrukce střechy;google;;;;1;T-REKONSTR | rekonstrukce střechy cena
rekonstrukce střechy cena m2;google;;;;1;T-REKONSTR | rekonstrukce střechy cena
rekonstrukce střechy kalkulačka;google;;;;1;T-REKONSTR | rekonstrukce střechy cena
rekonstrukce střechy rodinného domu;google;;;;1;T-REKONSTR | rekonstrukce střechy cena
rekonstrukce střechy vysočina;google;;;;1;T-REKONSTR | rekonstrukce střechy cena
strecha sklon 30;google;;;;1;T-REKONSTR | rekonstrukce střechy cena
na kolik vyjde rekonstrukce střechy;google;;;;2;T-REKONSTR | rekonstrukce střechy cena
rekonstrukce rovné střechy;google;;;;2;T-REKONSTR | rekonstrukce střechy cena
střecha sklon;google;;;;2;T-REKONSTR | rekonstrukce střechy cena
střešní krytina sklon 5;google;;;;2;T-REKONSTR | rekonstrukce střechy cena
rekonstrukce střechy turnov;seznam;8;5;3.932;;T-REKONSTR | rekonstrukce střechy cena
rozpočet rekonstrukce střechy;google;;;;3;T-REKONSTR | rekonstrukce střechy cena
smlouva o dílo rekonstrukce střechy vzor;google;;;;3;T-REKONSTR | rekonstrukce střechy cena
střecha sklon 10;google;;;;3;T-REKONSTR | rekonstrukce střechy cena
šikmá střecha sklon;google;;;;3;T-REKONSTR | rekonstrukce střechy cena
kompletní rekonstrukce střechy;google;;;;5;T-REKONSTR | rekonstrukce střechy cena
kompletní rekonstrukce střechy cena;google;;;;4;T-REKONSTR | rekonstrukce střechy cena
minimální sklon střechy pro tašky;google;;;;4;T-REKONSTR | rekonstrukce střechy cena
půdní vestavba cena za m2;google;;;;5;T-REKONSTR | rekonstrukce střechy cena
rekonstrukce sedlové střechy;google;;;;5;T-REKONSTR | rekonstrukce střechy cena
rekonstrukce staré střechy;google;;;;4;T-REKONSTR | rekonstrukce střechy cena
rekonstrukce střechy cena za m2;seznam;5;5;2.2;;T-REKONSTR | rekonstrukce střechy cena
rekonstrukce střechy postup;google;;;;5;T-REKONSTR | rekonstrukce střechy cena
strecha sklon 15;google;;;;5;T-REKONSTR | rekonstrukce střechy cena
strecha sklonovani;google;;;;4;T-REKONSTR | rekonstrukce střechy cena
střešní krytina sklon 10;google;;;;4;T-REKONSTR | rekonstrukce střechy cena
půdní vestavby fotogalerie;seznam;4;3;0;;T-REKONSTR | rekonstrukce střechy cena
rekonstrukce střech velké bílovice;seznam;4;2;0.276;;T-REKONSTR | rekonstrukce střechy cena
kalkulace rekonstrukce střechy;google;;;;6;T-REKONSTR | rekonstrukce střechy cena
pultová střecha sklon;google;;;;7;T-REKONSTR | rekonstrukce střechy cena
půdní vestavba cena;google;;;;7;T-REKONSTR | rekonstrukce střechy cena
půdní vestavba cena za m2 2025;google;;;;6;T-REKONSTR | rekonstrukce střechy cena
půdní vestavba inspirace;google;;;;9;T-REKONSTR | rekonstrukce střechy cena
půdní vestavba na klíč cena;google;;;;8;T-REKONSTR | rekonstrukce střechy cena
rekonstrukce pultove strechy;google;;;;9;T-REKONSTR | rekonstrukce střechy cena
sedlová střecha sklon;google;;;;6;T-REKONSTR | rekonstrukce střechy cena
střecha sklonitá;google;;;;6;T-REKONSTR | rekonstrukce střechy cena
střešní krytina pro malý sklon;google;;;;8;T-REKONSTR | rekonstrukce střechy cena
valbová střecha sklon;google;;;;10;T-REKONSTR | rekonstrukce střechy cena
kanadský šindel;seznam+google;162;114;4.105;1;T-SINDEL | kanadský šindel
střešní krytina šindel;seznam+google;39;28;5.024;1;T-SINDEL | kanadský šindel
střešní krytina onduline;seznam+google;30;19;3.835;2;T-SINDEL | kanadský šindel
šindelová střecha;seznam+google;17;13;3.536;1;T-SINDEL | kanadský šindel
kanadský šindel akce;seznam+google;12;6;3.924;1;T-SINDEL | kanadský šindel
oprava šindelové střechy;seznam+google;12;7;4.253;1;T-SINDEL | kanadský šindel
kanadský šindel montáž;seznam+google;11;6;2.4;1;T-SINDEL | kanadský šindel
kanadský šindel pásy;seznam;23;16;3.678;;T-SINDEL | kanadský šindel
kanadský šindel pokládka;seznam+google;10;7;3.623;1;T-SINDEL | kanadský šindel
jak položit kanadský šindel;seznam+google;9;6;3.023;1;T-SINDEL | kanadský šindel
kanadský šindel v roli;seznam+google;8;5;2.4;1;T-SINDEL | kanadský šindel
bitumenový šindel;seznam+google;7;7;3.152;1;T-SINDEL | kanadský šindel
asfaltová střešní krytina v rolích;seznam;18;8;2.4;;T-SINDEL | kanadský šindel
krytina na střechu šindel;seznam;18;14;2.4;;T-SINDEL | kanadský šindel
kanadský šindel recenze;seznam+google;5;3;3.817;1;T-SINDEL | kanadský šindel
kanadský asfaltový šindel;seznam+google;9;6;2.4;3;T-SINDEL | kanadský šindel
kanadský šindel cena;seznam+google;3;3;3.273;1;T-SINDEL | kanadský šindel
asfaltová střešní krytina;seznam;13;11;3.566;;T-SINDEL | kanadský šindel
co je kanadský šindel;google;;;;1;T-SINDEL | kanadský šindel
kanadský šindel bazar;google;;;;1;T-SINDEL | kanadský šindel
kanadský šindel dek;google;;;;1;T-SINDEL | kanadský šindel
kanadský šindel iko;google;;;;1;T-SINDEL | kanadský šindel
kanadský šindel katepal;google;;;;1;T-SINDEL | kanadský šindel
kanadský šindel minimální sklon;google;;;;1;T-SINDEL | kanadský šindel
kanadský šindel návod na montáž;google;;;;1;T-SINDEL | kanadský šindel
kanadský šindel pokládka video;seznam;12;8;2.4;;T-SINDEL | kanadský šindel
kanadský šindel sklon střechy;google;;;;1;T-SINDEL | kanadský šindel
kanadský šindel zelený;google;;;;1;T-SINDEL | kanadský šindel
kanadský šindel černý;google;;;;1;T-SINDEL | kanadský šindel
kanadský šindel šedý;google;;;;1;T-SINDEL | kanadský šindel
kanadský šindel životnost;google;;;;1;T-SINDEL | kanadský šindel
kolik stojí kanadský šindel;google;;;;1;T-SINDEL | kanadský šindel
oprava střechy z asfaltových šindelů;google;;;;1;T-SINDEL | kanadský šindel
šindelová střecha cena;google;;;;1;T-SINDEL | kanadský šindel
bitumenový šindel montáž;google;;;;2;T-SINDEL | kanadský šindel
co se dává pod kanadský šindel;google;;;;2;T-SINDEL | kanadský šindel
jak opravit kanadský šindel;google;;;;2;T-SINDEL | kanadský šindel
kanadský šindel antracit;google;;;;2;T-SINDEL | kanadský šindel
kanadský šindel bobrovka;google;;;;2;T-SINDEL | kanadský šindel
kanadský šindel cena m2;google;;;;2;T-SINDEL | kanadský šindel
kanadský šindel hnědý;google;;;;2;T-SINDEL | kanadský šindel
kanadský šindel montáž cena;google;;;;2;T-SINDEL | kanadský šindel
kanadský šindel montáž video;google;;;;2;T-SINDEL | kanadský šindel
kanadský šindel na střechu;google;;;;2;T-SINDEL | kanadský šindel
kanadský šindel oprava;google;;;;2;T-SINDEL | kanadský šindel
kanadský šindel pasy;google;;;;2;T-SINDEL | kanadský šindel
kanadský šindel pro doma;google;;;;2;T-SINDEL | kanadský šindel
kanadský šindel rozměry;google;;;;2;T-SINDEL | kanadský šindel
kanadský šindel sklon;google;;;;2;T-SINDEL | kanadský šindel
kanadský šindel zivotnost;google;;;;2;T-SINDEL | kanadský šindel
kanadský šindel červený;google;;;;2;T-SINDEL | kanadský šindel
kvalitní kanadský šindel;google;;;;2;T-SINDEL | kanadský šindel
oprava střechy z kanadských šindelů;seznam;9;4;4.518;;T-SINDEL | kanadský šindel
střešní krytina kanadská šindel;seznam;9;7;3.2;;T-SINDEL | kanadský šindel
střešní krytina umělý šindel;google;;;;2;T-SINDEL | kanadský šindel
asfaltová střešní krytina v pásu;seznam;7;5;2.4;;T-SINDEL | kanadský šindel
asfaltový bitumenový šindel;google;;;;3;T-SINDEL | kanadský šindel
kanadský šindel bazos;google;;;;3;T-SINDEL | kanadský šindel
kanadský šindel cambridge;google;;;;3;T-SINDEL | kanadský šindel
kanadský šindel cena za m2;google;;;;3;T-SINDEL | kanadský šindel
kanadský šindel modifikovaný;google;;;;3;T-SINDEL | kanadský šindel
kanadský šindel pásy baumax;seznam;7;6;2.4;;T-SINDEL | kanadský šindel
krytina kanadský šindel;google;;;;3;T-SINDEL | kanadský šindel
oprava střechy kanadský šindel;google;;;;3;T-SINDEL | kanadský šindel
plechová střecha šindel;google;;;;3;T-SINDEL | kanadský šindel
střešní krytina kanadský šindel;seznam+google;4;4;3.2;8;T-SINDEL | kanadský šindel
střešní krytina onduline montáž;google;;;;3;T-SINDEL | kanadský šindel
šindelová střecha životnost;google;;;;3;T-SINDEL | kanadský šindel
kanadský šindel v pásech;seznam;6;5;2.4;;T-SINDEL | kanadský šindel
montáž střešní krytina onduline;seznam;6;3;4.018;;T-SINDEL | kanadský šindel
střešní krytina iko;seznam+google;3;3;3.789;7;T-SINDEL | kanadský šindel
střešní krytina šindel v roli;seznam;6;5;2.15;;T-SINDEL | kanadský šindel
bitumenová střecha montáž;google;;;;5;T-SINDEL | kanadský šindel
jak dlouho vydrží šindelová střecha;google;;;;5;T-SINDEL | kanadský šindel
kanadský šindel postup;google;;;;4;T-SINDEL | kanadský šindel
kvalitný kanadský šindel;google;;;;4;T-SINDEL | kanadský šindel
oprava strechy sindel;google;;;;5;T-SINDEL | kanadský šindel
prefa šindel;google;;;;5;T-SINDEL | kanadský šindel
střecha kanadský šindel;google;;;;5;T-SINDEL | kanadský šindel
střešní krytina asfaltový šindel;google;;;;4;T-SINDEL | kanadský šindel
střešní krytina dřevěný šindel;seznam;5;3;4.48;;T-SINDEL | kanadský šindel
střešní krytina iko cambridge;google;;;;4;T-SINDEL | kanadský šindel
střešní krytina tegola;google;;;;5;T-SINDEL | kanadský šindel
střešní krytina šindel bobrovka;google;;;;4;T-SINDEL | kanadský šindel
střešní krytina šindel ceník;google;;;;4;T-SINDEL | kanadský šindel
šindelová střecha návod;google;;;;5;T-SINDEL | kanadský šindel
šindelová střecha skladba;google;;;;4;T-SINDEL | kanadský šindel
podkladový pás pod kanadský šindel;seznam;4;3;3.15;;T-SINDEL | kanadský šindel
asfaltová střešní krytina dek;google;;;;10;T-SINDEL | kanadský šindel
asfaltová šindelová střecha;google;;;;6;T-SINDEL | kanadský šindel
dřevěná šindelová střecha;google;;;;7;T-SINDEL | kanadský šindel
jak vypadá šindelová střecha;google;;;;10;T-SINDEL | kanadský šindel
kanadská šindel diamant;seznam;3;2;0.284;;T-SINDEL | kanadský šindel
minimální sklon střechy pro asfaltové šindele;google;;;;7;T-SINDEL | kanadský šindel
oprava bitumenové strechy;google;;;;9;T-SINDEL | kanadský šindel
oprava sindelove strechy;google;;;;10;T-SINDEL | kanadský šindel
plastová šindelová střecha;google;;;;8;T-SINDEL | kanadský šindel
plechova strecha sindel;google;;;;9;T-SINDEL | kanadský šindel
pokládání kanadský šindel;seznam;3;2;2.923;;T-SINDEL | kanadský šindel
prefa falcovaný šindel;google;;;;9;T-SINDEL | kanadský šindel
prefa šindel cena;google;;;;10;T-SINDEL | kanadský šindel
sindel strecha cena;google;;;;7;T-SINDEL | kanadský šindel
stará šindelová střecha;google;;;;9;T-SINDEL | kanadský šindel
střešní krytina imitace šindele;google;;;;6;T-SINDEL | kanadský šindel
střešní krytina onduline cena;google;;;;9;T-SINDEL | kanadský šindel
střešní krytina onduline životnost;seznam;3;1;3.994;;T-SINDEL | kanadský šindel
střešní krytina umělá šindel;seznam;3;2;2.4;;T-SINDEL | kanadský šindel
valbová střecha;seznam+google;42;38;0.401;1;T-TYPY | typy střech a sklon střechy (sedlová, valbová, pultová)
valbová střecha nákres;seznam;18;13;0;;T-TYPY | typy střech a sklon střechy (sedlová, valbová, pultová)
jak vypadá sedlová střecha;seznam+google;3;3;2.591;1;T-TYPY | typy střech a sklon střechy (sedlová, valbová, pultová)
sedlová střecha nákres;seznam;14;10;0;;T-TYPY | typy střech a sklon střechy (sedlová, valbová, pultová)
sedlová střecha;seznam+google;0;0;3.823;1;T-TYPY | typy střech a sklon střechy (sedlová, valbová, pultová)
jak vypadá pultová střecha;seznam+google;6;5;2.945;9;T-TYPY | typy střech a sklon střechy (sedlová, valbová, pultová)
sedlová střecha konstrukce;google;;;;2;T-TYPY | typy střech a sklon střechy (sedlová, valbová, pultová)
jak vypadá valbová střecha;seznam+google;4;3;2.324;6;T-TYPY | typy střech a sklon střechy (sedlová, valbová, pultová)
valbová střecha konstrukce;google;;;;3;T-TYPY | typy střech a sklon střechy (sedlová, valbová, pultová)
co je sedlová střecha;google;;;;4;T-TYPY | typy střech a sklon střechy (sedlová, valbová, pultová)
co je valbová střecha;google;;;;5;T-TYPY | typy střech a sklon střechy (sedlová, valbová, pultová)
sedlová střecha bungalov;google;;;;4;T-TYPY | typy střech a sklon střechy (sedlová, valbová, pultová)
sedlová střecha do l;google;;;;5;T-TYPY | typy střech a sklon střechy (sedlová, valbová, pultová)
sedlová střecha vs valbová;google;;;;5;T-TYPY | typy střech a sklon střechy (sedlová, valbová, pultová)
valbová střecha výkres;google;;;;4;T-TYPY | typy střech a sklon střechy (sedlová, valbová, pultová)
co je pultová střecha;google;;;;6;T-TYPY | typy střech a sklon střechy (sedlová, valbová, pultová)
sedlová střecha bez přesahu;google;;;;8;T-TYPY | typy střech a sklon střechy (sedlová, valbová, pultová)
sedlová střecha s přesahem;google;;;;10;T-TYPY | typy střech a sklon střechy (sedlová, valbová, pultová)
valbová střecha bungalov;google;;;;8;T-TYPY | typy střech a sklon střechy (sedlová, valbová, pultová)
valbová střecha do l;google;;;;7;T-TYPY | typy střech a sklon střechy (sedlová, valbová, pultová)
valbová střecha vs sedlová;google;;;;6;T-TYPY | typy střech a sklon střechy (sedlová, valbová, pultová)
krytina na střechu;seznam+google;90;56;4.199;1;T-VYBER | jaká střešní krytina
střešní krytina ipa;seznam+google;36;28;4.198;1;T-VYBER | jaká střešní krytina
střešní krytiny levně;seznam;43;26;0.19;;T-VYBER | jaká střešní krytina
nejlevnější střešní krytina;seznam+google;26;18;4.15;1;T-VYBER | jaká střešní krytina
střešní krytina ruukki;seznam+google;18;14;3.909;2;T-VYBER | jaká střešní krytina
střešní krytina bazar;seznam+google;13;8;3.945;1;T-VYBER | jaká střešní krytina
střešní krytina capacco;seznam+google;13;12;3.513;1;T-VYBER | jaká střešní krytina
střešní krytina click;seznam+google;16;14;3.61;2;T-VYBER | jaká střešní krytina
střešní krytina klik;seznam+google;17;14;4.821;3;T-VYBER | jaká střešní krytina
střešní krytina lepenka;seznam+google;15;13;3.62;2;T-VYBER | jaká střešní krytina
střešní krytina plast;seznam+google;17;13;4.128;3;T-VYBER | jaká střešní krytina
střešní krytina solar;seznam+google;15;13;4.921;2;T-VYBER | jaká střešní krytina
střešní krytina vlnovky;seznam;24;15;3.957;;T-VYBER | jaká střešní krytina
levná střešní krytina;seznam;21;16;4.073;;T-VYBER | jaká střešní krytina
nejlepší střešní krytina;seznam+google;9;5;2.4;1;T-VYBER | jaká střešní krytina
střešní krytina guma;seznam+google;12;10;3.971;2;T-VYBER | jaká střešní krytina
střešní krytina tašky;seznam+google;15;13;3.971;4;T-VYBER | jaká střešní krytina
laminátová střešní krytina;seznam;19;10;4.101;;T-VYBER | jaká střešní krytina
ekoternit střešní krytina;seznam;18;14;2.4;;T-VYBER | jaká střešní krytina
střešní krytina vlnovka;seznam+google;11;7;4.019;3;T-VYBER | jaká střešní krytina
střešní krytina z plastu;seznam;18;15;2.4;;T-VYBER | jaká střešní krytina
střešní krytina borga;seznam;17;9;3.99;;T-VYBER | jaká střešní krytina
střešní krytina šablony;seznam+google;8;6;4.549;2;T-VYBER | jaká střešní krytina
taška jirčanka střešní krytina;seznam;17;13;1.8;;T-VYBER | jaká střešní krytina
došky střešní krytina a podobne krytiny;seznam;16;12;3.857;;T-VYBER | jaká střešní krytina
krytina na střechu guma;seznam;16;11;2.4;;T-VYBER | jaká střešní krytina
střešní krytina asfaltové pásy;seznam+google;4;2;3.35;1;T-VYBER | jaká střešní krytina
střešní krytina chrudim;seznam;16;7;3.615;;T-VYBER | jaká střešní krytina
střešní krytina duna;seznam+google;12;7;4.206;8;T-VYBER | jaká střešní krytina
střešní krytina vlnky;seznam+google;3;3;3.646;1;T-VYBER | jaká střešní krytina
střešní krytina ekoternit;seznam+google;7;2;3.749;3;T-VYBER | jaká střešní krytina
střešní krytina maxidek;seznam+google;7;2;2.4;3;T-VYBER | jaká střešní krytina
střešní krytina na dřevník;seznam+google;7;7;3.873;3;T-VYBER | jaká střešní krytina
střešní krytina vlnitá;seznam+google;9;5;3.993;4;T-VYBER | jaká střešní krytina
došky střešní krytina;seznam;13;10;2.4;;T-VYBER | jaká střešní krytina
střešní krytina baumax;seznam+google;4;2;3.645;2;T-VYBER | jaká střešní krytina
střešní krytina cembrit;seznam+google;8;4;3.29;5;T-VYBER | jaká střešní krytina
střešní krytina terran;seznam+google;6;4;3.513;3;T-VYBER | jaká střešní krytina
jak se pokládá střešní krytina;google;;;;1;T-VYBER | jaká střešní krytina
jaká střecha je nejlevnější;google;;;;1;T-VYBER | jaká střešní krytina
jaká střešní krytina je nejlevnější;google;;;;1;T-VYBER | jaká střešní krytina
nejlepší střecha;google;;;;1;T-VYBER | jaká střešní krytina
skládaná střešní krytina;google;;;;1;T-VYBER | jaká střešní krytina
střešní krytina;seznam+google;0;0;4.502;1;T-VYBER | jaká střešní krytina
střešní krytina 2500 mm;google;;;;1;T-VYBER | jaká střešní krytina
střešní krytina 3m;google;;;;1;T-VYBER | jaká střešní krytina
střešní krytina akce;google;;;;1;T-VYBER | jaká střešní krytina
střešní krytina alukryt;seznam+google;5;4;2.4;3;T-VYBER | jaká střešní krytina
střešní krytina dek;google;;;;1;T-VYBER | jaká střešní krytina
střešní krytina druhy;google;;;;1;T-VYBER | jaká střešní krytina
střešní krytina gerard;google;;;;1;T-VYBER | jaká střešní krytina
střešní krytina jánošík;google;;;;1;T-VYBER | jaká střešní krytina
střešní krytina levně;google;;;;1;T-VYBER | jaká střešní krytina
střešní krytina lindab;google;;;;1;T-VYBER | jaká střešní krytina
střešní krytina mediterran;google;;;;1;T-VYBER | jaká střešní krytina
střešní krytina ranila;google;;;;1;T-VYBER | jaká střešní krytina
střešní krytina s izolací;seznam+google;7;5;4.405;5;T-VYBER | jaká střešní krytina
střešní krytina wienerberger;google;;;;1;T-VYBER | jaká střešní krytina
střešní krytina za odvoz;google;;;;1;T-VYBER | jaká střešní krytina
střešní krytina černá;google;;;;1;T-VYBER | jaká střešní krytina
střešní krytina řidčeji;google;;;;1;T-VYBER | jaká střešní krytina
živičná střešní krytina;google;;;;1;T-VYBER | jaká střešní krytina
střešní krytina laťování;seznam;11;2;3.982;;T-VYBER | jaká střešní krytina
střešní krytina na rovné střechy;seznam;11;6;2.4;;T-VYBER | jaká střešní krytina
střešní krytina rombo metallica;seznam;11;7;2.4;;T-VYBER | jaká střešní krytina
střešní krytiny levně.cz;seznam;11;9;0.218;;T-VYBER | jaká střešní krytina
střešní krytina bauhaus;seznam+google;5;5;3.739;4;T-VYBER | jaká střešní krytina
střešní krytina evromat;seznam+google;7;6;2.4;7;T-VYBER | jaká střešní krytina
střešní krytina gutta;seznam+google;3;3;2.4;3;T-VYBER | jaká střešní krytina
střešní krytina vlnovky polykarbonát;seznam;10;1;4.397;;T-VYBER | jaká střešní krytina
střešní krytina z plastu vlnovka;seznam;10;5;2.4;;T-VYBER | jaká střešní krytina
jaká střecha je nejlepší;google;;;;2;T-VYBER | jaká střešní krytina
jaká střešní krytina je nejlepší;google;;;;2;T-VYBER | jaká střešní krytina
krytina na střechu plastová;google;;;;2;T-VYBER | jaká střešní krytina
která střešní krytina je nejlepší;google;;;;2;T-VYBER | jaká střešní krytina
střešní krytina antracit;google;;;;2;T-VYBER | jaká střešní krytina
střešní krytina epdm;google;;;;2;T-VYBER | jaká střešní krytina
střešní krytina francouzská 14;google;;;;2;T-VYBER | jaká střešní krytina
střešní krytina klik klak;google;;;;2;T-VYBER | jaká střešní krytina
střešní krytina na terasu;seznam+google;4;3;2.4;4;T-VYBER | jaká střešní krytina
střešní krytina vlna;seznam+google;6;5;3.825;8;T-VYBER | jaká střešní krytina
střešní krytina z recyklátu;google;;;;2;T-VYBER | jaká střešní krytina
jaká střecha završuje věž kostela ve slapech;google;;;;3;T-VYBER | jaká střešní krytina
která střešní krytina je nejlevnější;google;;;;3;T-VYBER | jaká střešní krytina
rovná střecha nevýhody;google;;;;3;T-VYBER | jaká střešní krytina
střešní krytina brněnka;seznam;7;6;3.636;;T-VYBER | jaká střešní krytina
střešní krytina dachman;google;;;;3;T-VYBER | jaká střešní krytina
střešní krytina fortemix;google;;;;3;T-VYBER | jaká střešní krytina
střešní krytina kinga;seznam;7;2;4.702;;T-VYBER | jaká střešní krytina
střešní krytina na 3;google;;;;3;T-VYBER | jaká střešní krytina
střešní krytina na rovnou střechu;seznam+google;4;1;4.723;8;T-VYBER | jaká střešní krytina
střešní krytina roben;google;;;;3;T-VYBER | jaká střešní krytina
střešní krytina role průhledná červená;seznam;7;4;4.067;;T-VYBER | jaká střešní krytina
střešní krytina samba 11;google;;;;3;T-VYBER | jaká střešní krytina
střešní krytina skořenice;seznam+google;4;4;4.545;8;T-VYBER | jaká střešní krytina
střešní krytina z recyklovaného plastu;google;;;;3;T-VYBER | jaká střešní krytina
střešní krytina červená;google;;;;3;T-VYBER | jaká střešní krytina
vlnitá střešní krytina gutta;seznam;7;7;1.8;;T-VYBER | jaká střešní krytina
střešní krytina benders;seznam;6;5;3.673;;T-VYBER | jaká střešní krytina
střešní krytina katepal;seznam;6;4;4.871;;T-VYBER | jaká střešní krytina
střešní krytina vedag;seznam;6;3;3.883;;T-VYBER | jaká střešní krytina
krytina na střechu dřevníku;seznam;5;4;2.4;;T-VYBER | jaká střešní krytina
oblá střešní krytina na 5;google;;;;5;T-VYBER | jaká střešní krytina
střešní krytina došky;google;;;;5;T-VYBER | jaká střešní krytina
střešní krytina engoba;google;;;;5;T-VYBER | jaká střešní krytina
střešní krytina eureko;google;;;;4;T-VYBER | jaká střešní krytina
střešní krytina fatrafol;google;;;;5;T-VYBER | jaká střešní krytina
střešní krytina glazura;google;;;;5;T-VYBER | jaká střešní krytina
střešní krytina guttanit;google;;;;4;T-VYBER | jaká střešní krytina
střešní krytina horal;google;;;;4;T-VYBER | jaká střešní krytina
střešní krytina imitace tašek;google;;;;5;T-VYBER | jaká střešní krytina
střešní krytina lindab vlastnosti;seznam;5;1;4.033;;T-VYBER | jaká střešní krytina
střešní krytina loukov;google;;;;5;T-VYBER | jaká střešní krytina
střešní krytina maslen;google;;;;5;T-VYBER | jaká střešní krytina
střešní krytina na kůlnu;google;;;;5;T-VYBER | jaká střešní krytina
střešní krytina role;google;;;;5;T-VYBER | jaká střešní krytina
střešní krytina starovičky;seznam;5;3;5.02;;T-VYBER | jaká střešní krytina
střešní krytina z gumy;google;;;;4;T-VYBER | jaká střešní krytina
střešní krytina čelákovice otevírací;seznam;5;2;2.4;;T-VYBER | jaká střešní krytina
střešní krytina čirá;google;;;;4;T-VYBER | jaká střešní krytina
střešní krytina čtverce;seznam;5;2;4.102;;T-VYBER | jaká střešní krytina
střešní krytina čtverec;google;;;;5;T-VYBER | jaká střešní krytina
střešní krytina šedá;google;;;;5;T-VYBER | jaká střešní krytina
jaká je nejlepší střešní krytina;seznam;4;2;3.627;;T-VYBER | jaká střešní krytina
krytina na střechu plast;seznam;4;4;3.602;;T-VYBER | jaká střešní krytina
střešní krytina besk;seznam;4;4;3.481;;T-VYBER | jaká střešní krytina
střešní krytina gumová;seznam;4;4;2.4;;T-VYBER | jaká střešní krytina
střešní krytina jirčanská;seznam;4;3;3.37;;T-VYBER | jaká střešní krytina
střešní krytina litvínov;seznam;4;1;2.4;;T-VYBER | jaká střešní krytina
střešní krytina vlnitá deska;seznam;4;4;2.4;;T-VYBER | jaká střešní krytina
jávská střešní krytina;google;;;;7;T-VYBER | jaká střešní krytina
krytina na střechu bazar;google;;;;6;T-VYBER | jaká střešní krytina
krytina na střechu ipa;google;;;;10;T-VYBER | jaká střešní krytina
krytina na střechu šablony;seznam;3;3;2.4;;T-VYBER | jaká střešní krytina
lucerna strecha vstup;google;;;;6;T-VYBER | jaká střešní krytina
nejlevnější střešní krytiny;seznam;3;3;0;;T-VYBER | jaká střešní krytina
oblá střešní krytina na 5 písmen;google;;;;6;T-VYBER | jaká střešní krytina
střešní krytina al;google;;;;10;T-VYBER | jaká střešní krytina
střešní krytina anglicky;google;;;;8;T-VYBER | jaká střešní krytina
střešní krytina asfaltová;google;;;;6;T-VYBER | jaká střešní krytina
střešní krytina bazoš;google;;;;9;T-VYBER | jaká střešní krytina
střešní krytina cambridge;google;;;;10;T-VYBER | jaká střešní krytina
střešní krytina choceň;seznam;3;1;3.536;;T-VYBER | jaká střešní krytina
střešní krytina dacora;google;;;;6;T-VYBER | jaká střešní krytina
střešní krytina desky;google;;;;7;T-VYBER | jaká střešní krytina
střešní krytina fortelock;google;;;;8;T-VYBER | jaká střešní krytina
střešní krytina francouzská;google;;;;10;T-VYBER | jaká střešní krytina
střešní krytina gapa;google;;;;6;T-VYBER | jaká střešní krytina
střešní krytina hc čssr;seznam;3;2;3.851;;T-VYBER | jaká střešní krytina
střešní krytina heureka;google;;;;10;T-VYBER | jaká střešní krytina
střešní krytina hnědá;google;;;;9;T-VYBER | jaká střešní krytina
střešní krytina horizont;seznam;3;2;3.683;;T-VYBER | jaká střešní krytina
střešní krytina hranice;google;;;;6;T-VYBER | jaká střešní krytina
střešní krytina isola;google;;;;8;T-VYBER | jaká střešní krytina
střešní krytina izomat;google;;;;9;T-VYBER | jaká střešní krytina
střešní krytina lepenka s posypem;google;;;;6;T-VYBER | jaká střešní krytina
střešní krytina libchavy;google;;;;9;T-VYBER | jaká střešní krytina
střešní krytina lindab click;google;;;;10;T-VYBER | jaká střešní krytina
střešní krytina mladost;google;;;;7;T-VYBER | jaká střešní krytina
střešní krytina mšeno;google;;;;6;T-VYBER | jaká střešní krytina
střešní krytina na šikmé střechy;seznam;3;1;5.145;;T-VYBER | jaká střešní krytina
střešní krytina nejlevnější;google;;;;10;T-VYBER | jaká střešní krytina
střešní krytina nuroflex;seznam;3;1;4.027;;T-VYBER | jaká střešní krytina
střešní krytina omak;google;;;;7;T-VYBER | jaká střešní krytina
střešní krytina otevřené;google;;;;8;T-VYBER | jaká střešní krytina
střešní krytina pásy;google;;;;9;T-VYBER | jaká střešní krytina
střešní krytina rapid;google;;;;6;T-VYBER | jaká střešní krytina
střešní krytina ruky;google;;;;7;T-VYBER | jaká střešní krytina
střešní krytina ruukki classic;google;;;;9;T-VYBER | jaká střešní krytina
střešní krytina ruukki monterrey;google;;;;10;T-VYBER | jaká střešní krytina
střešní krytina s filcem;seznam;3;1;3.455;;T-VYBER | jaká střešní krytina
střešní krytina sklolaminát;google;;;;10;T-VYBER | jaká střešní krytina
střešní krytina typy;google;;;;8;T-VYBER | jaká střešní krytina
střešní krytina v akci;seznam;3;2;3.642;;T-VYBER | jaká střešní krytina
střešní krytina v roli;google;;;;6;T-VYBER | jaká střešní krytina
střešní krytina vlnitý plast;google;;;;7;T-VYBER | jaká střešní krytina
střešní krytina z asfaltových pásů;google;;;;9;T-VYBER | jaká střešní krytina
střešní krytina z recyklovaných kabelů;google;;;;8;T-VYBER | jaká střešní krytina
střešní krytina z recyklovaných pneumatik;google;;;;7;T-VYBER | jaká střešní krytina
střešní krytina česká šablona;google;;;;6;T-VYBER | jaká střešní krytina
střešní krytiny ipa;seznam;3;3;0.246;;T-VYBER | jaká střešní krytina
umělohmotná střešní krytina;google;;;;7;T-VYBER | jaká střešní krytina
umělá střešní krytina;google;;;;6;T-VYBER | jaká střešní krytina
vlnitá střešní krytina b8 cembrit 1250x918;seznam;3;2;1.7;;T-VYBER | jaká střešní krytina
cena střechy za m2;seznam+google;27;17;4.334;1;T-VYMENA | výměna střešní krytiny cena
výměna střešní krytiny;seznam+google;20;14;4.049;1;T-VYMENA | výměna střešní krytiny cena
střechy cena za m2;seznam;27;17;0.307;;T-VYMENA | výměna střešní krytiny cena
výměna střechy;seznam+google;8;5;3.098;1;T-VYMENA | výměna střešní krytiny cena
kolik stojí střecha na dům;seznam+google;7;6;2.901;1;T-VYMENA | výměna střešní krytiny cena
kolik stojí střecha;seznam+google;9;5;0.347;2;T-VYMENA | výměna střešní krytiny cena
asfaltova strecha cena;google;;;;1;T-VYMENA | výměna střešní krytiny cena
co stojí nová střecha;google;;;;1;T-VYMENA | výměna střešní krytiny cena
jak dlouho trvá výměna střechy;google;;;;1;T-VYMENA | výměna střešní krytiny cena
jak dlouho trvá výměna střešní krytiny;google;;;;1;T-VYMENA | výměna střešní krytiny cena
kolik stoji nova strecha 100m2;google;;;;1;T-VYMENA | výměna střešní krytiny cena
kolik stoji nova strecha diskuze;google;;;;1;T-VYMENA | výměna střešní krytiny cena
kolik stojí nová střecha;seznam+google;0;0;4.516;1;T-VYMENA | výměna střešní krytiny cena
kolik stojí nová střecha 2025;google;;;;1;T-VYMENA | výměna střešní krytiny cena
kolik stojí nová střecha na rodinný dům;google;;;;1;T-VYMENA | výměna střešní krytiny cena
kolik stojí střecha na rodinný dům;google;;;;1;T-VYMENA | výměna střešní krytiny cena
kolik stojí střešní krytina;google;;;;1;T-VYMENA | výměna střešní krytiny cena
kolik stojí výměna střechy;google;;;;1;T-VYMENA | výměna střešní krytiny cena
kolik stojí výměna střešní krytiny;google;;;;1;T-VYMENA | výměna střešní krytiny cena
nova strecha cena za m2;google;;;;1;T-VYMENA | výměna střešní krytiny cena
nová střecha cena;seznam+google;0;0;3.862;1;T-VYMENA | výměna střešní krytiny cena
nová střecha cena m2;google;;;;1;T-VYMENA | výměna střešní krytiny cena
nová střecha kalkulačka;google;;;;1;T-VYMENA | výměna střešní krytiny cena
nová střecha na starém domě cena;google;;;;1;T-VYMENA | výměna střešní krytiny cena
přeložení střechy cena;seznam+google;0;0;133;1;T-VYMENA | výměna střešní krytiny cena
rákosová střecha cena;google;;;;1;T-VYMENA | výměna střešní krytiny cena
strecha 100m2 cena;google;;;;1;T-VYMENA | výměna střešní krytiny cena
strecha cena kalkulacka;google;;;;1;T-VYMENA | výměna střešní krytiny cena
strecha cena m2;google;;;;1;T-VYMENA | výměna střešní krytiny cena
strecha cena prace za m2;google;;;;1;T-VYMENA | výměna střešní krytiny cena
strecha domu cena;google;;;;1;T-VYMENA | výměna střešní krytiny cena
strecha janosik cena;google;;;;1;T-VYMENA | výměna střešní krytiny cena
střecha 200m2 cena;google;;;;1;T-VYMENA | výměna střešní krytiny cena
střecha cena;google;;;;1;T-VYMENA | výměna střešní krytiny cena
střecha cena výpočet;google;;;;1;T-VYMENA | výměna střešní krytiny cena
střecha cena za m2;google;;;;1;T-VYMENA | výměna střešní krytiny cena
střecha kalkulačka;google;;;;1;T-VYMENA | výměna střešní krytiny cena
střecha kolik stojí;google;;;;1;T-VYMENA | výměna střešní krytiny cena
střecha radost ceník;google;;;;1;T-VYMENA | výměna střešní krytiny cena
střešní krytina cena;google;;;;1;T-VYMENA | výměna střešní krytiny cena
střešní krytina kalkulačka;google;;;;1;T-VYMENA | výměna střešní krytiny cena
střešní krytina ruukki ceník;google;;;;1;T-VYMENA | výměna střešní krytiny cena
vymena rovnej strechy;google;;;;1;T-VYMENA | výměna střešní krytiny cena
vymena strechy auta;google;;;;1;T-VYMENA | výměna střešní krytiny cena
vymena strechy firma;google;;;;1;T-VYMENA | výměna střešní krytiny cena
vymena strechy kalkulacka;google;;;;1;T-VYMENA | výměna střešní krytiny cena
vymena strechy na starom dome;google;;;;1;T-VYMENA | výměna střešní krytiny cena
vymena strechy ohlaska;google;;;;1;T-VYMENA | výměna střešní krytiny cena
vymena strechy v zime;google;;;;1;T-VYMENA | výměna střešní krytiny cena
výměna střechy cena;google;;;;1;T-VYMENA | výměna střešní krytiny cena
výměna střešní krytiny cena;google;;;;1;T-VYMENA | výměna střešní krytiny cena
ytong střecha cena;google;;;;1;T-VYMENA | výměna střešní krytiny cena
mytí střechy cena za m2;seznam;11;5;3.672;;T-VYMENA | výměna střešní krytiny cena
střešní krytina capacco cena;seznam+google;8;6;2.8;6;T-VYMENA | výměna střešní krytiny cena
ackova strecha cena;google;;;;2;T-VYMENA | výměna střešní krytiny cena
cena střechy za m2 2025;google;;;;2;T-VYMENA | výměna střešní krytiny cena
epdm strecha cena;google;;;;2;T-VYMENA | výměna střešní krytiny cena
kolik stojí nová střecha na dům;google;;;;2;T-VYMENA | výměna střešní krytiny cena
nova strecha kalkulace;google;;;;2;T-VYMENA | výměna střešní krytiny cena
nova strecha na stary dum cena;google;;;;2;T-VYMENA | výměna střešní krytiny cena
pokrývač cena za m2;google;;;;2;T-VYMENA | výměna střešní krytiny cena
přeložení střechy;google;;;;2;T-VYMENA | výměna střešní krytiny cena
rovná střecha cena;google;;;;2;T-VYMENA | výměna střešní krytiny cena
strecha 120m2 cena;google;;;;2;T-VYMENA | výměna střešní krytiny cena
strecha na bungalov cena;google;;;;2;T-VYMENA | výměna střešní krytiny cena
strecha rodinneho domu cena;google;;;;2;T-VYMENA | výměna střešní krytiny cena
střecha na klíč cena;google;;;;2;T-VYMENA | výměna střešní krytiny cena
střešní krytina cena za m2;google;;;;2;T-VYMENA | výměna střešní krytiny cena
vymena strechy na starom dome cena;google;;;;2;T-VYMENA | výměna střešní krytiny cena
škridlová strecha cena;google;;;;2;T-VYMENA | výměna střešní krytiny cena
cena střechy roka;google;;;;3;T-VYMENA | výměna střešní krytiny cena
došková střecha cena;google;;;;3;T-VYMENA | výměna střešní krytiny cena
strecha fatrafol cena;google;;;;3;T-VYMENA | výměna střešní krytiny cena
strecha na terasu cena;google;;;;3;T-VYMENA | výměna střešní krytiny cena
střešní krytina ipa cena;google;;;;3;T-VYMENA | výměna střešní krytiny cena
střešní krytina lindab ceník;google;;;;3;T-VYMENA | výměna střešní krytiny cena
valbová střecha cena;google;;;;3;T-VYMENA | výměna střešní krytiny cena
vymena strechy na dom;google;;;;3;T-VYMENA | výměna střešní krytiny cena
vymena strechy svojpomocne;google;;;;3;T-VYMENA | výměna střešní krytiny cena
dům po babičce výměna střechy;seznam;6;3;1.75;;T-VYMENA | výměna střešní krytiny cena
na kolik vyjde nová střecha;seznam;6;3;2.15;;T-VYMENA | výměna střešní krytiny cena
cena střechy na klíč;google;;;;5;T-VYMENA | výměna střešní krytiny cena
kolik stojí střecha 200m2;google;;;;4;T-VYMENA | výměna střešní krytiny cena
komplet nova strecha cena;google;;;;4;T-VYMENA | výměna střešní krytiny cena
komplet strecha cena;google;;;;5;T-VYMENA | výměna střešní krytiny cena
lanovka střecha na lipně ceník;seznam;5;3;2.439;;T-VYMENA | výměna střešní krytiny cena
lepenkova strecha cena;google;;;;4;T-VYMENA | výměna střešní krytiny cena
rovna strecha cena za m2;google;;;;5;T-VYMENA | výměna střešní krytiny cena
sedlová střecha cena;google;;;;5;T-VYMENA | výměna střešní krytiny cena
sedlová střecha cena za m2;google;;;;5;T-VYMENA | výměna střešní krytiny cena
skleněná střecha cena;google;;;;4;T-VYMENA | výměna střešní krytiny cena
strecha bungalov cena;google;;;;5;T-VYMENA | výměna střešní krytiny cena
strecha krytina cena;google;;;;4;T-VYMENA | výměna střešní krytiny cena
strecha na dom cena;google;;;;4;T-VYMENA | výměna střešní krytiny cena
strecha na rodinny dom cena;google;;;;5;T-VYMENA | výměna střešní krytiny cena
trstinova strecha cena;google;;;;4;T-VYMENA | výměna střešní krytiny cena
valbová strecha cena;google;;;;4;T-VYMENA | výměna střešní krytiny cena
vymena strechy na aute;google;;;;4;T-VYMENA | výměna střešní krytiny cena
vymena strechy na chate;google;;;;5;T-VYMENA | výměna střešní krytiny cena
vymena strechy na dome cena;google;;;;5;T-VYMENA | výměna střešní krytiny cena
vymena strechy na splatky;google;;;;5;T-VYMENA | výměna střešní krytiny cena
cena sedlová střecha krytina;seznam;3;1;4.559;;T-VYMENA | výměna střešní krytiny cena
kolik stoji strecha 100m2;google;;;;9;T-VYMENA | výměna střešní krytiny cena
kolik stoji strecha domu;google;;;;10;T-VYMENA | výměna střešní krytiny cena
kolik stoji strecha m2;google;;;;7;T-VYMENA | výměna střešní krytiny cena
kolik stoji strecha na barak;google;;;;8;T-VYMENA | výměna střešní krytiny cena
kolik stojí nová sedlová střecha;google;;;;8;T-VYMENA | výměna střešní krytiny cena
kolik stojí sedlová střecha;google;;;;10;T-VYMENA | výměna střešní krytiny cena
kolko stoji vymena strechy na dome;google;;;;9;T-VYMENA | výměna střešní krytiny cena
laťování střechy cena za m2;google;;;;9;T-VYMENA | výměna střešní krytiny cena
nova strecha na dom cena;google;;;;6;T-VYMENA | výměna střešní krytiny cena
pultová střecha cena za m2;google;;;;7;T-VYMENA | výměna střešní krytiny cena
pvc strecha cena za m2;google;;;;6;T-VYMENA | výměna střešní krytiny cena
rovná strecha cena;google;;;;6;T-VYMENA | výměna střešní krytiny cena
skridlova strecha cena;google;;;;10;T-VYMENA | výměna střešní krytiny cena
slamena strecha cena;google;;;;8;T-VYMENA | výměna střešní krytiny cena
strecha na kluc cena;google;;;;6;T-VYMENA | výměna střešní krytiny cena
střechy cena kalkulačka;seznam;3;3;0;;T-VYMENA | výměna střešní krytiny cena
střešní krytina solar cena;google;;;;7;T-VYMENA | výměna střešní krytiny cena
vymena starej strechy;google;;;;7;T-VYMENA | výměna střešní krytiny cena
vymena strechy pre seniorov;google;;;;8;T-VYMENA | výměna střešní krytiny cena
vymena střechy na starom dome;google;;;;7;T-VYMENA | výměna střešní krytiny cena
výměna střechy ceník;seznam;3;2;2.4;;T-VYMENA | výměna střešní krytiny cena
výměna střešní krytiny v říjnu diskuse;seznam;3;3;2.75;;T-VYMENA | výměna střešní krytiny cena
zatékání do střechy;seznam+google;10;8;2.776;2;T-ZATEKA | zatéká střecha
zatéká do auta;seznam+google;5;2;1.6;1;T-ZATEKA | zatéká střecha
izolace střechy při zatékání;seznam;14;10;1.2;;T-ZATEKA | zatéká střecha
iz želodca zateka v požiralnik in povzroča zgago;google;;;;1;T-ZATEKA | zatéká střecha
jak zjistit kudy zatéká do auta;google;;;;1;T-ZATEKA | zatéká střecha
kondenzace vody pod střechou;google;;;;1;T-ZATEKA | zatéká střecha
oprava střechy auta po kroupách;google;;;;1;T-ZATEKA | zatéká střecha
plechová střecha zatéká;google;;;;1;T-ZATEKA | zatéká střecha
plíseň v podkroví;google;;;;1;T-ZATEKA | zatéká střecha
zakaj zateka leva noga;google;;;;1;T-ZATEKA | zatéká střecha
zateka k nam od sousedu nad nami;google;;;;1;T-ZATEKA | zatéká střecha
zateka mi strecha;google;;;;1;T-ZATEKA | zatéká střecha
zateka okolo komina;google;;;;1;T-ZATEKA | zatéká střecha
zatéká cez šindel;google;;;;1;T-ZATEKA | zatéká střecha
zatéká do střechy;google;;;;1;T-ZATEKA | zatéká střecha
zatéká kolem komína;google;;;;1;T-ZATEKA | zatéká střecha
zatéká pod šindel;google;;;;1;T-ZATEKA | zatéká střecha
zatéká střechou;google;;;;1;T-ZATEKA | zatéká střecha
zatéká voda;google;;;;1;T-ZATEKA | zatéká střecha
zatékání střechy;google;;;;1;T-ZATEKA | zatéká střecha
difuzní fólie delta fassade difuzně propustná;seznam;9;5;1.8;;T-ZATEKA | zatéká střecha
jak zjistit kudy zatéká;google;;;;2;T-ZATEKA | zatéká střecha
kondenzace vody pod plechovou střechou;google;;;;2;T-ZATEKA | zatéká střecha
leva noga zateka;google;;;;2;T-ZATEKA | zatéká střecha
zakaj zateka desna noga;google;;;;2;T-ZATEKA | zatéká střecha
zateka création;google;;;;2;T-ZATEKA | zatéká střecha
zateka plechova strecha;google;;;;2;T-ZATEKA | zatéká střecha
zateka sprchovy kout;google;;;;2;T-ZATEKA | zatéká střecha
zateka strecha;google;;;;2;T-ZATEKA | zatéká střecha
zatekani do auta;google;;;;2;T-ZATEKA | zatéká střecha
jak zjistit kudy zatéká do střechy;google;;;;3;T-ZATEKA | zatéká střecha
oprava zatékání střechy;google;;;;3;T-ZATEKA | zatéká střecha
zateka cez celne sklo;google;;;;3;T-ZATEKA | zatéká střecha
zateka komin;google;;;;3;T-ZATEKA | zatéká střecha
zatéká do sklepa;google;;;;3;T-ZATEKA | zatéká střecha
zatéká ve střeše přípravek;seznam;6;3;0.253;;T-ZATEKA | zatéká střecha
diskoteka kam zatéká;google;;;;5;T-ZATEKA | zatéká střecha
zatekani do komina;google;;;;5;T-ZATEKA | zatéká střecha
zatékání do auta;seznam;5;2;0.2;;T-ZATEKA | zatéká střecha
zatékání do plechové střechy;google;;;;4;T-ZATEKA | zatéká střecha
aj ked zateka do topanok;google;;;;7;T-ZATEKA | zatéká střecha
kali zateka do topanok;google;;;;6;T-ZATEKA | zatéká střecha
oprava strechy zatekanie;google;;;;9;T-ZATEKA | zatéká střecha
oprava střechy po kroupách;google;;;;8;T-ZATEKA | zatéká střecha
plechová střecha kondenzace;google;;;;6;T-ZATEKA | zatéká střecha
rovna strecha zateka;google;;;;8;T-ZATEKA | zatéká střecha
zateplení střechy;seznam+google;115;84;3.921;1;T-ZATEPL | zateplení střechy
zateplení střechy cena;seznam+google;10;4;3.636;1;T-ZATEPL | zateplení střechy
zateplení střechy vatou;seznam+google;10;7;3.666;1;T-ZATEPL | zateplení střechy
zateplení střechy pěnou;seznam+google;4;4;3.621;1;T-ZATEPL | zateplení střechy
zateplení střechy z venku;seznam+google;7;4;3.4;2;T-ZATEPL | zateplení střechy
zateplení střechy polystyrenem;seznam+google;6;6;2.4;2;T-ZATEPL | zateplení střechy
zateplení střechy pur pěnou;seznam+google;8;6;3.888;5;T-ZATEPL | zateplení střechy
jak dlouho trva zatepleni strechy;google;;;;1;T-ZATEPL | zateplení střechy
jak na zateplení střechy;google;;;;1;T-ZATEPL | zateplení střechy
kolik stojí zateplení střechy;google;;;;1;T-ZATEPL | zateplení střechy
nadkrokevní zateplení;google;;;;1;T-ZATEPL | zateplení střechy
nejlepší zateplení střechy;google;;;;1;T-ZATEPL | zateplení střechy
vata na zateplení střechy;seznam;12;9;2.858;;T-ZATEPL | zateplení střechy
zatepleni strechy kolik cm;google;;;;1;T-ZATEPL | zateplení střechy
zateplení rovné střechy;google;;;;1;T-ZATEPL | zateplení střechy
zateplení rovné střechy zkušenosti;google;;;;1;T-ZATEPL | zateplení střechy
zateplení střechy cena diskuze;google;;;;1;T-ZATEPL | zateplení střechy
zateplení střechy firmy;google;;;;1;T-ZATEPL | zateplení střechy
zateplení střechy isover;google;;;;1;T-ZATEPL | zateplení střechy
zateplení střechy kalkulačka;google;;;;1;T-ZATEPL | zateplení střechy
zateplení střechy na klíč;google;;;;1;T-ZATEPL | zateplení střechy
zateplení střechy stavební povolení;google;;;;1;T-ZATEPL | zateplení střechy
zateplení střechy vatou tloušťka;google;;;;1;T-ZATEPL | zateplení střechy
zateplení střechy pir desky;seznam+google;4;3;2.4;3;T-ZATEPL | zateplení střechy
jak se dělá zateplení střechy;google;;;;2;T-ZATEPL | zateplení střechy
kolik stojí zateplení střechy pěnou;google;;;;2;T-ZATEPL | zateplení střechy
nadkrokevní zateplení střechy;google;;;;2;T-ZATEPL | zateplení střechy
rekonstrukce zateplení střechy;google;;;;2;T-ZATEPL | zateplení střechy
tloušťka zateplení střechy;google;;;;2;T-ZATEPL | zateplení střechy
zateplení rovné střechy cena;google;;;;2;T-ZATEPL | zateplení střechy
zateplení střechy bez sundání krytiny;google;;;;2;T-ZATEPL | zateplení střechy
zateplení střechy cena za m2;google;;;;2;T-ZATEPL | zateplení střechy
zateplení střechy domu;google;;;;2;T-ZATEPL | zateplení střechy
zateplení střechy minerální vatou;google;;;;2;T-ZATEPL | zateplení střechy
zateplení střechy skladba;google;;;;2;T-ZATEPL | zateplení střechy
zateplení střechy vatou cena práce;google;;;;2;T-ZATEPL | zateplení střechy
kolik stojí m2 zateplení střechy;google;;;;3;T-ZATEPL | zateplení střechy
vata zatepleni střech;google;;;;3;T-ZATEPL | zateplení střechy
zateplení rovné střechy polystyrenem;google;;;;3;T-ZATEPL | zateplení střechy
zateplení střechy chatka skladba;seznam;7;3;4.537;;T-ZATEPL | zateplení střechy
zateplení střechy materiál;google;;;;3;T-ZATEPL | zateplení střechy
zateplení střechy starého domu;google;;;;3;T-ZATEPL | zateplení střechy
zateplení střechy stříkanou izolací;google;;;;3;T-ZATEPL | zateplení střechy
kombinace zateplení nadkrokevní a mezikrokevní;seznam;6;3;2.848;;T-ZATEPL | zateplení střechy
polystyren na zateplení střechy;seznam;6;3;3.514;;T-ZATEPL | zateplení střechy
pěna na zateplení střechy;seznam;6;4;3.047;;T-ZATEPL | zateplení střechy
zateplení střechy pěnou ceník;seznam;6;6;2.4;;T-ZATEPL | zateplení střechy
co dřív podbití střechy nebo zateplení fasády;seznam;5;2;3.174;;T-ZATEPL | zateplení střechy
jak se zatepluje střecha;google;;;;5;T-ZATEPL | zateplení střechy
kolik stojí zateplení rovné střechy;google;;;;4;T-ZATEPL | zateplení střechy
skelná vata na zateplení střechy;seznam;5;4;2.1;;T-ZATEPL | zateplení střechy
zatepleni strechy bez folie;google;;;;4;T-ZATEPL | zateplení střechy
zateplení střechy chaty;google;;;;5;T-ZATEPL | zateplení střechy
zateplení střechy climatizer;google;;;;4;T-ZATEPL | zateplení střechy
zateplení střechy dek;google;;;;5;T-ZATEPL | zateplení střechy
zateplení střechy postup;seznam;5;5;3.548;;T-ZATEPL | zateplení střechy
zateplení střechy skelnou vatou;google;;;;5;T-ZATEPL | zateplení střechy
zateplení střechy tvrdou pir pěnou;seznam;5;1;4.234;;T-ZATEPL | zateplení střechy
zateplení střechy vatou postup;google;;;;4;T-ZATEPL | zateplení střechy
cena zateplení střechy m2;google;;;;6;T-ZATEPL | zateplení střechy
minimální zateplení střechy;google;;;;9;T-ZATEPL | zateplení střechy
možnosti zateplení střechy;google;;;;10;T-ZATEPL | zateplení střechy
zatepleni strechy vrstvy;google;;;;7;T-ZATEPL | zateplení střechy
zateplení dvouplášťové střechy;google;;;;7;T-ZATEPL | zateplení střechy
zateplení staré střechy bez sundání krytiny;google;;;;6;T-ZATEPL | zateplení střechy
zateplení střechy desky;google;;;;6;T-ZATEPL | zateplení střechy
zateplení střechy pěnou cena;google;;;;8;T-ZATEPL | zateplení střechy
zateplení střechy shora;google;;;;7;T-ZATEPL | zateplení střechy
zateplení střechy vatou cena;google;;;;6;T-ZATEPL | zateplení střechy
zateplení zvedací střechy;google;;;;7;T-ZATEPL | zateplení střechy
zateplení půdy;seznam+google;148;110;4.019;1;T-ZATEPL-PUDA | zateplení půdy
foukaná izolace stropu;seznam;69;42;3.359;;T-ZATEPL-PUDA | zateplení půdy
foukaná izolace cena;seznam+google;34;29;3.345;3;T-ZATEPL-PUDA | zateplení půdy
střešní izolace;seznam+google;19;16;3.663;1;T-ZATEPL-PUDA | zateplení půdy
zateplení podlahy pochozí půdy;seznam;27;18;2.699;;T-ZATEPL-PUDA | zateplení půdy
zateplení podkroví;seznam+google;12;9;3.676;1;T-ZATEPL-PUDA | zateplení půdy
zateplení půdy zdarma;seznam;20;11;3.401;;T-ZATEPL-PUDA | zateplení půdy
izolace podkroví;seznam+google;6;5;3.503;1;T-ZATEPL-PUDA | zateplení půdy
foukaná izolace celulóza;seznam;14;11;3.273;;T-ZATEPL-PUDA | zateplení půdy
foukaná izolace;seznam+google;0;0;4.516;1;T-ZATEPL-PUDA | zateplení půdy
podkroví rekonstrukce;google;;;;1;T-ZATEPL-PUDA | zateplení půdy
skladba zateplení šikmé střechy;seznam+google;9;6;3.2;9;T-ZATEPL-PUDA | zateplení půdy
sádrokarton podkroví;google;;;;1;T-ZATEPL-PUDA | zateplení půdy
zateplení střechy foukanou izolaci;google;;;;1;T-ZATEPL-PUDA | zateplení půdy
zateplení střechy na půdě;seznam+google;5;5;2.4;3;T-ZATEPL-PUDA | zateplení půdy
zateplení střechy zevnitř;google;;;;1;T-ZATEPL-PUDA | zateplení půdy
zateplení šikmé střechy;google;;;;1;T-ZATEPL-PUDA | zateplení půdy
střešní izolace pir;seznam+google;6;5;3.338;5;T-ZATEPL-PUDA | zateplení půdy
foukaná izolace cena za m2;google;;;;2;T-ZATEPL-PUDA | zateplení půdy
izolace podkroví vatou;google;;;;2;T-ZATEPL-PUDA | zateplení půdy
oprava hydroizolace střechy;google;;;;2;T-ZATEPL-PUDA | zateplení půdy
oprava izolace střechy;google;;;;2;T-ZATEPL-PUDA | zateplení půdy
rekonstrukce podkroví cena;seznam+google;4;2;1.8;4;T-ZATEPL-PUDA | zateplení půdy
rekonstrukce podkroví inspirace;google;;;;2;T-ZATEPL-PUDA | zateplení půdy
střešní izolace s.r.o;google;;;;2;T-ZATEPL-PUDA | zateplení půdy
sádrokarton podkroví cena;google;;;;2;T-ZATEPL-PUDA | zateplení půdy
zateplení podkroví skladba;google;;;;2;T-ZATEPL-PUDA | zateplení půdy
zateplení střechy foukanou minerální vatou;google;;;;2;T-ZATEPL-PUDA | zateplení půdy
izolace střechy podkroví;seznam;8;6;2.931;;T-ZATEPL-PUDA | zateplení půdy
střešní izolace sloupnice;seznam+google;3;3;3.199;4;T-ZATEPL-PUDA | zateplení půdy
izolace podkroví pěnou;google;;;;3;T-ZATEPL-PUDA | zateplení půdy
sadrokarton podkroví postup;google;;;;3;T-ZATEPL-PUDA | zateplení půdy
střešní izolace vata;google;;;;3;T-ZATEPL-PUDA | zateplení půdy
sádrokarton v podkroví;seznam+google;4;2;1.6;6;T-ZATEPL-PUDA | zateplení půdy
zateplená střešní krytina;seznam;7;5;2.4;;T-ZATEPL-PUDA | zateplení půdy
zateplení podlahy půdy;seznam;7;7;2.741;;T-ZATEPL-PUDA | zateplení půdy
zateplení půdy konopím;seznam;7;1;3.673;;T-ZATEPL-PUDA | zateplení půdy
zateplení šikmé střechy postup;seznam;7;5;3.0;;T-ZATEPL-PUDA | zateplení půdy
rekonstrukce podkroví;seznam;6;6;3.497;;T-ZATEPL-PUDA | zateplení půdy
rekonstrukce podkroví z půdy;seznam;6;5;1.8;;T-ZATEPL-PUDA | zateplení půdy
tepelná izolace podkroví;seznam;6;3;2.664;;T-ZATEPL-PUDA | zateplení půdy
tepelná izolace stropu podkroví;seznam;6;3;2.687;;T-ZATEPL-PUDA | zateplení půdy
zateplení podkroví zevnitř;seznam+google;3;3;0;10;T-ZATEPL-PUDA | zateplení půdy
zateplení půdy cena;seznam;6;6;3.135;;T-ZATEPL-PUDA | zateplení půdy
foukaná izolace nevýhody;google;;;;5;T-ZATEPL-PUDA | zateplení půdy
izolace podkroví polystyrenem;google;;;;5;T-ZATEPL-PUDA | zateplení půdy
izolace podkroví skladba;google;;;;4;T-ZATEPL-PUDA | zateplení půdy
podkroví sádrokarton kolem oken;google;;;;5;T-ZATEPL-PUDA | zateplení půdy
rekonstrukce podkroví stavební povolení;google;;;;5;T-ZATEPL-PUDA | zateplení půdy
sadrokarton podkroví konstrukce;google;;;;4;T-ZATEPL-PUDA | zateplení půdy
zateplení podkroví cena za m2;google;;;;4;T-ZATEPL-PUDA | zateplení půdy
zateplení podkroví vatou;google;;;;5;T-ZATEPL-PUDA | zateplení půdy
zateplení půdy vatou;google;;;;4;T-ZATEPL-PUDA | zateplení půdy
zateplení stropu baráku sedlové střechy cena;seznam;5;2;2.9;;T-ZATEPL-PUDA | zateplení půdy
zateplení střechy zevnitř cena;google;;;;4;T-ZATEPL-PUDA | zateplení půdy
zateplení šikmé střechy polystyrenem;google;;;;4;T-ZATEPL-PUDA | zateplení půdy
zateplení šikmé střechy zespodu bez původní difuzní folie;google;;;;4;T-ZATEPL-PUDA | zateplení půdy
pvc izolace střešní lepení silikonem;seznam;4;2;2.966;;T-ZATEPL-PUDA | zateplení půdy
cena prace sadrokarton podkroví;google;;;;9;T-ZATEPL-PUDA | zateplení půdy
foukaná izolace cena za m3;google;;;;6;T-ZATEPL-PUDA | zateplení půdy
foukaná izolace knauf;google;;;;10;T-ZATEPL-PUDA | zateplení půdy
foukaná izolace praha;google;;;;7;T-ZATEPL-PUDA | zateplení půdy
foukaná izolace v pytlích;google;;;;9;T-ZATEPL-PUDA | zateplení půdy
foukaná izolace ve spreji;google;;;;8;T-ZATEPL-PUDA | zateplení půdy
foukaná izolace čedič;seznam;3;1;3.412;;T-ZATEPL-PUDA | zateplení půdy
foukané zateplení střechy;google;;;;6;T-ZATEPL-PUDA | zateplení půdy
izolace podkroví cena;google;;;;7;T-ZATEPL-PUDA | zateplení půdy
izolace podkroví tloušťka;google;;;;6;T-ZATEPL-PUDA | zateplení půdy
kompletní rekonstrukce podkroví cena;google;;;;8;T-ZATEPL-PUDA | zateplení půdy
pur izolace podkroví;google;;;;9;T-ZATEPL-PUDA | zateplení půdy
rastr sadrokarton podkroví;google;;;;8;T-ZATEPL-PUDA | zateplení půdy
rekonstrukce podkroví podlaha;google;;;;7;T-ZATEPL-PUDA | zateplení půdy
rekonstrukce podkroví projekt;google;;;;6;T-ZATEPL-PUDA | zateplení půdy
složení zateplení šikmé střechy;google;;;;10;T-ZATEPL-PUDA | zateplení půdy
střešní izolace cena;google;;;;9;T-ZATEPL-PUDA | zateplení půdy
střešní izolace dek;google;;;;7;T-ZATEPL-PUDA | zateplení půdy
střešní izolace ipa;google;;;;6;T-ZATEPL-PUDA | zateplení půdy
střešní izolace isover;google;;;;8;T-ZATEPL-PUDA | zateplení půdy
střešní tepelná izolace;google;;;;10;T-ZATEPL-PUDA | zateplení půdy
stříkaná izolace podkroví;google;;;;8;T-ZATEPL-PUDA | zateplení půdy
sádrokarton do podkroví;google;;;;7;T-ZATEPL-PUDA | zateplení půdy
zatepleni střechy podkroví;google;;;;8;T-ZATEPL-PUDA | zateplení půdy
zateplení podkroví cena;google;;;;7;T-ZATEPL-PUDA | zateplení půdy
zateplení podkroví polystyrenem;google;;;;6;T-ZATEPL-PUDA | zateplení půdy
zateplení podkroví postup;google;;;;8;T-ZATEPL-PUDA | zateplení půdy
zateplení podkroví pěnou;google;;;;9;T-ZATEPL-PUDA | zateplení půdy
zateplení podlahy půdy polystyren;seznam;3;2;2.833;;T-ZATEPL-PUDA | zateplení půdy
zateplení půdy minerální vatou;google;;;;7;T-ZATEPL-PUDA | zateplení půdy
zateplení půdy polystyrenem;google;;;;6;T-ZATEPL-PUDA | zateplení půdy
zateplení půdy pěnou;google;;;;9;T-ZATEPL-PUDA | zateplení půdy
zateplení půdy starého domu;google;;;;10;T-ZATEPL-PUDA | zateplení půdy
zateplení rovné střechy zevnitř;google;;;;6;T-ZATEPL-PUDA | zateplení půdy
zateplení staré střechy zevnitř;google;;;;9;T-ZATEPL-PUDA | zateplení půdy
zateplení šikmé střechy vatou;google;;;;8;T-ZATEPL-PUDA | zateplení půdy
životnost střešní krytiny;seznam+google;4;3;3.479;1;T-ZIVOTNOST | životnost střešní krytiny
došková střecha životnost;google;;;;1;T-ZIVOTNOST | životnost střešní krytiny
jak dlouho vydrží střecha;google;;;;1;T-ZIVOTNOST | životnost střešní krytiny
jak dlouho vydrží střešní krytina;google;;;;1;T-ZIVOTNOST | životnost střešní krytiny
jak dlouho vydrží nová střecha;google;;;;2;T-ZIVOTNOST | životnost střešní krytiny
jak dlouho vydrží došková střecha;google;;;;4;T-ZIVOTNOST | životnost střešní krytiny
střešní krytina capacco - výrobce záruka materiál;seznam;4;1;2.4;;T-ZIVOTNOST | životnost střešní krytiny
jak dlouho vydrží slaměná střecha;google;;;;8;T-ZIVOTNOST | životnost střešní krytiny
fotovoltaika backup;google;;;;1;V-BACKUP | záložní napájení z fotovoltaiky při výpadku proudu
fotovoltaika při výpadku proudu;google;;;;1;V-BACKUP | záložní napájení z fotovoltaiky při výpadku proudu
záložní zdroj fotovoltaika;google;;;;1;V-BACKUP | záložní napájení z fotovoltaiky při výpadku proudu
backup fotovoltaika cena;google;;;;2;V-BACKUP | záložní napájení z fotovoltaiky při výpadku proudu
full backup fotovoltaika;google;;;;3;V-BACKUP | záložní napájení z fotovoltaiky při výpadku proudu
baterie k fotovoltaice;seznam+google;73;43;4.499;1;V-BAT | baterie k fotovoltaice
fotovoltaika baterie;seznam+google;13;8;3.615;1;V-BAT | baterie k fotovoltaice
bateriové úložiště pro domácnost;seznam+google;17;12;3.083;3;V-BAT | baterie k fotovoltaice
solární elektrárna s baterií;seznam+google;15;12;3.135;2;V-BAT | baterie k fotovoltaice
baterie k fotovoltaice goodwe;seznam+google;10;8;3.961;1;V-BAT | baterie k fotovoltaice
baterie k fotovoltaice 10kw;seznam+google;6;6;2.8;1;V-BAT | baterie k fotovoltaice
solární panel s baterií;seznam;18;15;0.284;;V-BAT | baterie k fotovoltaice
malá fotovoltaika s baterií;seznam+google;4;4;2.8;1;V-BAT | baterie k fotovoltaice
kolik stojí baterie k fotovoltaice;seznam+google;3;2;3.914;1;V-BAT | baterie k fotovoltaice
fotovoltaiky cena s montáží 6kw s bateriemi;seznam;14;6;0.277;;V-BAT | baterie k fotovoltaice
baterie 10 kwh cena;google;;;;1;V-BAT | baterie k fotovoltaice
baterie fotovoltaice 3 kw;google;;;;1;V-BAT | baterie k fotovoltaice
baterie fotovoltaice 5 kw;google;;;;1;V-BAT | baterie k fotovoltaice
baterie fotovoltaice 8 kw;google;;;;1;V-BAT | baterie k fotovoltaice
baterie fotovoltaice deye;google;;;;1;V-BAT | baterie k fotovoltaice
baterie fotovoltaice exterior;google;;;;1;V-BAT | baterie k fotovoltaice
baterie fotovoltaice fronius;google;;;;1;V-BAT | baterie k fotovoltaice
baterie fotovoltaice huawei;google;;;;1;V-BAT | baterie k fotovoltaice
baterie fotovoltaice ieftine;google;;;;1;V-BAT | baterie k fotovoltaice
baterie fotovoltaice lifepo4;google;;;;1;V-BAT | baterie k fotovoltaice
baterie fotovoltaice olx;google;;;;1;V-BAT | baterie k fotovoltaice
baterie fotovoltaice renon;google;;;;1;V-BAT | baterie k fotovoltaice
baterie fotovoltaice tesla;google;;;;1;V-BAT | baterie k fotovoltaice
baterie fotovoltaice utb shop;google;;;;1;V-BAT | baterie k fotovoltaice
baterie fotovoltaika cena;google;;;;1;V-BAT | baterie k fotovoltaice
baterie k fotovoltaice 100 kw;google;;;;1;V-BAT | baterie k fotovoltaice
baterie k fotovoltaice 20kw;google;;;;1;V-BAT | baterie k fotovoltaice
baterie k fotovoltaice bazar;google;;;;1;V-BAT | baterie k fotovoltaice
baterie k fotovoltaice cena;google;;;;1;V-BAT | baterie k fotovoltaice
baterie k fotovoltaice pylontech;google;;;;1;V-BAT | baterie k fotovoltaice
baterie k fotovoltaice solax;google;;;;1;V-BAT | baterie k fotovoltaice
baterie z auta k fotovoltaice;google;;;;1;V-BAT | baterie k fotovoltaice
bateriové úložiště;seznam+google;0;0;4.063;1;V-BAT | baterie k fotovoltaice
bateriové úložiště cena;google;;;;1;V-BAT | baterie k fotovoltaice
domácí fotovoltaika s baterií;google;;;;1;V-BAT | baterie k fotovoltaice
fotovoltaika 10 kw s baterii;google;;;;1;V-BAT | baterie k fotovoltaice
fotovoltaika bez baterie;google;;;;1;V-BAT | baterie k fotovoltaice
fotovoltaika cena baterie;google;;;;1;V-BAT | baterie k fotovoltaice
fotovoltaika požár baterie;google;;;;1;V-BAT | baterie k fotovoltaice
fotovoltaika s baterií;google;;;;1;V-BAT | baterie k fotovoltaice
fotovoltaika s baterií cena;google;;;;1;V-BAT | baterie k fotovoltaice
fotovoltaika s baterií nebo bez;google;;;;1;V-BAT | baterie k fotovoltaice
fotovoltaika s virtuální baterií;google;;;;1;V-BAT | baterie k fotovoltaice
jak velké baterie k fotovoltaice;google;;;;1;V-BAT | baterie k fotovoltaice
jaké baterie k fotovoltaice;google;;;;1;V-BAT | baterie k fotovoltaice
kolik stojí fotovoltaika s baterií;google;;;;1;V-BAT | baterie k fotovoltaice
nejlepší baterie k fotovoltaice;google;;;;1;V-BAT | baterie k fotovoltaice
solární panely s baterií;google;;;;1;V-BAT | baterie k fotovoltaice
velikost baterie k fotovoltaice;google;;;;1;V-BAT | baterie k fotovoltaice
bateriové úložiště 10kw;seznam+google;7;5;3.292;9;V-BAT | baterie k fotovoltaice
bateriové úložiště solax;seznam;10;6;3.324;;V-BAT | baterie k fotovoltaice
fotovoltaiky cena s baterií;seznam;10;7;0;;V-BAT | baterie k fotovoltaice
baterie 10 kwh;google;;;;2;V-BAT | baterie k fotovoltaice
baterie externa fotovoltaice;google;;;;2;V-BAT | baterie k fotovoltaice
baterie fotovoltaice 20 kw;google;;;;2;V-BAT | baterie k fotovoltaice
baterie fotovoltaice 30 kw;google;;;;2;V-BAT | baterie k fotovoltaice
baterie fotovoltaice 50 kw;google;;;;2;V-BAT | baterie k fotovoltaice
baterie fotovoltaice atmoce;google;;;;2;V-BAT | baterie k fotovoltaice
baterie fotovoltaice cu incalzire;google;;;;2;V-BAT | baterie k fotovoltaice
baterie fotovoltaice dyness;google;;;;2;V-BAT | baterie k fotovoltaice
baterie fotovoltaice fox;google;;;;2;V-BAT | baterie k fotovoltaice
baterie fotovoltaice growatt;google;;;;2;V-BAT | baterie k fotovoltaice
baterie fotovoltaice huawei 10 kw;google;;;;2;V-BAT | baterie k fotovoltaice
baterie fotovoltaice in rate;google;;;;2;V-BAT | baterie k fotovoltaice
baterie fotovoltaice luna;google;;;;2;V-BAT | baterie k fotovoltaice
baterie fotovoltaice pret;google;;;;2;V-BAT | baterie k fotovoltaice
baterie fotovoltaika 10 kw cena;google;;;;2;V-BAT | baterie k fotovoltaice
baterie k fotovoltaice 10 kw;google;;;;2;V-BAT | baterie k fotovoltaice
baterie panouri fotovoltaice 8 kw;google;;;;2;V-BAT | baterie k fotovoltaice
baterie panouri fotovoltaice olx;google;;;;2;V-BAT | baterie k fotovoltaice
baterie solax triple power 11,6 kwh;seznam;9;7;1.3;;V-BAT | baterie k fotovoltaice
bateriové úložiště 100kw cena;google;;;;2;V-BAT | baterie k fotovoltaice
bateriové úložiště 200kw ceníky;seznam;9;4;3.422;;V-BAT | baterie k fotovoltaice
fotovoltaika a akumulace v praxi 2026;google;;;;2;V-BAT | baterie k fotovoltaice
fotovoltaika baterie životnost;google;;;;2;V-BAT | baterie k fotovoltaice
fotovoltaika bez baterie zkušenosti;google;;;;2;V-BAT | baterie k fotovoltaice
fotovoltaika bez baterii;google;;;;2;V-BAT | baterie k fotovoltaice
jak velkou baterii pro fotovoltaiku;google;;;;2;V-BAT | baterie k fotovoltaice
kolik stoji baterie k fotovoltaice;google;;;;2;V-BAT | baterie k fotovoltaice
solární panely s baterií cena;google;;;;2;V-BAT | baterie k fotovoltaice
virtuální baterie k fotovoltaice;google;;;;2;V-BAT | baterie k fotovoltaice
baterie sofar solar 10 kwh;seznam;8;5;1.75;;V-BAT | baterie k fotovoltaice
baterie solax triple power hv 5.8 kwh;seznam;8;7;1.25;;V-BAT | baterie k fotovoltaice
prodej rct baterie fotovoltaika;seznam;8;3;2.847;;V-BAT | baterie k fotovoltaice
baterie 10 kwh huawei;google;;;;3;V-BAT | baterie k fotovoltaice
baterie fotovoltaice 3 kw huawei;google;;;;3;V-BAT | baterie k fotovoltaice
baterie fotovoltaice 5 kw growatt;google;;;;3;V-BAT | baterie k fotovoltaice
baterie fotovoltaice atmos;google;;;;3;V-BAT | baterie k fotovoltaice
baterie fotovoltaice byd;google;;;;3;V-BAT | baterie k fotovoltaice
baterie fotovoltaice compatibila huawei;google;;;;3;V-BAT | baterie k fotovoltaice
baterie fotovoltaice hailei;google;;;;3;V-BAT | baterie k fotovoltaice
baterie fotovoltaice livoltek;google;;;;3;V-BAT | baterie k fotovoltaice
baterie fotovoltaice sungrow;google;;;;3;V-BAT | baterie k fotovoltaice
baterie fotovoltaice victron;google;;;;3;V-BAT | baterie k fotovoltaice
baterie fotovoltaika 20 kw cena;google;;;;3;V-BAT | baterie k fotovoltaice
baterie fotovoltaika solax;google;;;;3;V-BAT | baterie k fotovoltaice
baterie gel fotovoltaice;google;;;;3;V-BAT | baterie k fotovoltaice
baterie panouri fotovoltaice;google;;;;3;V-BAT | baterie k fotovoltaice
baterie panouri fotovoltaice deye;google;;;;3;V-BAT | baterie k fotovoltaice
bateriové úložiště 30kw;seznam;7;6;2.738;;V-BAT | baterie k fotovoltaice
bateriové úložiště 50kw cena;google;;;;3;V-BAT | baterie k fotovoltaice
fotovoltaika 10 kwp bez baterie;google;;;;3;V-BAT | baterie k fotovoltaice
fotovoltaika baterie 10 kw;seznam;7;2;3.364;;V-BAT | baterie k fotovoltaice
fotovoltaika baterie v zimě;google;;;;3;V-BAT | baterie k fotovoltaice
fotovoltaika bez baterie cena;google;;;;3;V-BAT | baterie k fotovoltaice
fotovoltaika venkovní baterie;google;;;;3;V-BAT | baterie k fotovoltaice
fotovoltaika virtuální baterie;seznam;7;6;3.116;;V-BAT | baterie k fotovoltaice
jak dlouho vydrzi baterie fotovoltaika;google;;;;3;V-BAT | baterie k fotovoltaice
solární panely baterie;google;;;;3;V-BAT | baterie k fotovoltaice
solární panely s bateriovým úložištěm;google;;;;3;V-BAT | baterie k fotovoltaice
baterie 10 kwh lifepo4;google;;;;4;V-BAT | baterie k fotovoltaice
baterie acumulator fotovoltaice;google;;;;4;V-BAT | baterie k fotovoltaice
baterie celule fotovoltaice;google;;;;5;V-BAT | baterie k fotovoltaice
baterie fotovoltaice 10 kw;google;;;;5;V-BAT | baterie k fotovoltaice
baterie fotovoltaice 25 kw;google;;;;4;V-BAT | baterie k fotovoltaice
baterie fotovoltaice 2kw;google;;;;5;V-BAT | baterie k fotovoltaice
baterie fotovoltaice 5 kw pret;google;;;;5;V-BAT | baterie k fotovoltaice
baterie fotovoltaice afm;google;;;;5;V-BAT | baterie k fotovoltaice
baterie fotovoltaice casa verde;google;;;;4;V-BAT | baterie k fotovoltaice
baterie fotovoltaice high voltage;google;;;;4;V-BAT | baterie k fotovoltaice
baterie fotovoltaice v tac;google;;;;5;V-BAT | baterie k fotovoltaice
baterie fotovoltaika 10 kw cena goodwe;google;;;;5;V-BAT | baterie k fotovoltaice
baterie fotovoltaika 5 kw cena;google;;;;4;V-BAT | baterie k fotovoltaice
baterie fotovoltaika huawei;google;;;;4;V-BAT | baterie k fotovoltaice
baterie k fotovoltaice 15kw;google;;;;4;V-BAT | baterie k fotovoltaice
baterie k fotovoltaice 20 kwh;seznam;5;5;3.55;;V-BAT | baterie k fotovoltaice
baterie litiu fotovoltaice;google;;;;5;V-BAT | baterie k fotovoltaice
baterie panouri fotovoltaice 10 kw;google;;;;4;V-BAT | baterie k fotovoltaice
baterie panouri fotovoltaice 3 kw;google;;;;4;V-BAT | baterie k fotovoltaice
baterie panouri fotovoltaice 30 kw;google;;;;5;V-BAT | baterie k fotovoltaice
baterie panouri fotovoltaice 5 kw;google;;;;5;V-BAT | baterie k fotovoltaice
baterie panouri fotovoltaice de 10 kw;google;;;;5;V-BAT | baterie k fotovoltaice
baterie panouri fotovoltaice dyness;google;;;;4;V-BAT | baterie k fotovoltaice
baterie panouri fotovoltaice huawei;google;;;;5;V-BAT | baterie k fotovoltaice
baterie panouri fotovoltaice lifepo4;google;;;;4;V-BAT | baterie k fotovoltaice
baterie panouri fotovoltaice v-tac;google;;;;4;V-BAT | baterie k fotovoltaice
baterie pro fve solax 3,1 kwh;seznam;5;4;1.3;;V-BAT | baterie k fotovoltaice
baterie pylontech force h3 5,12 kwh;seznam;5;5;2.537;;V-BAT | baterie k fotovoltaice
baterie sisteme fotovoltaice;google;;;;5;V-BAT | baterie k fotovoltaice
baterie stocare fotovoltaice;google;;;;4;V-BAT | baterie k fotovoltaice
bateriové úložiště 10kw cena;google;;;;4;V-BAT | baterie k fotovoltaice
deye baterie se-f16, 16 kwh;seznam;5;4;2.668;;V-BAT | baterie k fotovoltaice
domácí bateriové úložiště cena;google;;;;5;V-BAT | baterie k fotovoltaice
fotovoltaika baterie venku;google;;;;5;V-BAT | baterie k fotovoltaice
fotovoltaika baterie zkušenosti;google;;;;4;V-BAT | baterie k fotovoltaice
jak funguje fotovoltaika bez baterie;google;;;;5;V-BAT | baterie k fotovoltaice
solární baterie 10 kwh;google;;;;5;V-BAT | baterie k fotovoltaice
solární elektrárna s baterií cena;google;;;;4;V-BAT | baterie k fotovoltaice
solární panely a baterie;google;;;;5;V-BAT | baterie k fotovoltaice
baterie dyness tower ts10 10,66 kwh;seznam;4;1;2.926;;V-BAT | baterie k fotovoltaice
bateriové úložiště bess;seznam;4;4;2.905;;V-BAT | baterie k fotovoltaice
bateriové úložiště kontejner;seznam;4;4;1.8;;V-BAT | baterie k fotovoltaice
bateriové úložiště v čr;seznam;4;3;3.208;;V-BAT | baterie k fotovoltaice
úložná baterie k fotovoltaice;seznam;4;2;4.412;;V-BAT | baterie k fotovoltaice
baterie 200ah fotovoltaice;google;;;;6;V-BAT | baterie k fotovoltaice
baterie 48v 20 kwh;seznam;3;1;2.758;;V-BAT | baterie k fotovoltaice
baterie de fotovoltaice;google;;;;7;V-BAT | baterie k fotovoltaice
baterie fotovoltaice 10 kw huawei;google;;;;7;V-BAT | baterie k fotovoltaice
baterie fotovoltaice 15 kw pret;google;;;;9;V-BAT | baterie k fotovoltaice
baterie fotovoltaice 15kw;google;;;;10;V-BAT | baterie k fotovoltaice
baterie fotovoltaice 16 kw;google;;;;6;V-BAT | baterie k fotovoltaice
baterie fotovoltaice 20 kw pret;google;;;;7;V-BAT | baterie k fotovoltaice
baterie fotovoltaice 5 kw deye;google;;;;7;V-BAT | baterie k fotovoltaice
baterie fotovoltaice 5 kw goodwe;google;;;;8;V-BAT | baterie k fotovoltaice
baterie fotovoltaice 5 kw huawei;google;;;;6;V-BAT | baterie k fotovoltaice
baterie fotovoltaice 5 kw huawei pret;google;;;;9;V-BAT | baterie k fotovoltaice
baterie fotovoltaice 5 kw sungrow;google;;;;10;V-BAT | baterie k fotovoltaice
baterie fotovoltaika 10 kw cena huawei;google;;;;8;V-BAT | baterie k fotovoltaice
baterie fotovoltaika 15 kw cena;google;;;;6;V-BAT | baterie k fotovoltaice
baterie fotovoltaika 30 kw cena;google;;;;7;V-BAT | baterie k fotovoltaice
baterie k fotovoltaice 48v;google;;;;10;V-BAT | baterie k fotovoltaice
baterie k fotovoltaice bazoš;seznam;3;1;5.425;;V-BAT | baterie k fotovoltaice
baterie luna 10 kwh;google;;;;9;V-BAT | baterie k fotovoltaice
baterie na fotovoltaika cena;seznam;3;3;2.0;;V-BAT | baterie k fotovoltaice
baterie panouri fotovoltaice 15 kw;google;;;;8;V-BAT | baterie k fotovoltaice
baterie panouri fotovoltaice 16 kw;google;;;;9;V-BAT | baterie k fotovoltaice
baterie panouri fotovoltaice 20 kw;google;;;;8;V-BAT | baterie k fotovoltaice
baterie panouri fotovoltaice 25 kw;google;;;;9;V-BAT | baterie k fotovoltaice
baterie panouri fotovoltaice sungrow;google;;;;9;V-BAT | baterie k fotovoltaice
baterie pentru fotovoltaice;google;;;;6;V-BAT | baterie k fotovoltaice
baterie pentru fotovoltaice de 15 kw;google;;;;6;V-BAT | baterie k fotovoltaice
baterie pentru fotovoltaice huawei;google;;;;7;V-BAT | baterie k fotovoltaice
baterie solax 10 kwh;google;;;;10;V-BAT | baterie k fotovoltaice
baterie stocare fotovoltaice 10 kw;google;;;;7;V-BAT | baterie k fotovoltaice
baterie stocare fotovoltaice 15 kw;google;;;;10;V-BAT | baterie k fotovoltaice
baterie stocare fotovoltaice 5 kw;google;;;;6;V-BAT | baterie k fotovoltaice
baterie stocare fotovoltaice huawei;google;;;;6;V-BAT | baterie k fotovoltaice
bateriové úložiště 1 mwh cena;google;;;;7;V-BAT | baterie k fotovoltaice
bateriové úložiště 1mw cena;google;;;;10;V-BAT | baterie k fotovoltaice
bateriové úložiště 20kw;google;;;;6;V-BAT | baterie k fotovoltaice
bateriové úložiště 20kw cena;google;;;;9;V-BAT | baterie k fotovoltaice
bateriové úložiště hes cena;google;;;;8;V-BAT | baterie k fotovoltaice
bateriové úložiště čez;google;;;;10;V-BAT | baterie k fotovoltaice
fotovoltaická elektrárna s baterií cena;google;;;;8;V-BAT | baterie k fotovoltaice
fotovoltaika 10 kw s bateriou;google;;;;7;V-BAT | baterie k fotovoltaice
fotovoltaika 10kw s baterií cena;google;;;;8;V-BAT | baterie k fotovoltaice
fotovoltaika 5kwh;google;;;;8;V-BAT | baterie k fotovoltaice
fotovoltaika a akumulace v praxi;google;;;;9;V-BAT | baterie k fotovoltaice
fotovoltaika baterie cena;google;;;;9;V-BAT | baterie k fotovoltaice
fotovoltaika bateriové úložiště;google;;;;10;V-BAT | baterie k fotovoltaice
fotovoltaika bez virtualnej baterie;google;;;;6;V-BAT | baterie k fotovoltaice
fotovoltaika čez virtuální baterie;google;;;;10;V-BAT | baterie k fotovoltaice
gen2 baterie 10 kwh 200ah;google;;;;7;V-BAT | baterie k fotovoltaice
huawei solární elektrárna 12 kwh;seznam;3;1;1.4;;V-BAT | baterie k fotovoltaice
jak funguje fotovoltaika s bateriemi;google;;;;9;V-BAT | baterie k fotovoltaice
kontejnerové bateriové úložiště cena;google;;;;7;V-BAT | baterie k fotovoltaice
solární panely bez baterie;google;;;;8;V-BAT | baterie k fotovoltaice
solární panely s akumulátorem;seznam;3;1;4.663;;V-BAT | baterie k fotovoltaice
ufo baterie 10 kwh;google;;;;6;V-BAT | baterie k fotovoltaice
ufo baterie 10 kwh 48v;google;;;;8;V-BAT | baterie k fotovoltaice
velkokapacitní bateriové úložiště cena;google;;;;6;V-BAT | baterie k fotovoltaice
fotovoltaika cena;seznam+google;68;47;3.718;1;V-CENA | fotovoltaika cena
fotovoltaické panely cena;seznam+google;21;14;0.263;1;V-CENA | fotovoltaika cena
kolik stojí fotovoltaika;seznam+google;10;8;2.4;1;V-CENA | fotovoltaika cena
kolik stojí fotovoltaika na rodinný dům;seznam+google;10;8;3.05;1;V-CENA | fotovoltaika cena
solární panely levně;seznam+google;10;7;3.865;1;V-CENA | fotovoltaika cena
fotovoltaika ceník;seznam+google;9;7;2.823;1;V-CENA | fotovoltaika cena
fotovoltaika eon cena;seznam+google;8;6;2.4;1;V-CENA | fotovoltaika cena
solární elektrárna na klíč;seznam+google;8;8;2.88;1;V-CENA | fotovoltaika cena
solární panely cena;seznam+google;8;6;3.815;1;V-CENA | fotovoltaika cena
kolik stojí solární panely;seznam+google;8;5;3.927;2;V-CENA | fotovoltaika cena
solární elektrárna cena;seznam+google;5;5;2.4;1;V-CENA | fotovoltaika cena
fotovoltaika 5kw cena;seznam+google;4;3;2.4;1;V-CENA | fotovoltaika cena
fotovoltaika levně;seznam+google;4;3;3.054;1;V-CENA | fotovoltaika cena
fotovoltaika set;seznam+google;9;7;3.049;3;V-CENA | fotovoltaika cena
fotovoltaická elektrárna cena;seznam+google;3;3;2.988;1;V-CENA | fotovoltaika cena
fotovoltaika 10 kwp cena;google;;;;1;V-CENA | fotovoltaika cena
fotovoltaika 30kw cena;google;;;;1;V-CENA | fotovoltaika cena
fotovoltaika 5 kwp cena;google;;;;1;V-CENA | fotovoltaika cena
fotovoltaika 6 kwp cena;google;;;;1;V-CENA | fotovoltaika cena
fotovoltaika akce;google;;;;1;V-CENA | fotovoltaika cena
fotovoltaika cena 10kw;google;;;;1;V-CENA | fotovoltaika cena
fotovoltaika cena 2026;google;;;;1;V-CENA | fotovoltaika cena
fotovoltaika cena 5kw;google;;;;1;V-CENA | fotovoltaika cena
fotovoltaika cena 8 kw;google;;;;1;V-CENA | fotovoltaika cena
fotovoltaika cena komplet;google;;;;1;V-CENA | fotovoltaika cena
fotovoltaika cena panelu;google;;;;1;V-CENA | fotovoltaika cena
fotovoltaika cena za 1 kwp;google;;;;1;V-CENA | fotovoltaika cena
fotovoltaika cena za m2;google;;;;1;V-CENA | fotovoltaika cena
fotovoltaika cez cena;google;;;;1;V-CENA | fotovoltaika cena
fotovoltaika innogy cena;google;;;;1;V-CENA | fotovoltaika cena
fotovoltaika kolik stoji;google;;;;1;V-CENA | fotovoltaika cena
fotovoltaika kolik stojí;google;;;;1;V-CENA | fotovoltaika cena
fotovoltaika na dobíjení auta cena;google;;;;1;V-CENA | fotovoltaika cena
fotovoltaika na dum cena;google;;;;1;V-CENA | fotovoltaika cena
fotovoltaika na klíč;seznam+google;0;0;4.175;1;V-CENA | fotovoltaika cena
fotovoltaika na klíč cena;google;;;;1;V-CENA | fotovoltaika cena
fotovoltaika na rd cena;google;;;;1;V-CENA | fotovoltaika cena
fotovoltaika nabidka;google;;;;1;V-CENA | fotovoltaika cena
fotovoltaika nabídka;google;;;;1;V-CENA | fotovoltaika cena
fotovoltaika off grid cena;google;;;;1;V-CENA | fotovoltaika cena
fotovoltaika poptávka;google;;;;1;V-CENA | fotovoltaika cena
fotovoltaika rodinný dům cena;google;;;;1;V-CENA | fotovoltaika cena
fotovoltaika čez cena;google;;;;1;V-CENA | fotovoltaika cena
kolik stoji solarni panely;google;;;;1;V-CENA | fotovoltaika cena
kolik stojí solární elektrárna;google;;;;1;V-CENA | fotovoltaika cena
poptávka fotovoltaika;google;;;;1;V-CENA | fotovoltaika cena
solarni panely kolik stoji;google;;;;1;V-CENA | fotovoltaika cena
solární panely akce;google;;;;1;V-CENA | fotovoltaika cena
solární panely na klíč;google;;;;1;V-CENA | fotovoltaika cena
solární panely na rodinný dům cena;google;;;;1;V-CENA | fotovoltaika cena
solární panely set;seznam+google;3;3;4.73;2;V-CENA | fotovoltaika cena
levné solární panely;seznam;11;7;4.068;;V-CENA | fotovoltaika cena
domácí fotovoltaická elektrárna cena;google;;;;2;V-CENA | fotovoltaika cena
fotovoltaická elektrárna 10 kwp cena;google;;;;2;V-CENA | fotovoltaika cena
fotovoltaické cena elektrárny;seznam;9;7;0.248;;V-CENA | fotovoltaika cena
fotovoltaické panely cena zostavy;google;;;;2;V-CENA | fotovoltaika cena
fotovoltaika 20 kw cena;google;;;;2;V-CENA | fotovoltaika cena
fotovoltaika 3kw cena;google;;;;2;V-CENA | fotovoltaika cena
fotovoltaika 4 kwp cena;google;;;;2;V-CENA | fotovoltaika cena
fotovoltaika 50kw cena;google;;;;2;V-CENA | fotovoltaika cena
fotovoltaika 8 kwp cena;google;;;;2;V-CENA | fotovoltaika cena
fotovoltaika 8kw cena;google;;;;2;V-CENA | fotovoltaika cena
fotovoltaika cena 10kwp;google;;;;2;V-CENA | fotovoltaika cena
fotovoltaika cena 2025;google;;;;2;V-CENA | fotovoltaika cena
fotovoltaika cena čez;seznam;9;6;4.631;;V-CENA | fotovoltaika cena
fotovoltaika domácí sestava malá;seznam;9;7;0;;V-CENA | fotovoltaika cena
kolik stoji fotovoltaika na dum;google;;;;2;V-CENA | fotovoltaika cena
kolik stoji solarni panely na dum;google;;;;2;V-CENA | fotovoltaika cena
malá solární elektrárna cena;google;;;;2;V-CENA | fotovoltaika cena
menic fotovoltaika cena;google;;;;2;V-CENA | fotovoltaika cena
optimizery fotovoltaika cena;google;;;;2;V-CENA | fotovoltaika cena
solární panely cena za m2;google;;;;2;V-CENA | fotovoltaika cena
čez fotovoltaika ceník;google;;;;2;V-CENA | fotovoltaika cena
fotovoltaický panel cena;seznam+google;5;3;0;6;V-CENA | fotovoltaika cena
cenová nabídka fotovoltaika;google;;;;3;V-CENA | fotovoltaika cena
co stojí fotovoltaika;google;;;;3;V-CENA | fotovoltaika cena
domácí solární elektrárna cena;google;;;;3;V-CENA | fotovoltaika cena
fotovoltaika 15kw cena;google;;;;3;V-CENA | fotovoltaika cena
fotovoltaika 20kw cena;google;;;;3;V-CENA | fotovoltaika cena
fotovoltaika cena 6 kw;google;;;;3;V-CENA | fotovoltaika cena
fotovoltaika cena zse;google;;;;3;V-CENA | fotovoltaika cena
fotovoltaika na rodinný dům cena;seznam;7;5;2.35;;V-CENA | fotovoltaika cena
kolik stojí fotovoltaika s montáží;seznam;7;6;2.4;;V-CENA | fotovoltaika cena
kolik stojí solární panely na rodinný dům;google;;;;3;V-CENA | fotovoltaika cena
viessmann fotovoltaika cena;google;;;;3;V-CENA | fotovoltaika cena
dražice fotovoltaika cena;google;;;;4;V-CENA | fotovoltaika cena
fotovoltaická elektrárna 20 kwp cena;google;;;;5;V-CENA | fotovoltaika cena
fotovoltaická elektrárna 5 kwp cena;google;;;;4;V-CENA | fotovoltaika cena
fotovoltaické panely cena sestavy;google;;;;4;V-CENA | fotovoltaika cena
fotovoltaický panel 500w cena;google;;;;4;V-CENA | fotovoltaika cena
fotovoltaika 100kw cena;google;;;;4;V-CENA | fotovoltaika cena
fotovoltaika 10kw cena;google;;;;4;V-CENA | fotovoltaika cena
fotovoltaika 2kw cena;google;;;;4;V-CENA | fotovoltaika cena
fotovoltaika levne;google;;;;5;V-CENA | fotovoltaika cena
fotovoltaika na zahradu cena;google;;;;4;V-CENA | fotovoltaika cena
fotovoltaika pre rodinny dom cena;google;;;;5;V-CENA | fotovoltaika cena
fotovoltaika set 10kw;google;;;;4;V-CENA | fotovoltaika cena
fotovoltaika set cena;google;;;;5;V-CENA | fotovoltaika cena
fotovoltaika zostava cena;google;;;;5;V-CENA | fotovoltaika cena
kolik stoji solarni panely na rodinny dum;google;;;;5;V-CENA | fotovoltaika cena
kolik stojí fotovoltaika 10 kw;google;;;;5;V-CENA | fotovoltaika cena
kolik stojí fotovoltaika od čezu;google;;;;5;V-CENA | fotovoltaika cena
kolik stojí solární panely na dům;google;;;;4;V-CENA | fotovoltaika cena
perovskitové fotovoltaické panely cena;google;;;;5;V-CENA | fotovoltaika cena
průhledné solární panely cena;google;;;;4;V-CENA | fotovoltaika cena
solární elektrárna 10 kw cena;google;;;;4;V-CENA | fotovoltaika cena
solární panel cena;seznam;5;5;0.254;;V-CENA | fotovoltaika cena
stojany na solární panely stojící na zemi;seznam;5;3;2.425;;V-CENA | fotovoltaika cena
vse fotovoltika cena;google;;;;4;V-CENA | fotovoltaika cena
levná fotovoltaika v hradci králové;seznam;4;1;3.44;;V-CENA | fotovoltaika cena
cena a rozměry fotovoltaika;seznam;3;1;2.2;;V-CENA | fotovoltaika cena
fotovoltaická elektrárna 10 kwp cena 2025;google;;;;7;V-CENA | fotovoltaika cena
fotovoltaická elektrárna 15 kwp cena;google;;;;10;V-CENA | fotovoltaika cena
fotovoltaická elektrárna 50 kw cena;google;;;;9;V-CENA | fotovoltaika cena
fotovoltaické panely 450wp cena;google;;;;10;V-CENA | fotovoltaika cena
fotovoltaické panely 550wp cena;google;;;;7;V-CENA | fotovoltaika cena
fotovoltaika 11kw cena;google;;;;6;V-CENA | fotovoltaika cena
fotovoltaika 1kw cena;google;;;;7;V-CENA | fotovoltaika cena
fotovoltaika 9 kw cena;google;;;;10;V-CENA | fotovoltaika cena
fotovoltaika komplet;google;;;;10;V-CENA | fotovoltaika cena
fotovoltaika na rodinný dom cena;google;;;;6;V-CENA | fotovoltaika cena
fotovoltaika od spp cena;google;;;;8;V-CENA | fotovoltaika cena
kolik stoji fotovoltaika 2025;google;;;;10;V-CENA | fotovoltaika cena
kolik stoji fotovoltaika od eonu;google;;;;8;V-CENA | fotovoltaika cena
kolik stojí fotovoltaika na dům;google;;;;8;V-CENA | fotovoltaika cena
monokrystalické fotovoltaické panely cena;google;;;;6;V-CENA | fotovoltaika cena
perovskitové solární panely cena;google;;;;8;V-CENA | fotovoltaika cena
polykrystalické fotovoltaické panely cena;google;;;;8;V-CENA | fotovoltaika cena
solarni panely 10 kw cena;google;;;;6;V-CENA | fotovoltaika cena
solární elektrárna 20 kw cena;google;;;;6;V-CENA | fotovoltaika cena
solární panely na dům cena;google;;;;10;V-CENA | fotovoltaika cena
solární panely sestava;google;;;;9;V-CENA | fotovoltaika cena
solární panely viessmann cena;google;;;;7;V-CENA | fotovoltaika cena
sse fotovoltaika cena;google;;;;6;V-CENA | fotovoltaika cena
střešní solární panely cena;google;;;;6;V-CENA | fotovoltaika cena
školení fotovoltaika cena;google;;;;7;V-CENA | fotovoltaika cena
fotovoltaika kalkulačka;seznam+google;7;5;1.8;1;V-KALK | kolik panelů na rodinný dům
fotovoltaické panely výkon m2;google;;;;1;V-KALK | kolik panelů na rodinný dům
jak velkou fotovoltaiku zvolit;google;;;;1;V-KALK | kolik panelů na rodinný dům
kolik panelů má klasický fotbalový míč;google;;;;1;V-KALK | kolik panelů na rodinný dům
solární elektrárna kalkulačka;google;;;;1;V-KALK | kolik panelů na rodinný dům
solární panely kalkulačka;google;;;;1;V-KALK | kolik panelů na rodinný dům
solární panely výkon;google;;;;1;V-KALK | kolik panelů na rodinný dům
fotovoltaické panely výkon;google;;;;2;V-KALK | kolik panelů na rodinný dům
fotovoltaika cena kalkulačka;google;;;;2;V-KALK | kolik panelů na rodinný dům
fotovoltaika kolik panelů;google;;;;2;V-KALK | kolik panelů na rodinný dům
kolik panelů na 10 kw;google;;;;2;V-KALK | kolik panelů na rodinný dům
kolik vyrobí solární elektrárna;google;;;;2;V-KALK | kolik panelů na rodinný dům
solarni panel vykon na m2;google;;;;2;V-KALK | kolik panelů na rodinný dům
fotovoltaické panely cena výkon;google;;;;3;V-KALK | kolik panelů na rodinný dům
kolik panelů má fotbalový míč;google;;;;3;V-KALK | kolik panelů na rodinný dům
kolik vyrobí fotovoltaika;seznam;7;4;2.555;;V-KALK | kolik panelů na rodinný dům
solární panely cena výkon;google;;;;3;V-KALK | kolik panelů na rodinný dům
solární panely nejvyšší výkon;seznam;7;3;3.499;;V-KALK | kolik panelů na rodinný dům
kolik panelů má klasický šitý míč;google;;;;5;V-KALK | kolik panelů na rodinný dům
kolik panelů má šitý fotbalový míč;google;;;;4;V-KALK | kolik panelů na rodinný dům
kolik vyrobí fotovoltaika v zimě;google;;;;4;V-KALK | kolik panelů na rodinný dům
kolik vyrobí fotovoltaika za den;google;;;;5;V-KALK | kolik panelů na rodinný dům
solární panely velikost;google;;;;5;V-KALK | kolik panelů na rodinný dům
solární panely na zimní zahradu;seznam;4;1;4.227;;V-KALK | kolik panelů na rodinný dům
fotovoltaika výpočet výkonu;google;;;;7;V-KALK | kolik panelů na rodinný dům
kolik kw vyrobí fotovoltaika na rodinném domě;seznam;3;2;2.58;;V-KALK | kolik panelů na rodinný dům
kolik panelů do stringu;google;;;;8;V-KALK | kolik panelů na rodinný dům
kolik panelů má míč;google;;;;10;V-KALK | kolik panelů na rodinný dům
kolik panelů má šitý míč;google;;;;7;V-KALK | kolik panelů na rodinný dům
kolik panelů na fotovoltaiku;google;;;;9;V-KALK | kolik panelů na rodinný dům
kolik vyrobí fotovoltaika za rok;google;;;;6;V-KALK | kolik panelů na rodinný dům
kolko vyrobí fotovoltaika v zimě;google;;;;6;V-KALK | kolik panelů na rodinný dům
plechová střecha s fotovoltaikou;google;;;;6;V-KOMBI | fotovoltaika a výměna střechy
fotovoltaika výhody a nevýhody;seznam+google;10;7;1.6;1;V-NAVRAT | fotovoltaika návratnost
návratnost fotovoltaiky;seznam+google;7;6;0.204;1;V-NAVRAT | fotovoltaika návratnost
vyplatí se fotovoltaika;seznam+google;6;5;0.244;1;V-NAVRAT | fotovoltaika návratnost
fotovoltaika návratnost;seznam+google;3;3;3.043;1;V-NAVRAT | fotovoltaika návratnost
fotovoltaika kalkulačka návratnosti;google;;;;1;V-NAVRAT | fotovoltaika návratnost
fotovoltaika kdy se vyplatí;google;;;;1;V-NAVRAT | fotovoltaika návratnost
fotovoltaika nevýhody;google;;;;1;V-NAVRAT | fotovoltaika návratnost
fotovoltaika úspora;google;;;;1;V-NAVRAT | fotovoltaika návratnost
má smysl fotovoltaika;google;;;;1;V-NAVRAT | fotovoltaika návratnost
solární elektrárna nevýhody;google;;;;1;V-NAVRAT | fotovoltaika návratnost
solární elektrárna výhody a nevýhody;google;;;;1;V-NAVRAT | fotovoltaika návratnost
solární panely nevýhody;google;;;;1;V-NAVRAT | fotovoltaika návratnost
solární panely návratnost;google;;;;1;V-NAVRAT | fotovoltaika návratnost
solární panely výhody nevýhody;google;;;;1;V-NAVRAT | fotovoltaika návratnost
vyplatí se fotovoltaika na rodinný dům;google;;;;1;V-NAVRAT | fotovoltaika návratnost
vyplatí se solární elektrárna;google;;;;1;V-NAVRAT | fotovoltaika návratnost
vyplatí se solární panely;google;;;;1;V-NAVRAT | fotovoltaika návratnost
kdy se vyplatí fotovoltaika;seznam;10;5;1.8;;V-NAVRAT | fotovoltaika návratnost
fotovoltaika navratnost forum;google;;;;2;V-NAVRAT | fotovoltaika návratnost
fotovoltaika návratnost fórum;google;;;;2;V-NAVRAT | fotovoltaika návratnost
fotovoltaika výhody;google;;;;2;V-NAVRAT | fotovoltaika návratnost
fotovoltaika výhody nevýhody;google;;;;2;V-NAVRAT | fotovoltaika návratnost
kdy se vyplatí solární panely;google;;;;2;V-NAVRAT | fotovoltaika návratnost
návratnost fotovoltaiky kalkulačka;google;;;;2;V-NAVRAT | fotovoltaika návratnost
proč se fotovoltaika nevyplatí;google;;;;2;V-NAVRAT | fotovoltaika návratnost
vyplatí se fotovoltaika diskuze;google;;;;2;V-NAVRAT | fotovoltaika návratnost
vyplatí se solární panely diskuze;google;;;;2;V-NAVRAT | fotovoltaika návratnost
návratnost fotovoltaiky diskuze;google;;;;3;V-NAVRAT | fotovoltaika návratnost
úprava elektroinstalace pro solární panely na;seznam;7;2;1.75;;V-NAVRAT | fotovoltaika návratnost
fotovoltaika výpočet návratnosti;google;;;;4;V-NAVRAT | fotovoltaika návratnost
kolik ušetří solární panely;google;;;;5;V-NAVRAT | fotovoltaika návratnost
návratnost fotovoltaiky 2024;google;;;;5;V-NAVRAT | fotovoltaika návratnost
návratnost fotovoltaiky 2025;google;;;;4;V-NAVRAT | fotovoltaika návratnost
vyplatí se fotovoltaika kalkulačka;google;;;;4;V-NAVRAT | fotovoltaika návratnost
vyplatí se fotovoltaika 2026 čez;seznam;4;3;1.0;;V-NAVRAT | fotovoltaika návratnost
ako vypocitat navratnost fotovoltaiky;google;;;;8;V-NAVRAT | fotovoltaika návratnost
fotovoltaika uspora;google;;;;7;V-NAVRAT | fotovoltaika návratnost
reálná návratnost fotovoltaiky;google;;;;6;V-NAVRAT | fotovoltaika návratnost
vyplatí se fotovoltaika 2025;google;;;;6;V-NAVRAT | fotovoltaika návratnost
vypocet navratnost fotovoltaiky;google;;;;7;V-NAVRAT | fotovoltaika návratnost
fotovoltaika na ohřev vody;seznam+google;127;83;3.651;1;V-OHREV | fotovoltaika ohřev vody
solární panely na ohřev vody;seznam+google;108;74;4.357;1;V-OHREV | fotovoltaika ohřev vody
solární panely pro ohřev vody;seznam+google;20;18;4.478;2;V-OHREV | fotovoltaika ohřev vody
fotovoltaika pro ohřev vody;seznam+google;12;8;3.153;4;V-OHREV | fotovoltaika ohřev vody
fotovoltaika ohřev vody;seznam+google;6;4;4.001;2;V-OHREV | fotovoltaika ohřev vody
fotovoltaika na ohřev vody 5000w;seznam;12;7;3.796;;V-OHREV | fotovoltaika ohřev vody
fotovoltaika na ohřev vody s baterií;google;;;;1;V-OHREV | fotovoltaika ohřev vody
fotovoltaika na ohřev vody v bojleru;google;;;;1;V-OHREV | fotovoltaika ohřev vody
fotovoltaika ohřev vody zkušenosti;google;;;;1;V-OHREV | fotovoltaika ohřev vody
fotovoltaické panely na ohřev vody;seznam;10;7;0.309;;V-OHREV | fotovoltaika ohřev vody
fotovoltaika na ohřev vody s bojlerem;google;;;;2;V-OHREV | fotovoltaika ohřev vody
fotovoltaika ohřev vody cena;google;;;;2;V-OHREV | fotovoltaika ohřev vody
fotovoltaika k bojleru;google;;;;3;V-OHREV | fotovoltaika ohřev vody
fotovoltaika ohřev vody set;google;;;;3;V-OHREV | fotovoltaika ohřev vody
fotovoltaika set pro ohřev vody;seznam;7;4;3.355;;V-OHREV | fotovoltaika ohřev vody
kolik stojí fotovoltaika na ohřev vody;google;;;;3;V-OHREV | fotovoltaika ohřev vody
kolik stojí solární panely na ohřev vody;google;;;;3;V-OHREV | fotovoltaika ohřev vody
ohřev vody fotovoltaika vs fototermika;seznam;7;3;3.827;;V-OHREV | fotovoltaika ohřev vody
solární panely na ohřev bojleru;seznam;6;6;2.2;;V-OHREV | fotovoltaika ohřev vody
fotovoltaika na bojler cena;google;;;;4;V-OHREV | fotovoltaika ohřev vody
jak funguje fotovoltaika na ohřev vody;google;;;;4;V-OHREV | fotovoltaika ohřev vody
solarni panely ohrev vody;google;;;;5;V-OHREV | fotovoltaika ohřev vody
solární elektrárna pro ohřev vody;seznam;4;3;3.301;;V-OHREV | fotovoltaika ohřev vody
fotovoltaické panely na ohřev vody cena;google;;;;9;V-OHREV | fotovoltaika ohřev vody
fotovoltaika bojler;google;;;;10;V-OHREV | fotovoltaika ohřev vody
fotovoltaika na ohřev vody 3kw;google;;;;10;V-OHREV | fotovoltaika ohřev vody
fotovoltaika na ohřev vody cena;google;;;;6;V-OHREV | fotovoltaika ohřev vody
fotovoltaika na ohřev vody fórum;google;;;;9;V-OHREV | fotovoltaika ohřev vody
fotovoltaika na ohřev vody pro seniory;google;;;;7;V-OHREV | fotovoltaika ohřev vody
fotovoltaika pro bojler;google;;;;9;V-OHREV | fotovoltaika ohřev vody
kolik panelů na ohřev vody;google;;;;6;V-OHREV | fotovoltaika ohřev vody
solární panely k bojleru;google;;;;7;V-OHREV | fotovoltaika ohřev vody
vyplatí se fotovoltaika na ohřev vody;google;;;;7;V-OHREV | fotovoltaika ohřev vody
fotovoltaika povolení;seznam+google;8;8;1.8;1;V-POVOLENI | fotovoltaika povolení
fotovoltaika revize;seznam+google;6;5;2.777;1;V-POVOLENI | fotovoltaika povolení
distribuční sazba fotovoltaika;google;;;;1;V-POVOLENI | fotovoltaika povolení
elektroměr fotovoltaika;google;;;;1;V-POVOLENI | fotovoltaika povolení
fotovoltaika daň z elektřiny;google;;;;1;V-POVOLENI | fotovoltaika povolení
fotovoltaika dph;google;;;;1;V-POVOLENI | fotovoltaika povolení
fotovoltaika souhlas sousedů;google;;;;1;V-POVOLENI | fotovoltaika povolení
jistič fotovoltaika;google;;;;1;V-POVOLENI | fotovoltaika povolení
licence eru fotovoltaika;google;;;;1;V-POVOLENI | fotovoltaika povolení
licence fotovoltaika;google;;;;1;V-POVOLENI | fotovoltaika povolení
potřebuji povolení na solární panely;google;;;;1;V-POVOLENI | fotovoltaika povolení
solární panely povolení;google;;;;1;V-POVOLENI | fotovoltaika povolení
stavební povolení fotovoltaika;google;;;;1;V-POVOLENI | fotovoltaika povolení
dph fotovoltaika 2025;google;;;;2;V-POVOLENI | fotovoltaika povolení
fotovoltaika bez licence;google;;;;2;V-POVOLENI | fotovoltaika povolení
fotovoltaika bez povolení;google;;;;2;V-POVOLENI | fotovoltaika povolení
revize fotovoltaika cena;google;;;;2;V-POVOLENI | fotovoltaika povolení
solární panely stavební povolení;google;;;;2;V-POVOLENI | fotovoltaika povolení
elektro revize fotovoltaika;google;;;;3;V-POVOLENI | fotovoltaika povolení
fotovoltaika lázně bohdaneč;google;;;;3;V-POVOLENI | fotovoltaika povolení
fotovoltaika spotrebná daň;google;;;;3;V-POVOLENI | fotovoltaika povolení
fotovoltaika stavební povolení;google;;;;3;V-POVOLENI | fotovoltaika povolení
daň z elektřiny fotovoltaika;seznam;6;6;1.4;;V-POVOLENI | fotovoltaika povolení
fotovoltaika bez stavebního povolení;google;;;;5;V-POVOLENI | fotovoltaika povolení
fotovoltaika daň;google;;;;5;V-POVOLENI | fotovoltaika povolení
jak uzemnit solární panely;google;;;;4;V-POVOLENI | fotovoltaika povolení
jistič pro solární panely;seznam;5;4;2.0;;V-POVOLENI | fotovoltaika povolení
fotovoltaika a zdanění;seznam;3;2;1.8;;V-POVOLENI | fotovoltaika povolení
fotovoltaika egd;google;;;;7;V-POVOLENI | fotovoltaika povolení
fotovoltaika účetnictví;google;;;;6;V-POVOLENI | fotovoltaika povolení
fotovoltaika účetní odpisy;google;;;;7;V-POVOLENI | fotovoltaika povolení
solární panely bez připojení do sítě;google;;;;9;V-POVOLENI | fotovoltaika povolení
solární panely revize;google;;;;8;V-POVOLENI | fotovoltaika povolení
výkup přetoků z fve;seznam+google;17;12;3.704;1;V-PRETOKY | výkup přetoků
přetoky do sítě čez;seznam+google;12;8;2.4;3;V-PRETOKY | výkup přetoků
výkup přetoků z fve 2026 ceník centropol;seznam;17;8;2.4;;V-PRETOKY | výkup přetoků
výkup přetoků z fve čez;seznam+google;7;6;3.323;2;V-PRETOKY | výkup přetoků
fotovoltaika bez přetoků;seznam;14;7;3.555;;V-PRETOKY | výkup přetoků
výkup přetoků z fotovoltaiky;seznam+google;4;2;4.001;2;V-PRETOKY | výkup přetoků
fotovoltaika přetoky;google;;;;1;V-PRETOKY | výkup přetoků
přetok do sítě;seznam;12;6;0.233;;V-PRETOKY | výkup přetoků
přetoky do sítě;seznam+google;0;0;0.209;1;V-PRETOKY | výkup přetoků
solax zákaz přetoků do sítě;google;;;;1;V-PRETOKY | výkup přetoků
výkup přetoků do sítě;google;;;;1;V-PRETOKY | výkup přetoků
výkup přetoků elektřiny;google;;;;1;V-PRETOKY | výkup přetoků
výkup přetoků fve;google;;;;1;V-PRETOKY | výkup přetoků
výkup přetoků innogy;google;;;;1;V-PRETOKY | výkup přetoků
výkup přetoků mnd;google;;;;1;V-PRETOKY | výkup přetoků
výkup přetoků z fve 2025;google;;;;1;V-PRETOKY | výkup přetoků
výkup přetoků za fixní cenu;google;;;;1;V-PRETOKY | výkup přetoků
výkup přetoků čez;google;;;;1;V-PRETOKY | výkup přetoků
čez a fotovoltaika přetoky;seznam;10;6;2.161;;V-PRETOKY | výkup přetoků
centropol výkup přetoků;google;;;;2;V-PRETOKY | výkup přetoků
fotovoltaika přetoky do sítě;google;;;;2;V-PRETOKY | výkup přetoků
přetoky do sítě egd;google;;;;2;V-PRETOKY | výkup přetoků
výkup přetoků eon;google;;;;2;V-PRETOKY | výkup přetoků
eon výkup přetoků z fve;seznam;8;5;2.4;;V-PRETOKY | výkup přetoků
innogy výkup přetoků;seznam;8;7;3.51;;V-PRETOKY | výkup přetoků
cena za výkup přetoků v roce 2026;seznam;7;2;3.62;;V-PRETOKY | výkup přetoků
vyplatí se fotovoltaika bez přetoků;google;;;;3;V-PRETOKY | výkup přetoků
výkup přetoků nejlepší cena;seznam;7;6;2.4;;V-PRETOKY | výkup přetoků
výkup přetoků z fve 2026;seznam;7;4;3.653;;V-PRETOKY | výkup přetoků
výkup přetoků energie;seznam;6;3;0;;V-PRETOKY | výkup přetoků
mnd výkup přetoků;seznam;5;4;2.4;;V-PRETOKY | výkup přetoků
přetoky do sítě eon;google;;;;5;V-PRETOKY | výkup přetoků
přetoky do sítě pokuta;google;;;;4;V-PRETOKY | výkup přetoků
výkup přetoků;seznam+google;0;0;3.031;4;V-PRETOKY | výkup přetoků
čez výkup přetoků;seznam;4;3;3.643;;V-PRETOKY | výkup přetoků
povolené přetoky do sítě;google;;;;8;V-PRETOKY | výkup přetoků
povolené přetoky do sítě 2025;google;;;;9;V-PRETOKY | výkup přetoků
přetoky do sítě 2025;google;;;;6;V-PRETOKY | výkup přetoků
přetoky do sítě mapa;google;;;;7;V-PRETOKY | výkup přetoků
přetoky do sítě pokuty;seznam;3;2;0;;V-PRETOKY | výkup přetoků
technické přetoky do sítě;google;;;;10;V-PRETOKY | výkup přetoků
solární panely recenze;seznam+google;7;3;3.845;1;V-RECENZE | fotovoltaika zkušenosti
fotovoltaika zkušenosti;seznam+google;6;6;1.8;1;V-RECENZE | fotovoltaika zkušenosti
fotovoltaika forum;seznam+google;5;5;2.8;1;V-RECENZE | fotovoltaika zkušenosti
fotovoltaika od eonu recenze;seznam+google;13;7;3.408;8;V-RECENZE | fotovoltaika zkušenosti
fotovoltaika od čez recenze;seznam+google;9;6;1.6;5;V-RECENZE | fotovoltaika zkušenosti
fotovoltaika cena forum;google;;;;1;V-RECENZE | fotovoltaika zkušenosti
fotovoltaika diskuze zkušenosti;google;;;;1;V-RECENZE | fotovoltaika zkušenosti
fotovoltaika dodavatel;google;;;;1;V-RECENZE | fotovoltaika zkušenosti
fotovoltaika jak vybrat;google;;;;1;V-RECENZE | fotovoltaika zkušenosti
fotovoltaika na rodinný dům diskuze;google;;;;1;V-RECENZE | fotovoltaika zkušenosti
fotovoltaika poradna;google;;;;1;V-RECENZE | fotovoltaika zkušenosti
fotovoltaika pro a proti;google;;;;1;V-RECENZE | fotovoltaika zkušenosti
fotovoltaika recenze;google;;;;1;V-RECENZE | fotovoltaika zkušenosti
fotovoltaika srovnání;google;;;;1;V-RECENZE | fotovoltaika zkušenosti
fotovoltaika záruka;google;;;;1;V-RECENZE | fotovoltaika zkušenosti
jak vybrat solární panely;google;;;;1;V-RECENZE | fotovoltaika zkušenosti
solární elektrárna recenze;google;;;;1;V-RECENZE | fotovoltaika zkušenosti
solární panely diskuze;google;;;;1;V-RECENZE | fotovoltaika zkušenosti
fotovoltaika eon recenze a cena;seznam;11;7;3.174;;V-RECENZE | fotovoltaika zkušenosti
fotovoltaika diskuze;google;;;;2;V-RECENZE | fotovoltaika zkušenosti
fotovoltaika eon recenze;google;;;;2;V-RECENZE | fotovoltaika zkušenosti
fotovoltaika recenze firem;google;;;;2;V-RECENZE | fotovoltaika zkušenosti
fotovoltaika solax recenze;google;;;;2;V-RECENZE | fotovoltaika zkušenosti
fotovoltaika srovnání cen;seznam+google;0;0;3085;2;V-RECENZE | fotovoltaika zkušenosti
fotovoltaika v zimě zkušenosti;google;;;;2;V-RECENZE | fotovoltaika zkušenosti
fotovoltaika zkušenosti fórum;google;;;;2;V-RECENZE | fotovoltaika zkušenosti
solární panely aiko recenze;google;;;;2;V-RECENZE | fotovoltaika zkušenosti
bce fotovoltaika recenze;seznam;7;5;2.519;;V-RECENZE | fotovoltaika zkušenosti
huawei fotovoltaika zkušenosti;google;;;;3;V-RECENZE | fotovoltaika zkušenosti
recenze fotovoltaika čez;google;;;;3;V-RECENZE | fotovoltaika zkušenosti
fotovoltaika diskuzní fórum;seznam;5;3;2.6;;V-RECENZE | fotovoltaika zkušenosti
fotovoltaika gottwald recenze;google;;;;4;V-RECENZE | fotovoltaika zkušenosti
fotovoltaika innogy zkušenosti;google;;;;5;V-RECENZE | fotovoltaika zkušenosti
fotovoltaika čez zkušenosti;google;;;;4;V-RECENZE | fotovoltaika zkušenosti
oplati sa fotovoltaika forum;google;;;;4;V-RECENZE | fotovoltaika zkušenosti
recenze fotovoltaika eon;google;;;;4;V-RECENZE | fotovoltaika zkušenosti
solární panely od čez recenze;google;;;;5;V-RECENZE | fotovoltaika zkušenosti
81 fotovoltaika recenze;google;;;;7;V-RECENZE | fotovoltaika zkušenosti
bidli fotovoltaika recenze;google;;;;7;V-RECENZE | fotovoltaika zkušenosti
fotovoltaika reálné zkušenosti;google;;;;9;V-RECENZE | fotovoltaika zkušenosti
fotovoltaika sefy recenze;google;;;;9;V-RECENZE | fotovoltaika zkušenosti
innogy fotovoltaika recenze;google;;;;6;V-RECENZE | fotovoltaika zkušenosti
schlieger fotovoltaika recenze;google;;;;8;V-RECENZE | fotovoltaika zkušenosti
simply fotovoltaika recenze;google;;;;10;V-RECENZE | fotovoltaika zkušenosti
victron fotovoltaika zkušenosti;google;;;;6;V-RECENZE | fotovoltaika zkušenosti
fotovoltaika schlieger servis;seznam;19;13;3.764;;V-SERVIS | fotovoltaika údržba
fotovoltaika pojištění;google;;;;1;V-SERVIS | fotovoltaika údržba
fotovoltaika požár;seznam+google;3;3;2.96;2;V-SERVIS | fotovoltaika údržba
fotovoltaika životnost;google;;;;1;V-SERVIS | fotovoltaika údržba
požární řád fotovoltaika;google;;;;1;V-SERVIS | fotovoltaika údržba
solární panely životnost;google;;;;1;V-SERVIS | fotovoltaika údržba
fotovoltaika servis;seznam;9;9;3.176;;V-SERVIS | fotovoltaika údržba
fotovoltaika požární bezpečnost;google;;;;3;V-SERVIS | fotovoltaika údržba
jak čistit solární panely;google;;;;3;V-SERVIS | fotovoltaika údržba
solarni panely zivotnost;google;;;;4;V-SERVIS | fotovoltaika údržba
solární panely čištění;google;;;;5;V-SERVIS | fotovoltaika údržba
čím čistit solární panely;seznam;4;1;4.046;;V-SERVIS | fotovoltaika údržba
fotovoltaika životnosť;google;;;;7;V-SERVIS | fotovoltaika údržba
jak očistit solární panely od sněhu;google;;;;10;V-SERVIS | fotovoltaika údržba
jak čistit solární panely od sněhu;google;;;;7;V-SERVIS | fotovoltaika údržba
solární panely na střechu;seznam+google;18;13;4.637;1;V-SOLKRYT | solární střešní krytina
fotovoltaická střešní krytina;seznam+google;16;12;3.812;1;V-SOLKRYT | solární střešní krytina
solární střecha;seznam+google;12;4;0.256;1;V-SOLKRYT | solární střešní krytina
solární taška;seznam+google;6;5;0.287;1;V-SOLKRYT | solární střešní krytina
solární tašky na střechu;seznam;18;15;0.258;;V-SOLKRYT | solární střešní krytina
fotovoltaické panely na střechu;google;;;;1;V-SOLKRYT | solární střešní krytina
kolik stojí solární panely na střechu;google;;;;1;V-SOLKRYT | solární střešní krytina
solární elektrárna na střechu;google;;;;1;V-SOLKRYT | solární střešní krytina
solární panely integrované do střechy;google;;;;1;V-SOLKRYT | solární střešní krytina
solární panely jako střešní krytina;google;;;;1;V-SOLKRYT | solární střešní krytina
solární panely místo střešní krytiny;google;;;;1;V-SOLKRYT | solární střešní krytina
solární panely na plechovou střechu;google;;;;1;V-SOLKRYT | solární střešní krytina
integrovaná fotovoltaika;seznam;11;2;3.118;;V-SOLKRYT | solární střešní krytina
fotovoltaická střešní krytina cena;google;;;;2;V-SOLKRYT | solární střešní krytina
fotovoltaické panely na plechovou střechu;google;;;;2;V-SOLKRYT | solární střešní krytina
jak uchytit solární panely na plechovou střechu;google;;;;2;V-SOLKRYT | solární střešní krytina
solární panely na střechu cena;google;;;;2;V-SOLKRYT | solární střešní krytina
solární střecha cena;google;;;;2;V-SOLKRYT | solární střešní krytina
solární taška na střechu;google;;;;2;V-SOLKRYT | solární střešní krytina
tondach solarni taska;google;;;;2;V-SOLKRYT | solární střešní krytina
solární panely na střechu 450w;seznam;8;4;3.2;;V-SOLKRYT | solární střešní krytina
bramac solar panel;google;;;;3;V-SOLKRYT | solární střešní krytina
solární panely na střechu auta;google;;;;3;V-SOLKRYT | solární střešní krytina
solární panely na střechu s baterií;google;;;;3;V-SOLKRYT | solární střešní krytina
solární taška cena;google;;;;3;V-SOLKRYT | solární střešní krytina
tondach solarni crijep;google;;;;3;V-SOLKRYT | solární střešní krytina
bramac solarni kolektor;google;;;;4;V-SOLKRYT | solární střešní krytina
integrované solární panely;google;;;;5;V-SOLKRYT | solární střešní krytina
jak připevnit solární panely na střechu;google;;;;5;V-SOLKRYT | solární střešní krytina
solarni strecha na aute;google;;;;4;V-SOLKRYT | solární střešní krytina
solární panely na střechu rozměry;google;;;;4;V-SOLKRYT | solární střešní krytina
solární taška prefa;google;;;;4;V-SOLKRYT | solární střešní krytina
solární taška tondach;google;;;;4;V-SOLKRYT | solární střešní krytina
střešní krytina s integrovanou fotovoltaikou;seznam;5;4;3.301;;V-SOLKRYT | solární střešní krytina
tesla solární střecha;google;;;;5;V-SOLKRYT | solární střešní krytina
fotovoltaika integrovaná do střešní krytiny;google;;;;9;V-SOLKRYT | solární střešní krytina
lindab solární střecha;google;;;;6;V-SOLKRYT | solární střešní krytina
solarni panely jako strecha;google;;;;8;V-SOLKRYT | solární střešní krytina
solarni strecha cena;google;;;;9;V-SOLKRYT | solární střešní krytina
solární panel na střechu auta;seznam;3;3;0.255;;V-SOLKRYT | solární střešní krytina
solární panely jako krytina;google;;;;6;V-SOLKRYT | solární střešní krytina
solární panely místo střechy;google;;;;6;V-SOLKRYT | solární střešní krytina
solární panely na rovnou střechu;google;;;;10;V-SOLKRYT | solární střešní krytina
solární panely na střechu rodinného domu;google;;;;6;V-SOLKRYT | solární střešní krytina
solární panely plechová střecha;google;;;;8;V-SOLKRYT | solární střešní krytina
solární panely rovná střecha;google;;;;7;V-SOLKRYT | solární střešní krytina
solární taška bramac;google;;;;6;V-SOLKRYT | solární střešní krytina
fotovoltaika solax;seznam+google;11;9;2.899;1;V-STRIDAC | hybridní střídač
hybridní střídač;seznam+google;10;9;3.489;1;V-STRIDAC | hybridní střídač
solární panely aiko;seznam+google;9;8;3.994;1;V-STRIDAC | hybridní střídač
fotovoltaický panel canadian solar cs6l 455wp bf;seznam;13;3;3.667;;V-STRIDAC | hybridní střídač
fotovoltaika fronius;google;;;;1;V-STRIDAC | hybridní střídač
fotovoltaika huawei;google;;;;1;V-STRIDAC | hybridní střídač
fotovoltaika victron;google;;;;1;V-STRIDAC | hybridní střídač
fotovoltaika victron cena;google;;;;1;V-STRIDAC | hybridní střídač
huawei fotovoltaika cena;google;;;;1;V-STRIDAC | hybridní střídač
nejlepší střídač fotovoltaika;google;;;;1;V-STRIDAC | hybridní střídač
solární panel canadian solar;seznam;12;6;0;;V-STRIDAC | hybridní střídač
solární panely longi;google;;;;1;V-STRIDAC | hybridní střídač
solární panely trina 455;google;;;;1;V-STRIDAC | hybridní střídač
střídač fotovoltaika;google;;;;1;V-STRIDAC | hybridní střídač
bifaciální solární panely longi solar 610wp;seznam;10;3;4.362;;V-STRIDAC | hybridní střídač
hybridní střídač 10kw;google;;;;2;V-STRIDAC | hybridní střídač
solární panely jinko;google;;;;2;V-STRIDAC | hybridní střídač
solární panely trina;google;;;;2;V-STRIDAC | hybridní střídač
střídač fotovoltaika cena;google;;;;2;V-STRIDAC | hybridní střídač
fotovoltaika goodwe;google;;;;3;V-STRIDAC | hybridní střídač
hybridní střídač 48v;google;;;;3;V-STRIDAC | hybridní střídač
hybridní střídač solinteg mht 10 kw;seznam;7;5;0.245;;V-STRIDAC | hybridní střídač
solární panely 450wp aiko abc;seznam;6;4;3.758;;V-STRIDAC | hybridní střídač
fotovoltaika growatt;google;;;;5;V-STRIDAC | hybridní střídač
hybridní asymetrický střídač growatt;seznam;5;1;2.955;;V-STRIDAC | hybridní střídač
hybridní střídač 1 fázový;seznam;5;4;0;;V-STRIDAC | hybridní střídač
hybridní střídač deye;google;;;;5;V-STRIDAC | hybridní střídač
hybridní střídač victron;google;;;;4;V-STRIDAC | hybridní střídač
menic fotovoltaika huawei;google;;;;5;V-STRIDAC | hybridní střídač
solární panely canadian solar;google;;;;4;V-STRIDAC | hybridní střídač
solární panely trina 460 all black;seznam;5;1;4.035;;V-STRIDAC | hybridní střídač
solární panely victron;google;;;;4;V-STRIDAC | hybridní střídač
huawei fotovoltaika;seznam;4;4;3.138;;V-STRIDAC | hybridní střídač
hybridní asymetrický střídač;seznam;4;4;1.6;;V-STRIDAC | hybridní střídač
hybridní střídač solax x3-10.0-d g4;seznam;4;2;0.311;;V-STRIDAC | hybridní střídač
fotovoltaika deye;google;;;;6;V-STRIDAC | hybridní střídač
fotovoltaika elektřina ze slunce;google;;;;10;V-STRIDAC | hybridní střídač
fotovoltaika victron energy;google;;;;8;V-STRIDAC | hybridní střídač
huawei fotovoltaika aplikacia;google;;;;6;V-STRIDAC | hybridní střídač
hybridní střídač 15kw;google;;;;8;V-STRIDAC | hybridní střídač
hybridní střídač 20kw;google;;;;9;V-STRIDAC | hybridní střídač
hybridní střídač 3kw;seznam;3;2;0;;V-STRIDAC | hybridní střídač
hybridní střídač 50kw;google;;;;10;V-STRIDAC | hybridní střídač
hybridní střídač goodwe;google;;;;7;V-STRIDAC | hybridní střídač
hybridní střídač solax;google;;;;6;V-STRIDAC | hybridní střídač
namontovány střídač solární panely foto;seznam;3;1;2.426;;V-STRIDAC | hybridní střídač
solarni panely huawei;google;;;;8;V-STRIDAC | hybridní střídač
solární panely elektrina;google;;;;6;V-STRIDAC | hybridní střídač
solární panely longi 575 wp lr5 72hth 575m;google;;;;6;V-STRIDAC | hybridní střídač
solární panely longi lr7 72hgd 590m bifacial;google;;;;8;V-STRIDAC | hybridní střídač
solární panely trina 455 promo;google;;;;10;V-STRIDAC | hybridní střídač
solární panely victron energy;google;;;;6;V-STRIDAC | hybridní střídač
střídač hybridní 10kw geti gf-i10h3;seznam;3;2;3.363;;V-STRIDAC | hybridní střídač
fotovoltaika a tepelné čerpadlo;seznam+google;4;2;3.98;1;V-TC | tepelné čerpadlo a fotovoltaika
co je lepší fotovoltaika nebo tepelné čerpadlo;google;;;;1;V-TC | tepelné čerpadlo a fotovoltaika
fotovoltaika s tepelným čerpadlem a baterií;google;;;;1;V-TC | tepelné čerpadlo a fotovoltaika
tepelné čerpadlo a fotovoltaika;google;;;;1;V-TC | tepelné čerpadlo a fotovoltaika
fotovoltaika a tepelné čerpadlo cena;google;;;;2;V-TC | tepelné čerpadlo a fotovoltaika
fotovoltaika a tepelné čerpadlo zkušenosti;google;;;;2;V-TC | tepelné čerpadlo a fotovoltaika
fotovoltaika nebo tepelné čerpadlo;google;;;;2;V-TC | tepelné čerpadlo a fotovoltaika
klimatizace na solární panely;seznam;9;6;2.0;;V-TC | tepelné čerpadlo a fotovoltaika
solární panely klimatizace;google;;;;2;V-TC | tepelné čerpadlo a fotovoltaika
tepelné čerpadlo a fotovoltaika cena;google;;;;2;V-TC | tepelné čerpadlo a fotovoltaika
tepelné čerpadlo a fotovoltaika zkušenosti;google;;;;3;V-TC | tepelné čerpadlo a fotovoltaika
fotovoltaika a klimatizace;google;;;;4;V-TC | tepelné čerpadlo a fotovoltaika
fotovoltaika vs tepelné čerpadlo;google;;;;5;V-TC | tepelné čerpadlo a fotovoltaika
jak funguje fotovoltaika s tepelným čerpadlem;google;;;;5;V-TC | tepelné čerpadlo a fotovoltaika
solární panely na vytápění;seznam;5;5;3.388;;V-TC | tepelné čerpadlo a fotovoltaika
fotovoltaika na podlahové vytápění;seznam;3;1;2.958;;V-TC | tepelné čerpadlo a fotovoltaika
fotovoltaika pro tepelné čerpadlo;google;;;;6;V-TC | tepelné čerpadlo a fotovoltaika
fotovoltaika tepelné čerpadlo;google;;;;6;V-TC | tepelné čerpadlo a fotovoltaika
kombinácia fotovoltaika a tepelné čerpadlo;google;;;;7;V-TC | tepelné čerpadlo a fotovoltaika
solární panely pro vytápění;seznam;3;2;4.748;;V-TC | tepelné čerpadlo a fotovoltaika
solární panely tepelné čerpadlo;google;;;;10;V-TC | tepelné čerpadlo a fotovoltaika
tepelné čerpadlo alebo fotovoltaika;google;;;;8;V-TC | tepelné čerpadlo a fotovoltaika
tepelné čerpadlo nebo fotovoltaika;google;;;;6;V-TC | tepelné čerpadlo a fotovoltaika
tepelné čerpadlo plus fotovoltaika;google;;;;7;V-TC | tepelné čerpadlo a fotovoltaika
vyplatí se fotovoltaika s tepelným čerpadlem;google;;;;10;V-TC | tepelné čerpadlo a fotovoltaika
fotovoltaika na plechovou střechu;google;;;;1;V-TYPSTR | fotovoltaika na plechovou střechu
fotovoltaika na střechu;google;;;;1;V-TYPSTR | fotovoltaika na plechovou střechu
fotovoltaika na šindelové střeše;google;;;;1;V-TYPSTR | fotovoltaika na plechovou střechu
fotovoltaika sklon panelů;google;;;;1;V-TYPSTR | fotovoltaika na plechovou střechu
fotovoltaika východ západ;google;;;;1;V-TYPSTR | fotovoltaika na plechovou střechu
střešní krytina fotovoltaika;google;;;;1;V-TYPSTR | fotovoltaika na plechovou střechu
fotovoltaika na střechu cena;google;;;;2;V-TYPSTR | fotovoltaika na plechovou střechu
fotovoltaika na valbovou střechu;seznam;8;1;3.806;;V-TYPSTR | fotovoltaika na plechovou střechu
fotovoltaika cena modrastrecha;google;;;;3;V-TYPSTR | fotovoltaika na plechovou střechu
fotovoltaika na plechové střeše;google;;;;3;V-TYPSTR | fotovoltaika na plechovou střechu
fotovoltaika na střechu auta;google;;;;3;V-TYPSTR | fotovoltaika na plechovou střechu
střecha solarni panely;google;;;;3;V-TYPSTR | fotovoltaika na plechovou střechu
střešní krytina s fotovoltaikou;google;;;;4;V-TYPSTR | fotovoltaika na plechovou střechu
vyplati se fotovoltaika na strechu;google;;;;4;V-TYPSTR | fotovoltaika na plechovou střechu
dek skladba střechy pod fotovoltaika;seznam;3;1;1.15;;V-TYPSTR | fotovoltaika na plechovou střechu
fotovoltaika jako střešní krytina;google;;;;9;V-TYPSTR | fotovoltaika na plechovou střechu
fotovoltaika jihomoravský kraj;google;;;;7;V-TYPSTR | fotovoltaika na plechovou střechu
fotovoltaika na rovnou střechu;google;;;;7;V-TYPSTR | fotovoltaika na plechovou střechu
fotovoltaika plechova strecha;google;;;;10;V-TYPSTR | fotovoltaika na plechovou střechu
fotovoltaika rovna strecha;google;;;;10;V-TYPSTR | fotovoltaika na plechovou střechu
fve plechová střecha hromosvod;google;;;;8;V-TYPSTR | fotovoltaika na plechovou střechu
kolik stojí fotovoltaika na střechu;google;;;;7;V-TYPSTR | fotovoltaika na plechovou střechu
střešní krytina ze solárních panelů;google;;;;10;V-TYPSTR | fotovoltaika na plechovou střechu
uchycení na šikmé taškové střeše fotovoltaika;seznam;3;1;1.45;;V-TYPSTR | fotovoltaika na plechovou střechu
fotovoltaika čez;seznam+google;59;47;3.494;1;V-ZAKLADY | fotovoltaika pro rodinný dům – jak funguje a co obnáší
solární elektrárna;seznam+google;50;42;3.981;1;V-ZAKLADY | fotovoltaika pro rodinný dům – jak funguje a co obnáší
fotovoltaické solární panely;seznam;45;30;2.4;;V-ZAKLADY | fotovoltaika pro rodinný dům – jak funguje a co obnáší
fotovoltaika od čez;seznam+google;23;20;3.515;1;V-ZAKLADY | fotovoltaika pro rodinný dům – jak funguje a co obnáší
fotovoltaika panely;seznam+google;23;17;3.318;1;V-ZAKLADY | fotovoltaika pro rodinný dům – jak funguje a co obnáší
fotovoltaika od čezu;seznam;28;19;3.281;;V-ZAKLADY | fotovoltaika pro rodinný dům – jak funguje a co obnáší
fotovoltaika pro nabíjení auta;seznam+google;20;13;1.4;3;V-ZAKLADY | fotovoltaika pro rodinný dům – jak funguje a co obnáší
fotovoltaika bazoš prodej;seznam;22;12;3.067;;V-ZAKLADY | fotovoltaika pro rodinný dům – jak funguje a co obnáší
solární panel 30w;seznam;20;9;0.368;;V-ZAKLADY | fotovoltaika pro rodinný dům – jak funguje a co obnáší
solární panely do zásuvky;seznam+google;8;7;3.358;1;V-ZAKLADY | fotovoltaika pro rodinný dům – jak funguje a co obnáší
fotovoltaika do bytu;seznam+google;14;8;3.272;5;V-ZAKLADY | fotovoltaika pro rodinný dům – jak funguje a co obnáší
fotovoltaika montáž;seznam+google;7;6;1.8;1;V-ZAKLADY | fotovoltaika pro rodinný dům – jak funguje a co obnáší
fotovoltaika innogy;seznam+google;6;5;3.206;1;V-ZAKLADY | fotovoltaika pro rodinný dům – jak funguje a co obnáší
fotovoltaika na nabíjení auta;seznam;18;12;3.975;;V-ZAKLADY | fotovoltaika pro rodinný dům – jak funguje a co obnáší
fotovoltaika panel;seznam;18;7;3.528;;V-ZAKLADY | fotovoltaika pro rodinný dům – jak funguje a co obnáší
fotovoltaika na rd;seznam;17;12;3.504;;V-ZAKLADY | fotovoltaika pro rodinný dům – jak funguje a co obnáší
solární panely montáž;seznam+google;5;4;2.4;1;V-ZAKLADY | fotovoltaika pro rodinný dům – jak funguje a co obnáší
fotovoltaika 10 kwp;seznam+google;4;3;3.823;1;V-ZAKLADY | fotovoltaika pro rodinný dům – jak funguje a co obnáší
fotovoltaika do zásuvky;seznam+google;9;6;3.254;3;V-ZAKLADY | fotovoltaika pro rodinný dům – jak funguje a co obnáší
fotovoltaika jižní čechy;seznam+google;11;6;1.8;5;V-ZAKLADY | fotovoltaika pro rodinný dům – jak funguje a co obnáší
fotovoltaika uherské hradiště;seznam+google;4;3;2.91;1;V-ZAKLADY | fotovoltaika pro rodinný dům – jak funguje a co obnáší
jak fungují solární panely;seznam+google;4;3;3.15;1;V-ZAKLADY | fotovoltaika pro rodinný dům – jak funguje a co obnáší
solární panely 800wp;seznam+google;7;4;2.4;2;V-ZAKLADY | fotovoltaika pro rodinný dům – jak funguje a co obnáší
fotovoltaika 3kw;seznam+google;3;2;2.886;1;V-ZAKLADY | fotovoltaika pro rodinný dům – jak funguje a co obnáší
fotovoltaika od innogy;seznam+google;8;5;2.736;3;V-ZAKLADY | fotovoltaika pro rodinný dům – jak funguje a co obnáší
fotovoltaika zkratka;seznam+google;3;2;3.228;1;V-ZAKLADY | fotovoltaika pro rodinný dům – jak funguje a co obnáší
e-on fotovoltaika;seznam;14;10;3.455;;V-ZAKLADY | fotovoltaika pro rodinný dům – jak funguje a co obnáší
flexibilní solární panely;seznam;14;9;4.112;;V-ZAKLADY | fotovoltaika pro rodinný dům – jak funguje a co obnáší
fotovoltaika na splátky;seznam+google;5;3;2.557;2;V-ZAKLADY | fotovoltaika pro rodinný dům – jak funguje a co obnáší
konstrukce pro solární panely;seznam;14;8;3.359;;V-ZAKLADY | fotovoltaika pro rodinný dům – jak funguje a co obnáší
fotovoltaika ampérák;seznam;13;7;1.8;;V-ZAKLADY | fotovoltaika pro rodinný dům – jak funguje a co obnáší
fotovoltaika diskuse;seznam;13;9;3.248;;V-ZAKLADY | fotovoltaika pro rodinný dům – jak funguje a co obnáší
malé solární panely;seznam;13;6;3.251;;V-ZAKLADY | fotovoltaika pro rodinný dům – jak funguje a co obnáší
co je solární elektrárna;google;;;;1;V-ZAKLADY | fotovoltaika pro rodinný dům – jak funguje a co obnáší
co jsou solární panely;google;;;;1;V-ZAKLADY | fotovoltaika pro rodinný dům – jak funguje a co obnáší
eg d fotovoltaika;google;;;;1;V-ZAKLADY | fotovoltaika pro rodinný dům – jak funguje a co obnáší
fotovoltaická elektrárna;seznam+google;0;0;3.863;1;V-ZAKLADY | fotovoltaika pro rodinný dům – jak funguje a co obnáší
fotovoltaická elektrárna rodinný dům;google;;;;1;V-ZAKLADY | fotovoltaika pro rodinný dům – jak funguje a co obnáší
fotovoltaický panel;seznam+google;0;0;4.004;1;V-ZAKLADY | fotovoltaika pro rodinný dům – jak funguje a co obnáší
fotovoltaika;seznam+google;0;0;3.754;1;V-ZAKLADY | fotovoltaika pro rodinný dům – jak funguje a co obnáší
fotovoltaika 20 kwp;google;;;;1;V-ZAKLADY | fotovoltaika pro rodinný dům – jak funguje a co obnáší
fotovoltaika 2026;google;;;;1;V-ZAKLADY | fotovoltaika pro rodinný dům – jak funguje a co obnáší
fotovoltaika 4 kwp;google;;;;1;V-ZAKLADY | fotovoltaika pro rodinný dům – jak funguje a co obnáší
fotovoltaika 8kwp;google;;;;1;V-ZAKLADY | fotovoltaika pro rodinný dům – jak funguje a co obnáší
fotovoltaika anglicky;google;;;;1;V-ZAKLADY | fotovoltaika pro rodinný dům – jak funguje a co obnáší
fotovoltaika bytový dům;google;;;;1;V-ZAKLADY | fotovoltaika pro rodinný dům – jak funguje a co obnáší
fotovoltaika co to je;google;;;;1;V-ZAKLADY | fotovoltaika pro rodinný dům – jak funguje a co obnáší
fotovoltaika eon;google;;;;1;V-ZAKLADY | fotovoltaika pro rodinný dům – jak funguje a co obnáší
fotovoltaika gottwald;google;;;;1;V-ZAKLADY | fotovoltaika pro rodinný dům – jak funguje a co obnáší
fotovoltaika jak funguje;google;;;;1;V-ZAKLADY | fotovoltaika pro rodinný dům – jak funguje a co obnáší
fotovoltaika jako plot;google;;;;1;V-ZAKLADY | fotovoltaika pro rodinný dům – jak funguje a co obnáší
fotovoltaika milevsko;google;;;;1;V-ZAKLADY | fotovoltaika pro rodinný dům – jak funguje a co obnáší
fotovoltaika na dobíjení auta;seznam+google;9;8;1.4;9;V-ZAKLADY | fotovoltaika pro rodinný dům – jak funguje a co obnáší
fotovoltaika na splátky bez navýšení;google;;;;1;V-ZAKLADY | fotovoltaika pro rodinný dům – jak funguje a co obnáší
fotovoltaika na střeše;google;;;;1;V-ZAKLADY | fotovoltaika pro rodinný dům – jak funguje a co obnáší
fotovoltaika nad 10 kwp;google;;;;1;V-ZAKLADY | fotovoltaika pro rodinný dům – jak funguje a co obnáší
fotovoltaika nebo solární panely;google;;;;1;V-ZAKLADY | fotovoltaika pro rodinný dům – jak funguje a co obnáší
fotovoltaika pro obce;google;;;;1;V-ZAKLADY | fotovoltaika pro rodinný dům – jak funguje a co obnáší
fotovoltaika realizace;google;;;;1;V-ZAKLADY | fotovoltaika pro rodinný dům – jak funguje a co obnáší
fotovoltaika rodinný dům;google;;;;1;V-ZAKLADY | fotovoltaika pro rodinný dům – jak funguje a co obnáší
fotovoltaika tesla;google;;;;1;V-ZAKLADY | fotovoltaika pro rodinný dům – jak funguje a co obnáší
fotovoltaika v zimě;google;;;;1;V-ZAKLADY | fotovoltaika pro rodinný dům – jak funguje a co obnáší
fotovoltaika velká bíteš;google;;;;1;V-ZAKLADY | fotovoltaika pro rodinný dům – jak funguje a co obnáší
fotovoltaika vs solární panel;google;;;;1;V-ZAKLADY | fotovoltaika pro rodinný dům – jak funguje a co obnáší
fotovoltaika wikipedia;google;;;;1;V-ZAKLADY | fotovoltaika pro rodinný dům – jak funguje a co obnáší
fotovoltaika zákon;google;;;;1;V-ZAKLADY | fotovoltaika pro rodinný dům – jak funguje a co obnáší
fotovoltaika účtování;google;;;;1;V-ZAKLADY | fotovoltaika pro rodinný dům – jak funguje a co obnáší
fotovoltaika šternberk;google;;;;1;V-ZAKLADY | fotovoltaika pro rodinný dům – jak funguje a co obnáší
jak dlouho vydrží fotovoltaika;google;;;;1;V-ZAKLADY | fotovoltaika pro rodinný dům – jak funguje a co obnáší
jak dlouho vydrží solární panely;google;;;;1;V-ZAKLADY | fotovoltaika pro rodinný dům – jak funguje a co obnáší
jak funguje solární elektrárna;google;;;;1;V-ZAKLADY | fotovoltaika pro rodinný dům – jak funguje a co obnáší
jak zapojit solární panely;seznam+google;3;2;2.0;2;V-ZAKLADY | fotovoltaika pro rodinný dům – jak funguje a co obnáší
jaká je nejlepší fotovoltaika;google;;;;1;V-ZAKLADY | fotovoltaika pro rodinný dům – jak funguje a co obnáší
jaký proud vyrábí fotovoltaika;google;;;;1;V-ZAKLADY | fotovoltaika pro rodinný dům – jak funguje a co obnáší
jaký proud vyrábí solární panely;google;;;;1;V-ZAKLADY | fotovoltaika pro rodinný dům – jak funguje a co obnáší
kde koupit solarni panely;google;;;;1;V-ZAKLADY | fotovoltaika pro rodinný dům – jak funguje a co obnáší
kdy vznikly solární panely;google;;;;1;V-ZAKLADY | fotovoltaika pro rodinný dům – jak funguje a co obnáší
musi mit fotovoltaika hromosvod;google;;;;1;V-ZAKLADY | fotovoltaika pro rodinný dům – jak funguje a co obnáší
nejlepší solární elektrárna;google;;;;1;V-ZAKLADY | fotovoltaika pro rodinný dům – jak funguje a co obnáší
proc hori fotovoltaika;google;;;;1;V-ZAKLADY | fotovoltaika pro rodinný dům – jak funguje a co obnáší
projekt fotovoltaika;google;;;;1;V-ZAKLADY | fotovoltaika pro rodinný dům – jak funguje a co obnáší
quest fotovoltaika;google;;;;1;V-ZAKLADY | fotovoltaika pro rodinný dům – jak funguje a co obnáší
solarni panely 800w;google;;;;1;V-ZAKLADY | fotovoltaika pro rodinný dům – jak funguje a co obnáší
solarni panely ucinnost;google;;;;1;V-ZAKLADY | fotovoltaika pro rodinný dům – jak funguje a co obnáší
solarni panely vs fotovoltaika;google;;;;1;V-ZAKLADY | fotovoltaika pro rodinný dům – jak funguje a co obnáší
solární elektrárna pro rodinný dům;google;;;;1;V-ZAKLADY | fotovoltaika pro rodinný dům – jak funguje a co obnáší
solární panel 500w;seznam;12;7;0.316;;V-ZAKLADY | fotovoltaika pro rodinný dům – jak funguje a co obnáší
solární panely;seznam+google;0;0;4.599;1;V-ZAKLADY | fotovoltaika pro rodinný dům – jak funguje a co obnáší
solární panely 300w;google;;;;1;V-ZAKLADY | fotovoltaika pro rodinný dům – jak funguje a co obnáší
solární panely 450 wp;google;;;;1;V-ZAKLADY | fotovoltaika pro rodinný dům – jak funguje a co obnáší
solární panely 500wp;google;;;;1;V-ZAKLADY | fotovoltaika pro rodinný dům – jak funguje a co obnáší
solární panely bazar;google;;;;1;V-ZAKLADY | fotovoltaika pro rodinný dům – jak funguje a co obnáší
solární panely flexibilní;google;;;;1;V-ZAKLADY | fotovoltaika pro rodinný dům – jak funguje a co obnáší
solární panely na bytový dům;google;;;;1;V-ZAKLADY | fotovoltaika pro rodinný dům – jak funguje a co obnáší
solární panely nebo fotovoltaika;google;;;;1;V-ZAKLADY | fotovoltaika pro rodinný dům – jak funguje a co obnáší
solární panely nejlepší;google;;;;1;V-ZAKLADY | fotovoltaika pro rodinný dům – jak funguje a co obnáší
solární panely prodej;google;;;;1;V-ZAKLADY | fotovoltaika pro rodinný dům – jak funguje a co obnáší
solární panely rodinný dům;google;;;;1;V-ZAKLADY | fotovoltaika pro rodinný dům – jak funguje a co obnáší
solární panely rozměry;google;;;;1;V-ZAKLADY | fotovoltaika pro rodinný dům – jak funguje a co obnáší
solární panely výprodej;google;;;;1;V-ZAKLADY | fotovoltaika pro rodinný dům – jak funguje a co obnáší
solární panely wikipedie;google;;;;1;V-ZAKLADY | fotovoltaika pro rodinný dům – jak funguje a co obnáší
solární panely za odvoz;google;;;;1;V-ZAKLADY | fotovoltaika pro rodinný dům – jak funguje a co obnáší
solární panely účinnost;google;;;;1;V-ZAKLADY | fotovoltaika pro rodinný dům – jak funguje a co obnáší
solární panely čez;google;;;;1;V-ZAKLADY | fotovoltaika pro rodinný dům – jak funguje a co obnáší
fotovoltaika od eonu;seznam+google;8;6;2.704;6;V-ZAKLADY | fotovoltaika pro rodinný dům – jak funguje a co obnáší
fotovoltaika pro rodinný dům;seznam+google;6;6;3.287;5;V-ZAKLADY | fotovoltaika pro rodinný dům – jak funguje a co obnáší
fotovoltaika znojmo;seznam+google;8;4;2.966;7;V-ZAKLADY | fotovoltaika pro rodinný dům – jak funguje a co obnáší
čez solární panely;seznam;11;9;3.834;;V-ZAKLADY | fotovoltaika pro rodinný dům – jak funguje a co obnáší
fotovoltaický panel 450wp;seznam+google;7;7;3.279;7;V-ZAKLADY | fotovoltaika pro rodinný dům – jak funguje a co obnáší
fotovoltaický panel 500w jolywood;seznam;10;1;0.345;;V-ZAKLADY | fotovoltaika pro rodinný dům – jak funguje a co obnáší
fotovoltaika domácí do zásuvky;seznam;10;8;0;;V-ZAKLADY | fotovoltaika pro rodinný dům – jak funguje a co obnáší
hliníkové profily pro solární panely;seznam;10;7;3.011;;V-ZAKLADY | fotovoltaika pro rodinný dům – jak funguje a co obnáší
konstrukce pod solární panely;seznam;10;6;3.174;;V-ZAKLADY | fotovoltaika pro rodinný dům – jak funguje a co obnáší
na kolik vyjde fotovoltaika;seznam;10;9;2.39;;V-ZAKLADY | fotovoltaika pro rodinný dům – jak funguje a co obnáší
solární panel 550w;seznam;10;7;0.335;;V-ZAKLADY | fotovoltaika pro rodinný dům – jak funguje a co obnáší
solární panely na ohřev vzduchu;seznam;10;8;2.2;;V-ZAKLADY | fotovoltaika pro rodinný dům – jak funguje a co obnáší
co obsahuje fotovoltaika;google;;;;2;V-ZAKLADY | fotovoltaika pro rodinný dům – jak funguje a co obnáší
co obsahují solární panely;google;;;;2;V-ZAKLADY | fotovoltaika pro rodinný dům – jak funguje a co obnáší
fotovoltaická elektrárna čez;seznam;9;8;3.056;;V-ZAKLADY | fotovoltaika pro rodinný dům – jak funguje a co obnáší
fotovoltaický panel 500w;google;;;;2;V-ZAKLADY | fotovoltaika pro rodinný dům – jak funguje a co obnáší
fotovoltaika 10kw;google;;;;2;V-ZAKLADY | fotovoltaika pro rodinný dům – jak funguje a co obnáší
fotovoltaika 2026 odvody;google;;;;2;V-ZAKLADY | fotovoltaika pro rodinný dům – jak funguje a co obnáší
fotovoltaika 5 kwp;google;;;;2;V-ZAKLADY | fotovoltaika pro rodinný dům – jak funguje a co obnáší
fotovoltaika 5kw;google;;;;2;V-ZAKLADY | fotovoltaika pro rodinný dům – jak funguje a co obnáší
fotovoltaika 6 kwp;google;;;;2;V-ZAKLADY | fotovoltaika pro rodinný dům – jak funguje a co obnáší
fotovoltaika ano nebo ne;seznam+google;4;2;1.8;4;V-ZAKLADY | fotovoltaika pro rodinný dům – jak funguje a co obnáší
fotovoltaika gienger;google;;;;2;V-ZAKLADY | fotovoltaika pro rodinný dům – jak funguje a co obnáší
fotovoltaika innogy cz;google;;;;2;V-ZAKLADY | fotovoltaika pro rodinný dům – jak funguje a co obnáší
fotovoltaika montaz;google;;;;2;V-ZAKLADY | fotovoltaika pro rodinný dům – jak funguje a co obnáší
fotovoltaika pro rodinné domy;seznam;9;6;2.706;;V-ZAKLADY | fotovoltaika pro rodinný dům – jak funguje a co obnáší
fotovoltaika projektová dokumentace;google;;;;2;V-ZAKLADY | fotovoltaika pro rodinný dům – jak funguje a co obnáší
fotovoltaika přenesená daňová povinnost;google;;;;2;V-ZAKLADY | fotovoltaika pro rodinný dům – jak funguje a co obnáší
fotovoltaika stavební zákon;google;;;;2;V-ZAKLADY | fotovoltaika pro rodinný dům – jak funguje a co obnáší
fotovoltaika uzemnění;google;;;;2;V-ZAKLADY | fotovoltaika pro rodinný dům – jak funguje a co obnáší
fotovoltaika vs fotovoltaika;google;;;;2;V-ZAKLADY | fotovoltaika pro rodinný dům – jak funguje a co obnáší
fotovoltaika účinnost;google;;;;2;V-ZAKLADY | fotovoltaika pro rodinný dům – jak funguje a co obnáší
hybridní fotovoltaika;seznam;9;4;3.433;;V-ZAKLADY | fotovoltaika pro rodinný dům – jak funguje a co obnáší
jak dlouho se odepisuje fotovoltaika;google;;;;2;V-ZAKLADY | fotovoltaika pro rodinný dům – jak funguje a co obnáší
kde se vyrábí solární panely;google;;;;2;V-ZAKLADY | fotovoltaika pro rodinný dům – jak funguje a co obnáší
monokrystalické solární panely;seznam;9;6;2.4;;V-ZAKLADY | fotovoltaika pro rodinný dům – jak funguje a co obnáší
nejlepší fotovoltaika;google;;;;2;V-ZAKLADY | fotovoltaika pro rodinný dům – jak funguje a co obnáší
nejlepší solární panely na trhu;google;;;;2;V-ZAKLADY | fotovoltaika pro rodinný dům – jak funguje a co obnáší
solarni panely eon;google;;;;2;V-ZAKLADY | fotovoltaika pro rodinný dům – jak funguje a co obnáší
solární panel 100w;seznam;9;7;0.371;;V-ZAKLADY | fotovoltaika pro rodinný dům – jak funguje a co obnáší
solární panely 100w;google;;;;2;V-ZAKLADY | fotovoltaika pro rodinný dům – jak funguje a co obnáší
solární panely 200w;google;;;;2;V-ZAKLADY | fotovoltaika pro rodinný dům – jak funguje a co obnáší
solární panely 300wp;google;;;;2;V-ZAKLADY | fotovoltaika pro rodinný dům – jak funguje a co obnáší
solární panely 500 w;google;;;;2;V-ZAKLADY | fotovoltaika pro rodinný dům – jak funguje a co obnáší
solární panely 550wp;google;;;;2;V-ZAKLADY | fotovoltaika pro rodinný dům – jak funguje a co obnáší
solární panely action;google;;;;2;V-ZAKLADY | fotovoltaika pro rodinný dům – jak funguje a co obnáší
solární panely aeg 450 wp;google;;;;2;V-ZAKLADY | fotovoltaika pro rodinný dům – jak funguje a co obnáší
solární panely bazoš;google;;;;2;V-ZAKLADY | fotovoltaika pro rodinný dům – jak funguje a co obnáší
solární panely hadex;google;;;;2;V-ZAKLADY | fotovoltaika pro rodinný dům – jak funguje a co obnáší
solární panely instalace;google;;;;2;V-ZAKLADY | fotovoltaika pro rodinný dům – jak funguje a co obnáší
solární panely mono vs poly;google;;;;2;V-ZAKLADY | fotovoltaika pro rodinný dům – jak funguje a co obnáší
solární panely monokrystalické;google;;;;2;V-ZAKLADY | fotovoltaika pro rodinný dům – jak funguje a co obnáší
solární panely na dům;seznam;9;5;2.2;;V-ZAKLADY | fotovoltaika pro rodinný dům – jak funguje a co obnáší
solární panely nové generace;google;;;;2;V-ZAKLADY | fotovoltaika pro rodinný dům – jak funguje a co obnáší
solární panely zapojení;google;;;;2;V-ZAKLADY | fotovoltaika pro rodinný dům – jak funguje a co obnáší
termické solární panely prodej;seznam;9;6;2.4;;V-ZAKLADY | fotovoltaika pro rodinný dům – jak funguje a co obnáší
výběrové řízení fotovoltaika;google;;;;2;V-ZAKLADY | fotovoltaika pro rodinný dům – jak funguje a co obnáší
xenium fotovoltaika;google;;;;2;V-ZAKLADY | fotovoltaika pro rodinný dům – jak funguje a co obnáší
yello fotovoltaika;google;;;;2;V-ZAKLADY | fotovoltaika pro rodinný dům – jak funguje a co obnáší
fotovoltaická elektrárna od čezu;seznam;8;7;2.871;;V-ZAKLADY | fotovoltaika pro rodinný dům – jak funguje a co obnáší
fotovoltaika dražice;seznam+google;5;3;3.405;10;V-ZAKLADY | fotovoltaika pro rodinný dům – jak funguje a co obnáší
hadex solární panely;seznam;8;4;4.001;;V-ZAKLADY | fotovoltaika pro rodinný dům – jak funguje a co obnáší
jak funguje fotovoltaika;seznam;8;8;3.301;;V-ZAKLADY | fotovoltaika pro rodinný dům – jak funguje a co obnáší
malá solární elektrárna;seznam;8;7;2.735;;V-ZAKLADY | fotovoltaika pro rodinný dům – jak funguje a co obnáší
prefa panely;seznam+google;5;4;4.188;7;V-ZAKLADY | fotovoltaika pro rodinný dům – jak funguje a co obnáší
solární panel 175w;seznam;8;7;0.291;;V-ZAKLADY | fotovoltaika pro rodinný dům – jak funguje a co obnáší
solární panely 580wp;seznam+google;5;4;3.763;7;V-ZAKLADY | fotovoltaika pro rodinný dům – jak funguje a co obnáší
solární panely abc;seznam;8;2;3.68;;V-ZAKLADY | fotovoltaika pro rodinný dům – jak funguje a co obnáší
solární panely schéma zapojení;seznam;8;3;3.4;;V-ZAKLADY | fotovoltaika pro rodinný dům – jak funguje a co obnáší
solární termické panely;seznam;8;7;3.857;;V-ZAKLADY | fotovoltaika pro rodinný dům – jak funguje a co obnáší
teplovodní solární panely;seznam;8;5;2.4;;V-ZAKLADY | fotovoltaika pro rodinný dům – jak funguje a co obnáší
domácí solární elektrárna;seznam;7;5;2.703;;V-ZAKLADY | fotovoltaika pro rodinný dům – jak funguje a co obnáší
fotovoltaický panel 600w;google;;;;3;V-ZAKLADY | fotovoltaika pro rodinný dům – jak funguje a co obnáší
fotovoltaický panel 710w;seznam;7;7;1.8;;V-ZAKLADY | fotovoltaika pro rodinný dům – jak funguje a co obnáší
fotovoltaika 2 5 kwp;google;;;;3;V-ZAKLADY | fotovoltaika pro rodinný dům – jak funguje a co obnáší
fotovoltaika 2kw;google;;;;3;V-ZAKLADY | fotovoltaika pro rodinný dům – jak funguje a co obnáší
fotovoltaika 3kwp;google;;;;3;V-ZAKLADY | fotovoltaika pro rodinný dům – jak funguje a co obnáší
fotovoltaika 5kwp;google;;;;3;V-ZAKLADY | fotovoltaika pro rodinný dům – jak funguje a co obnáší
fotovoltaika 81;google;;;;3;V-ZAKLADY | fotovoltaika pro rodinný dům – jak funguje a co obnáší
fotovoltaika bazar;google;;;;3;V-ZAKLADY | fotovoltaika pro rodinný dům – jak funguje a co obnáší
fotovoltaika english;google;;;;3;V-ZAKLADY | fotovoltaika pro rodinný dům – jak funguje a co obnáší
fotovoltaika eshop;google;;;;3;V-ZAKLADY | fotovoltaika pro rodinný dům – jak funguje a co obnáší
fotovoltaika hromosvod;google;;;;3;V-ZAKLADY | fotovoltaika pro rodinný dům – jak funguje a co obnáší
fotovoltaika menic;google;;;;3;V-ZAKLADY | fotovoltaika pro rodinný dům – jak funguje a co obnáší
fotovoltaika na topení;seznam;7;5;1.6;;V-ZAKLADY | fotovoltaika pro rodinný dům – jak funguje a co obnáší
fotovoltaika nebo fototermika;google;;;;3;V-ZAKLADY | fotovoltaika pro rodinný dům – jak funguje a co obnáší
fotovoltaika pre;seznam;7;5;3.442;;V-ZAKLADY | fotovoltaika pro rodinný dům – jak funguje a co obnáší
fotovoltaika vs fototermika;google;;;;3;V-ZAKLADY | fotovoltaika pro rodinný dům – jak funguje a co obnáší
fotovoltaika woltair;google;;;;3;V-ZAKLADY | fotovoltaika pro rodinný dům – jak funguje a co obnáší
fotovoltaika za korunu;google;;;;3;V-ZAKLADY | fotovoltaika pro rodinný dům – jak funguje a co obnáší
fotovoltaika ústecký kraj;google;;;;3;V-ZAKLADY | fotovoltaika pro rodinný dům – jak funguje a co obnáší
jak funguje fotovoltaika v zimě;google;;;;3;V-ZAKLADY | fotovoltaika pro rodinný dům – jak funguje a co obnáší
montážní sada pro 5 panelů fotovoltaika;seznam;7;4;2.415;;V-ZAKLADY | fotovoltaika pro rodinný dům – jak funguje a co obnáší
nejlepší solární panely 2025;google;;;;3;V-ZAKLADY | fotovoltaika pro rodinný dům – jak funguje a co obnáší
profily na solární panely 32x32;seznam;7;4;1.35;;V-ZAKLADY | fotovoltaika pro rodinný dům – jak funguje a co obnáší
projektant fotovoltaika;google;;;;3;V-ZAKLADY | fotovoltaika pro rodinný dům – jak funguje a co obnáší
solarni panely 10kw;google;;;;3;V-ZAKLADY | fotovoltaika pro rodinný dům – jak funguje a co obnáší
solarni panely cz;google;;;;3;V-ZAKLADY | fotovoltaika pro rodinný dům – jak funguje a co obnáší
solární panel 300w;seznam;7;4;0.324;;V-ZAKLADY | fotovoltaika pro rodinný dům – jak funguje a co obnáší
solární panel 500wp;seznam;7;7;0.176;;V-ZAKLADY | fotovoltaika pro rodinný dům – jak funguje a co obnáší
solární panely 250w;google;;;;3;V-ZAKLADY | fotovoltaika pro rodinný dům – jak funguje a co obnáší
solární panely 380wp;google;;;;3;V-ZAKLADY | fotovoltaika pro rodinný dům – jak funguje a co obnáší
solární panely 500w;google;;;;3;V-ZAKLADY | fotovoltaika pro rodinný dům – jak funguje a co obnáší
solární panely 550;seznam+google;4;4;3.941;10;V-ZAKLADY | fotovoltaika pro rodinný dům – jak funguje a co obnáší
solární panely 600 w;google;;;;3;V-ZAKLADY | fotovoltaika pro rodinný dům – jak funguje a co obnáší
solární panely a kroupy;google;;;;3;V-ZAKLADY | fotovoltaika pro rodinný dům – jak funguje a co obnáší
solární panely aeg;seznam+google;4;3;3.951;9;V-ZAKLADY | fotovoltaika pro rodinný dům – jak funguje a co obnáší
solární panely do auta;google;;;;3;V-ZAKLADY | fotovoltaika pro rodinný dům – jak funguje a co obnáší
solární panely eshop;google;;;;3;V-ZAKLADY | fotovoltaika pro rodinný dům – jak funguje a co obnáší
solární panely full black;google;;;;3;V-ZAKLADY | fotovoltaika pro rodinný dům – jak funguje a co obnáší
solární panely informace;google;;;;3;V-ZAKLADY | fotovoltaika pro rodinný dům – jak funguje a co obnáší
solární panely jak fungují;google;;;;3;V-ZAKLADY | fotovoltaika pro rodinný dům – jak funguje a co obnáší
solární panely končí;google;;;;3;V-ZAKLADY | fotovoltaika pro rodinný dům – jak funguje a co obnáší
solární panely odpisová skupina;google;;;;3;V-ZAKLADY | fotovoltaika pro rodinný dům – jak funguje a co obnáší
solární panely off grid;google;;;;3;V-ZAKLADY | fotovoltaika pro rodinný dům – jak funguje a co obnáší
solární panely regulus;google;;;;3;V-ZAKLADY | fotovoltaika pro rodinný dům – jak funguje a co obnáší
solární panely sbazar;google;;;;3;V-ZAKLADY | fotovoltaika pro rodinný dům – jak funguje a co obnáší
solární panely typy;google;;;;3;V-ZAKLADY | fotovoltaika pro rodinný dům – jak funguje a co obnáší
solární panely uherské hradiště;google;;;;3;V-ZAKLADY | fotovoltaika pro rodinný dům – jak funguje a co obnáší
solární panely čína;google;;;;3;V-ZAKLADY | fotovoltaika pro rodinný dům – jak funguje a co obnáší
topné solární panely;seznam;7;4;3.614;;V-ZAKLADY | fotovoltaika pro rodinný dům – jak funguje a co obnáší
fotovoltaický panel ja solar;seznam;6;4;3.497;;V-ZAKLADY | fotovoltaika pro rodinný dům – jak funguje a co obnáší
fotovoltaika pro bytový dům;seznam;6;4;2.91;;V-ZAKLADY | fotovoltaika pro rodinný dům – jak funguje a co obnáší
fotovoltaika třinec;seznam+google;3;3;3.158;7;V-ZAKLADY | fotovoltaika pro rodinný dům – jak funguje a co obnáší
jak se odepisuje fotovoltaika;seznam+google;3;2;2.989;10;V-ZAKLADY | fotovoltaika pro rodinný dům – jak funguje a co obnáší
klik panely;seznam;6;2;0.324;;V-ZAKLADY | fotovoltaika pro rodinný dům – jak funguje a co obnáší
pro fotovoltaika rodinný dům;seznam;6;6;0.257;;V-ZAKLADY | fotovoltaika pro rodinný dům – jak funguje a co obnáší
solární panel 220w;seznam;6;3;0.332;;V-ZAKLADY | fotovoltaika pro rodinný dům – jak funguje a co obnáší
solární panely ralsko;seznam+google;3;2;3.88;6;V-ZAKLADY | fotovoltaika pro rodinný dům – jak funguje a co obnáší
e on solární panely;seznam;5;1;2.0;;V-ZAKLADY | fotovoltaika pro rodinný dům – jak funguje a co obnáší
fotovoltaická elektrárna 10kwp;seznam;5;4;3.349;;V-ZAKLADY | fotovoltaika pro rodinný dům – jak funguje a co obnáší
fotovoltaické nejlepší panely;seznam;5;3;0;;V-ZAKLADY | fotovoltaika pro rodinný dům – jak funguje a co obnáší
fotovoltaické solární panely 390w;seznam;5;3;3.989;;V-ZAKLADY | fotovoltaika pro rodinný dům – jak funguje a co obnáší
fotovoltaika 10 kwp plocha;google;;;;4;V-ZAKLADY | fotovoltaika pro rodinný dům – jak funguje a co obnáší
fotovoltaika 2025;google;;;;5;V-ZAKLADY | fotovoltaika pro rodinný dům – jak funguje a co obnáší
fotovoltaika 20kw;google;;;;4;V-ZAKLADY | fotovoltaika pro rodinný dům – jak funguje a co obnáší
fotovoltaika 3 5 kw;google;;;;4;V-ZAKLADY | fotovoltaika pro rodinný dům – jak funguje a co obnáší
fotovoltaika 800w;google;;;;4;V-ZAKLADY | fotovoltaika pro rodinný dům – jak funguje a co obnáší
fotovoltaika bazoš prodej panel 380w;seznam;5;5;2.824;;V-ZAKLADY | fotovoltaika pro rodinný dům – jak funguje a co obnáší
fotovoltaika elektrarna;google;;;;4;V-ZAKLADY | fotovoltaika pro rodinný dům – jak funguje a co obnáší
fotovoltaika fve;google;;;;5;V-ZAKLADY | fotovoltaika pro rodinný dům – jak funguje a co obnáší
fotovoltaika instalace;google;;;;4;V-ZAKLADY | fotovoltaika pro rodinný dům – jak funguje a co obnáší
fotovoltaika komponenty;google;;;;4;V-ZAKLADY | fotovoltaika pro rodinný dům – jak funguje a co obnáší
fotovoltaika konfigurátor;google;;;;5;V-ZAKLADY | fotovoltaika pro rodinný dům – jak funguje a co obnáší
fotovoltaika malina;google;;;;5;V-ZAKLADY | fotovoltaika pro rodinný dům – jak funguje a co obnáší
fotovoltaika na ploché střeše;google;;;;4;V-ZAKLADY | fotovoltaika pro rodinný dům – jak funguje a co obnáší
fotovoltaika na zelené střeše;google;;;;5;V-ZAKLADY | fotovoltaika pro rodinný dům – jak funguje a co obnáší
fotovoltaika prenos daňovej povinnosti;google;;;;4;V-ZAKLADY | fotovoltaika pro rodinný dům – jak funguje a co obnáší
fotovoltaika ralsko;google;;;;4;V-ZAKLADY | fotovoltaika pro rodinný dům – jak funguje a co obnáší
fotovoltaika rychnov nad kněžnou;google;;;;5;V-ZAKLADY | fotovoltaika pro rodinný dům – jak funguje a co obnáší
fotovoltaika solidsun;seznam;5;5;3.008;;V-ZAKLADY | fotovoltaika pro rodinný dům – jak funguje a co obnáší
fotovoltaika topolcany;google;;;;5;V-ZAKLADY | fotovoltaika pro rodinný dům – jak funguje a co obnáší
fotovoltaika trnava;google;;;;4;V-ZAKLADY | fotovoltaika pro rodinný dům – jak funguje a co obnáší
fotovoltaika těšín;seznam;5;2;3.323;;V-ZAKLADY | fotovoltaika pro rodinný dům – jak funguje a co obnáší
fotovoltaika ucinnost;google;;;;5;V-ZAKLADY | fotovoltaika pro rodinný dům – jak funguje a co obnáší
fotovoltaika uherský brod;google;;;;4;V-ZAKLADY | fotovoltaika pro rodinný dům – jak funguje a co obnáší
fotovoltaika wattsonic;google;;;;4;V-ZAKLADY | fotovoltaika pro rodinný dům – jak funguje a co obnáší
fotovoltaika wifi;google;;;;5;V-ZAKLADY | fotovoltaika pro rodinný dům – jak funguje a co obnáší
fotovoltaika český těšín;google;;;;5;V-ZAKLADY | fotovoltaika pro rodinný dům – jak funguje a co obnáší
fotovoltaika škodlivost;google;;;;5;V-ZAKLADY | fotovoltaika pro rodinný dům – jak funguje a co obnáší
fotovoltaika šlégr;google;;;;4;V-ZAKLADY | fotovoltaika pro rodinný dům – jak funguje a co obnáší
fotovoltaika žiar nad hronom;google;;;;5;V-ZAKLADY | fotovoltaika pro rodinný dům – jak funguje a co obnáší
fotovoltaika živnost;google;;;;4;V-ZAKLADY | fotovoltaika pro rodinný dům – jak funguje a co obnáší
hliníkové lišty 4+4 pro solární panely;seznam;5;1;1.65;;V-ZAKLADY | fotovoltaika pro rodinný dům – jak funguje a co obnáší
lepidlo na solární panely;seznam;5;3;2.0;;V-ZAKLADY | fotovoltaika pro rodinný dům – jak funguje a co obnáší
peugeot nový 3008, fotovoltaika;seznam;5;2;1.0;;V-ZAKLADY | fotovoltaika pro rodinný dům – jak funguje a co obnáší
solarni panely 2000w;google;;;;4;V-ZAKLADY | fotovoltaika pro rodinný dům – jak funguje a co obnáší
solarni panely 3kw;google;;;;5;V-ZAKLADY | fotovoltaika pro rodinný dům – jak funguje a co obnáší
solarni panely cez;google;;;;5;V-ZAKLADY | fotovoltaika pro rodinný dům – jak funguje a co obnáší
solární elektrárna na zahradu;google;;;;5;V-ZAKLADY | fotovoltaika pro rodinný dům – jak funguje a co obnáší
solární panel 550w bazoš;seznam;5;3;0.251;;V-ZAKLADY | fotovoltaika pro rodinný dům – jak funguje a co obnáší
solární panely 1000w;google;;;;4;V-ZAKLADY | fotovoltaika pro rodinný dům – jak funguje a co obnáší
solární panely 230v;google;;;;5;V-ZAKLADY | fotovoltaika pro rodinný dům – jak funguje a co obnáší
solární panely 350w;google;;;;4;V-ZAKLADY | fotovoltaika pro rodinný dům – jak funguje a co obnáší
solární panely 400 w;google;;;;5;V-ZAKLADY | fotovoltaika pro rodinný dům – jak funguje a co obnáší
solární panely 50w;google;;;;5;V-ZAKLADY | fotovoltaika pro rodinný dům – jak funguje a co obnáší
solární panely 550w;google;;;;4;V-ZAKLADY | fotovoltaika pro rodinný dům – jak funguje a co obnáší
solární panely amerisolar;seznam;5;2;3.929;;V-ZAKLADY | fotovoltaika pro rodinný dům – jak funguje a co obnáší
solární panely bifaciální;google;;;;4;V-ZAKLADY | fotovoltaika pro rodinný dům – jak funguje a co obnáší
solární panely dek;google;;;;5;V-ZAKLADY | fotovoltaika pro rodinný dům – jak funguje a co obnáší
solární panely efektivita;google;;;;4;V-ZAKLADY | fotovoltaika pro rodinný dům – jak funguje a co obnáší
solární panely fotovoltaika;google;;;;4;V-ZAKLADY | fotovoltaika pro rodinný dům – jak funguje a co obnáší
solární panely heureka;google;;;;4;V-ZAKLADY | fotovoltaika pro rodinný dům – jak funguje a co obnáší
solární panely hjt;google;;;;5;V-ZAKLADY | fotovoltaika pro rodinný dům – jak funguje a co obnáší
solární panely innogy;google;;;;4;V-ZAKLADY | fotovoltaika pro rodinný dům – jak funguje a co obnáší
solární panely ja solar;google;;;;4;V-ZAKLADY | fotovoltaika pro rodinný dům – jak funguje a co obnáší
solární panely jako plot;google;;;;5;V-ZAKLADY | fotovoltaika pro rodinný dům – jak funguje a co obnáší
solární panely končí nahradí je;google;;;;4;V-ZAKLADY | fotovoltaika pro rodinný dům – jak funguje a co obnáší
solární panely likvidace;google;;;;5;V-ZAKLADY | fotovoltaika pro rodinný dům – jak funguje a co obnáší
solární panely malé;google;;;;5;V-ZAKLADY | fotovoltaika pro rodinný dům – jak funguje a co obnáší
solární panely na topení;seznam;5;5;3.604;;V-ZAKLADY | fotovoltaika pro rodinný dům – jak funguje a co obnáší
solární panely perovskit;google;;;;4;V-ZAKLADY | fotovoltaika pro rodinný dům – jak funguje a co obnáší
solární panely recyklace;google;;;;4;V-ZAKLADY | fotovoltaika pro rodinný dům – jak funguje a co obnáší
solární panely s nejvyšší účinností;google;;;;4;V-ZAKLADY | fotovoltaika pro rodinný dům – jak funguje a co obnáší
solární panely s vysokou účinností;google;;;;5;V-ZAKLADY | fotovoltaika pro rodinný dům – jak funguje a co obnáší
solární panely temu;google;;;;4;V-ZAKLADY | fotovoltaika pro rodinný dům – jak funguje a co obnáší
solární panely termické;google;;;;5;V-ZAKLADY | fotovoltaika pro rodinný dům – jak funguje a co obnáší
solární panely uchycení;google;;;;4;V-ZAKLADY | fotovoltaika pro rodinný dům – jak funguje a co obnáší
solární panely znojmo;google;;;;5;V-ZAKLADY | fotovoltaika pro rodinný dům – jak funguje a co obnáší
solární panely černé;google;;;;4;V-ZAKLADY | fotovoltaika pro rodinný dům – jak funguje a co obnáší
uzke solarni panely;google;;;;5;V-ZAKLADY | fotovoltaika pro rodinný dům – jak funguje a co obnáší
veletrh fotovoltaika 2026;google;;;;4;V-ZAKLADY | fotovoltaika pro rodinný dům – jak funguje a co obnáší
výkonné fotovoltaické panely;google;;;;4;V-ZAKLADY | fotovoltaika pro rodinný dům – jak funguje a co obnáší
výkonné solární panely;google;;;;4;V-ZAKLADY | fotovoltaika pro rodinný dům – jak funguje a co obnáší
co je to fotovoltaika;seznam;4;4;1.4;;V-ZAKLADY | fotovoltaika pro rodinný dům – jak funguje a co obnáší
fotovoltaická elektrárna 10kwp zapojení;seznam;4;1;3.508;;V-ZAKLADY | fotovoltaika pro rodinný dům – jak funguje a co obnáší
fotovoltaický panel z dvd;seznam;4;1;3.371;;V-ZAKLADY | fotovoltaika pro rodinný dům – jak funguje a co obnáší
fotovoltaika 5 kw;seznam;4;4;2.962;;V-ZAKLADY | fotovoltaika pro rodinný dům – jak funguje a co obnáší
fotovoltaika na teplou vodu;seznam;4;3;1.6;;V-ZAKLADY | fotovoltaika pro rodinný dům – jak funguje a co obnáší
fotovoltaika severní morava;seznam;4;2;1.6;;V-ZAKLADY | fotovoltaika pro rodinný dům – jak funguje a co obnáší
fotovoltaika velké meziříčí;seznam;4;2;3.398;;V-ZAKLADY | fotovoltaika pro rodinný dům – jak funguje a co obnáší
fotovoltaika zapojení;seznam;4;2;1.8;;V-ZAKLADY | fotovoltaika pro rodinný dům – jak funguje a co obnáší
měnič napětí pro solární panely;seznam;4;3;1.75;;V-ZAKLADY | fotovoltaika pro rodinný dům – jak funguje a co obnáší
projekty fotovoltaika;seznam;4;1;1.8;;V-ZAKLADY | fotovoltaika pro rodinný dům – jak funguje a co obnáší
solární panel 375w;seznam;4;3;0;;V-ZAKLADY | fotovoltaika pro rodinný dům – jak funguje a co obnáší
solární panel 50w;seznam;4;2;0;;V-ZAKLADY | fotovoltaika pro rodinný dům – jak funguje a co obnáší
solární panel 5v;seznam;4;4;0.26;;V-ZAKLADY | fotovoltaika pro rodinný dům – jak funguje a co obnáší
solární panel gwl/sunny poly 285wp;seznam;4;2;0.327;;V-ZAKLADY | fotovoltaika pro rodinný dům – jak funguje a co obnáší
solární panel lr4-60hoh-375m;seznam;4;1;0.287;;V-ZAKLADY | fotovoltaika pro rodinný dům – jak funguje a co obnáší
solární panely na dobíjení auta;seznam;4;3;3.563;;V-ZAKLADY | fotovoltaika pro rodinný dům – jak funguje a co obnáší
solární panely online;seznam;4;1;4.049;;V-ZAKLADY | fotovoltaika pro rodinný dům – jak funguje a co obnáší
co utiahne fotovoltaika;google;;;;7;V-ZAKLADY | fotovoltaika pro rodinný dům – jak funguje a co obnáší
eshopelektronika solární panely;seznam;3;2;2.4;;V-ZAKLADY | fotovoltaika pro rodinný dům – jak funguje a co obnáší
externí spolupráce fotovoltaika;seznam;3;1;2.87;;V-ZAKLADY | fotovoltaika pro rodinný dům – jak funguje a co obnáší
fototermika vs fotovoltaika;google;;;;9;V-ZAKLADY | fotovoltaika pro rodinný dům – jak funguje a co obnáší
fotovoltaická elektrárna 10 kwp;google;;;;9;V-ZAKLADY | fotovoltaika pro rodinný dům – jak funguje a co obnáší
fotovoltaická elektrárna pro rodinný dům;google;;;;10;V-ZAKLADY | fotovoltaika pro rodinný dům – jak funguje a co obnáší
fotovoltaický panel 620w;seznam;3;1;3.042;;V-ZAKLADY | fotovoltaika pro rodinný dům – jak funguje a co obnáší
fotovoltaický panel 700wp;google;;;;10;V-ZAKLADY | fotovoltaika pro rodinný dům – jak funguje a co obnáší
fotovoltaický panel do auta;seznam;3;1;3.424;;V-ZAKLADY | fotovoltaika pro rodinný dům – jak funguje a co obnáší
fotovoltaický panel ja solar jam72d40 – 600/mb – 600wp;google;;;;8;V-ZAKLADY | fotovoltaika pro rodinný dům – jak funguje a co obnáší
fotovoltaický panel o výkonu 500w;seznam;3;2;0.314;;V-ZAKLADY | fotovoltaika pro rodinný dům – jak funguje a co obnáší
fotovoltaický panel rozměry;google;;;;9;V-ZAKLADY | fotovoltaika pro rodinný dům – jak funguje a co obnáší
fotovoltaika 2000w;google;;;;7;V-ZAKLADY | fotovoltaika pro rodinný dům – jak funguje a co obnáší
fotovoltaika 20kwp;google;;;;9;V-ZAKLADY | fotovoltaika pro rodinný dům – jak funguje a co obnáší
fotovoltaika 25 kw;google;;;;10;V-ZAKLADY | fotovoltaika pro rodinný dům – jak funguje a co obnáší
fotovoltaika 2kwp;google;;;;8;V-ZAKLADY | fotovoltaika pro rodinný dům – jak funguje a co obnáší
fotovoltaika 3 fazovy menic;google;;;;10;V-ZAKLADY | fotovoltaika pro rodinný dům – jak funguje a co obnáší
fotovoltaika 3 fáze;google;;;;7;V-ZAKLADY | fotovoltaika pro rodinný dům – jak funguje a co obnáší
fotovoltaika 30 kw;google;;;;9;V-ZAKLADY | fotovoltaika pro rodinný dům – jak funguje a co obnáší
fotovoltaika 3000w;google;;;;6;V-ZAKLADY | fotovoltaika pro rodinný dům – jak funguje a co obnáší
fotovoltaika 300w;google;;;;8;V-ZAKLADY | fotovoltaika pro rodinný dům – jak funguje a co obnáší
fotovoltaika 5 mwh;google;;;;10;V-ZAKLADY | fotovoltaika pro rodinný dům – jak funguje a co obnáší
fotovoltaika 500w;google;;;;6;V-ZAKLADY | fotovoltaika pro rodinný dům – jak funguje a co obnáší
fotovoltaika 8kw;google;;;;6;V-ZAKLADY | fotovoltaika pro rodinný dům – jak funguje a co obnáší
fotovoltaika allegro;google;;;;6;V-ZAKLADY | fotovoltaika pro rodinný dům – jak funguje a co obnáší
fotovoltaika aplikace;google;;;;7;V-ZAKLADY | fotovoltaika pro rodinný dům – jak funguje a co obnáší
fotovoltaika bazoš;seznam;3;2;3.276;;V-ZAKLADY | fotovoltaika pro rodinný dům – jak funguje a co obnáší
fotovoltaika beránek;google;;;;8;V-ZAKLADY | fotovoltaika pro rodinný dům – jak funguje a co obnáší
fotovoltaika centropol;google;;;;6;V-ZAKLADY | fotovoltaika pro rodinný dům – jak funguje a co obnáší
fotovoltaika do 800w;google;;;;10;V-ZAKLADY | fotovoltaika pro rodinný dům – jak funguje a co obnáší
fotovoltaika do auta;google;;;;7;V-ZAKLADY | fotovoltaika pro rodinný dům – jak funguje a co obnáší
fotovoltaika dřevohostice;seznam;3;2;3.043;;V-ZAKLADY | fotovoltaika pro rodinný dům – jak funguje a co obnáší
fotovoltaika fotovoltaika;google;;;;7;V-ZAKLADY | fotovoltaika pro rodinný dům – jak funguje a co obnáší
fotovoltaika ftv;google;;;;6;V-ZAKLADY | fotovoltaika pro rodinný dům – jak funguje a co obnáší
fotovoltaika galanta;google;;;;9;V-ZAKLADY | fotovoltaika pro rodinný dům – jak funguje a co obnáší
fotovoltaika geti;google;;;;6;V-ZAKLADY | fotovoltaika pro rodinný dům – jak funguje a co obnáší
fotovoltaika gr;google;;;;8;V-ZAKLADY | fotovoltaika pro rodinný dům – jak funguje a co obnáší
fotovoltaika green;google;;;;10;V-ZAKLADY | fotovoltaika pro rodinný dům – jak funguje a co obnáší
fotovoltaika grid;google;;;;7;V-ZAKLADY | fotovoltaika pro rodinný dům – jak funguje a co obnáší
fotovoltaika havířov;google;;;;7;V-ZAKLADY | fotovoltaika pro rodinný dům – jak funguje a co obnáší
fotovoltaika hlinsko;google;;;;10;V-ZAKLADY | fotovoltaika pro rodinný dům – jak funguje a co obnáší
fotovoltaika humpolec;google;;;;8;V-ZAKLADY | fotovoltaika pro rodinný dům – jak funguje a co obnáší
fotovoltaika hybridní měnič;google;;;;9;V-ZAKLADY | fotovoltaika pro rodinný dům – jak funguje a co obnáší
fotovoltaika ilios;google;;;;10;V-ZAKLADY | fotovoltaika pro rodinný dům – jak funguje a co obnáší
fotovoltaika insolvence;google;;;;6;V-ZAKLADY | fotovoltaika pro rodinný dům – jak funguje a co obnáší
fotovoltaika invertor;google;;;;8;V-ZAKLADY | fotovoltaika pro rodinný dům – jak funguje a co obnáší
fotovoltaika jižní morava;google;;;;6;V-ZAKLADY | fotovoltaika pro rodinný dům – jak funguje a co obnáší
fotovoltaika krásná lípa;seznam;3;1;3.42;;V-ZAKLADY | fotovoltaika pro rodinný dům – jak funguje a co obnáší
fotovoltaika lovosice;google;;;;8;V-ZAKLADY | fotovoltaika pro rodinný dům – jak funguje a co obnáší
fotovoltaika lunek;google;;;;7;V-ZAKLADY | fotovoltaika pro rodinný dům – jak funguje a co obnáší
fotovoltaika mnd;google;;;;9;V-ZAKLADY | fotovoltaika pro rodinný dům – jak funguje a co obnáší
fotovoltaika monokrystal vs polykrystal;google;;;;7;V-ZAKLADY | fotovoltaika pro rodinný dům – jak funguje a co obnáší
fotovoltaika morava;google;;;;10;V-ZAKLADY | fotovoltaika pro rodinný dům – jak funguje a co obnáší
fotovoltaika moravskoslezský kraj;google;;;;6;V-ZAKLADY | fotovoltaika pro rodinný dům – jak funguje a co obnáší
fotovoltaika moravská třebová;seznam;3;2;3.166;;V-ZAKLADY | fotovoltaika pro rodinný dům – jak funguje a co obnáší
fotovoltaika měnič napětí;google;;;;7;V-ZAKLADY | fotovoltaika pro rodinný dům – jak funguje a co obnáší
fotovoltaika na míru;seznam;3;3;2.508;;V-ZAKLADY | fotovoltaika pro rodinný dům – jak funguje a co obnáší
fotovoltaika na rovné střeše;google;;;;6;V-ZAKLADY | fotovoltaika pro rodinný dům – jak funguje a co obnáší
fotovoltaika na zahradu;google;;;;8;V-ZAKLADY | fotovoltaika pro rodinný dům – jak funguje a co obnáší
fotovoltaika nebo fotovoltaika;google;;;;6;V-ZAKLADY | fotovoltaika pro rodinný dům – jak funguje a co obnáší
fotovoltaika názory majitelů;seznam;3;2;2.773;;V-ZAKLADY | fotovoltaika pro rodinný dům – jak funguje a co obnáší
fotovoltaika od vse;google;;;;10;V-ZAKLADY | fotovoltaika pro rodinný dům – jak funguje a co obnáší
fotovoltaika od čezu nikdy;seznam;3;3;1.6;;V-ZAKLADY | fotovoltaika pro rodinný dům – jak funguje a co obnáší
fotovoltaika odpisová skupina;google;;;;9;V-ZAKLADY | fotovoltaika pro rodinný dům – jak funguje a co obnáší
fotovoltaika pešek;seznam;3;1;3.293;;V-ZAKLADY | fotovoltaika pro rodinný dům – jak funguje a co obnáší
fotovoltaika plot;seznam;3;2;3.308;;V-ZAKLADY | fotovoltaika pro rodinný dům – jak funguje a co obnáší
fotovoltaika prace;google;;;;10;V-ZAKLADY | fotovoltaika pro rodinný dům – jak funguje a co obnáší
fotovoltaika ronov nad;seznam;3;2;1.8;;V-ZAKLADY | fotovoltaika pro rodinný dům – jak funguje a co obnáší
fotovoltaika rozvaděč;google;;;;9;V-ZAKLADY | fotovoltaika pro rodinný dům – jak funguje a co obnáší
fotovoltaika rožnov pod radhoštěm;google;;;;8;V-ZAKLADY | fotovoltaika pro rodinný dům – jak funguje a co obnáší
fotovoltaika schlieger;google;;;;10;V-ZAKLADY | fotovoltaika pro rodinný dům – jak funguje a co obnáší
fotovoltaika sefy;google;;;;9;V-ZAKLADY | fotovoltaika pro rodinný dům – jak funguje a co obnáší
fotovoltaika solární panely rozdíl;google;;;;10;V-ZAKLADY | fotovoltaika pro rodinný dům – jak funguje a co obnáší
fotovoltaika stavebnice;seznam+google;0;0;3.466;6;V-ZAKLADY | fotovoltaika pro rodinný dům – jak funguje a co obnáší
fotovoltaika tišnov;google;;;;10;V-ZAKLADY | fotovoltaika pro rodinný dům – jak funguje a co obnáší
fotovoltaika tracker;google;;;;9;V-ZAKLADY | fotovoltaika pro rodinný dům – jak funguje a co obnáší
fotovoltaika urob si sam;google;;;;10;V-ZAKLADY | fotovoltaika pro rodinný dům – jak funguje a co obnáší
fotovoltaika ustecky kraj;google;;;;8;V-ZAKLADY | fotovoltaika pro rodinný dům – jak funguje a co obnáší
fotovoltaika vliv na zdraví;google;;;;6;V-ZAKLADY | fotovoltaika pro rodinný dům – jak funguje a co obnáší
fotovoltaika vs solar;google;;;;6;V-ZAKLADY | fotovoltaika pro rodinný dům – jak funguje a co obnáší
fotovoltaika vysočina;google;;;;9;V-ZAKLADY | fotovoltaika pro rodinný dům – jak funguje a co obnáší
fotovoltaika zadarmo;google;;;;9;V-ZAKLADY | fotovoltaika pro rodinný dům – jak funguje a co obnáší
fotovoltaika zdarma;seznam;3;1;3.313;;V-ZAKLADY | fotovoltaika pro rodinný dům – jak funguje a co obnáší
fotovoltaika zprávy;seznam;3;1;3.23;;V-ZAKLADY | fotovoltaika pro rodinný dům – jak funguje a co obnáší
fotovoltaika zvolen;google;;;;10;V-ZAKLADY | fotovoltaika pro rodinný dům – jak funguje a co obnáší
fotovoltaika česká lípa;google;;;;6;V-ZAKLADY | fotovoltaika pro rodinný dům – jak funguje a co obnáší
fotovoltaika česká třebová;google;;;;7;V-ZAKLADY | fotovoltaika pro rodinný dům – jak funguje a co obnáší
fotovoltaika čr;google;;;;9;V-ZAKLADY | fotovoltaika pro rodinný dům – jak funguje a co obnáší
fotovoltaika čína;google;;;;8;V-ZAKLADY | fotovoltaika pro rodinný dům – jak funguje a co obnáší
hodí se solární panely na činžovní dům;seznam;3;1;3.56;;V-ZAKLADY | fotovoltaika pro rodinný dům – jak funguje a co obnáší
i4wifi solární panely;google;;;;6;V-ZAKLADY | fotovoltaika pro rodinný dům – jak funguje a co obnáší
iftech solární panely;google;;;;7;V-ZAKLADY | fotovoltaika pro rodinný dům – jak funguje a co obnáší
jak funguji solarni panely v zime;google;;;;9;V-ZAKLADY | fotovoltaika pro rodinný dům – jak funguje a co obnáší
jak namontovat solární panely;google;;;;6;V-ZAKLADY | fotovoltaika pro rodinný dům – jak funguje a co obnáší
jak vypadá fotovoltaika;google;;;;6;V-ZAKLADY | fotovoltaika pro rodinný dům – jak funguje a co obnáší
jsou solární panely ekologické;google;;;;10;V-ZAKLADY | fotovoltaika pro rodinný dům – jak funguje a co obnáší
konference fotovoltaika 2026;google;;;;6;V-ZAKLADY | fotovoltaika pro rodinný dům – jak funguje a co obnáší
které solární panely jsou nejlepší;google;;;;10;V-ZAKLADY | fotovoltaika pro rodinný dům – jak funguje a co obnáší
lišty mezi solární panely;seznam;3;3;2.0;;V-ZAKLADY | fotovoltaika pro rodinný dům – jak funguje a co obnáší
montážní sady pro solární panely;seznam;3;1;1.75;;V-ZAKLADY | fotovoltaika pro rodinný dům – jak funguje a co obnáší
na kolik vyjdou solarni panely;google;;;;7;V-ZAKLADY | fotovoltaika pro rodinný dům – jak funguje a co obnáší
nejlépe hodnocené solární panely;seznam;3;1;3.099;;V-ZAKLADY | fotovoltaika pro rodinný dům – jak funguje a co obnáší
plotové solární panely;seznam;3;3;4.264;;V-ZAKLADY | fotovoltaika pro rodinný dům – jak funguje a co obnáší
prefa fasádní panely;google;;;;6;V-ZAKLADY | fotovoltaika pro rodinný dům – jak funguje a co obnáší
prodej hliníkových profilů pro solární panely;seznam;3;3;1.45;;V-ZAKLADY | fotovoltaika pro rodinný dům – jak funguje a co obnáší
restaurant waldeska fotovoltaika;seznam;3;1;1.4;;V-ZAKLADY | fotovoltaika pro rodinný dům – jak funguje a co obnáší
skládací fotovoltaika;seznam;3;1;1.8;;V-ZAKLADY | fotovoltaika pro rodinný dům – jak funguje a co obnáší
solarni panely cina;google;;;;8;V-ZAKLADY | fotovoltaika pro rodinný dům – jak funguje a co obnáší
solarni panely paleta;google;;;;10;V-ZAKLADY | fotovoltaika pro rodinný dům – jak funguje a co obnáší
solarni panely prace;google;;;;6;V-ZAKLADY | fotovoltaika pro rodinný dům – jak funguje a co obnáší
solarni panely renogy;google;;;;9;V-ZAKLADY | fotovoltaika pro rodinný dům – jak funguje a co obnáší
solární elektrárna 3kw;google;;;;9;V-ZAKLADY | fotovoltaika pro rodinný dům – jak funguje a co obnáší
solární flexibilní panely;seznam;3;1;3.678;;V-ZAKLADY | fotovoltaika pro rodinný dům – jak funguje a co obnáší
solární fototermické panely;google;;;;8;V-ZAKLADY | fotovoltaika pro rodinný dům – jak funguje a co obnáší
solární fotovoltaické panely;google;;;;7;V-ZAKLADY | fotovoltaika pro rodinný dům – jak funguje a co obnáší
solární horkovzdušné panely;google;;;;9;V-ZAKLADY | fotovoltaika pro rodinný dům – jak funguje a co obnáší
solární panel 150x100;seznam;3;1;0.295;;V-ZAKLADY | fotovoltaika pro rodinný dům – jak funguje a co obnáší
solární panel 175 wp;seznam;3;3;0;;V-ZAKLADY | fotovoltaika pro rodinný dům – jak funguje a co obnáší
solární panel 180w;seznam;3;3;0.272;;V-ZAKLADY | fotovoltaika pro rodinný dům – jak funguje a co obnáší
solární panel 300wp;seznam;3;3;0.286;;V-ZAKLADY | fotovoltaika pro rodinný dům – jak funguje a co obnáší
solární panely 120w;google;;;;8;V-ZAKLADY | fotovoltaika pro rodinný dům – jak funguje a co obnáší
solární panely 150w;google;;;;9;V-ZAKLADY | fotovoltaika pro rodinný dům – jak funguje a co obnáší
solární panely 20w;google;;;;7;V-ZAKLADY | fotovoltaika pro rodinný dům – jak funguje a co obnáší
solární panely 220v;google;;;;6;V-ZAKLADY | fotovoltaika pro rodinný dům – jak funguje a co obnáší
solární panely 580w;google;;;;6;V-ZAKLADY | fotovoltaika pro rodinný dům – jak funguje a co obnáší
solární panely 5kw;google;;;;9;V-ZAKLADY | fotovoltaika pro rodinný dům – jak funguje a co obnáší
solární panely 5v;google;;;;8;V-ZAKLADY | fotovoltaika pro rodinný dům – jak funguje a co obnáší
solární panely a hromosvod;google;;;;10;V-ZAKLADY | fotovoltaika pro rodinný dům – jak funguje a co obnáší
solární panely allegro;google;;;;7;V-ZAKLADY | fotovoltaika pro rodinný dům – jak funguje a co obnáší
solární panely alza;google;;;;6;V-ZAKLADY | fotovoltaika pro rodinný dům – jak funguje a co obnáší
solární panely argos;google;;;;10;V-ZAKLADY | fotovoltaika pro rodinný dům – jak funguje a co obnáší
solární panely camping;google;;;;7;V-ZAKLADY | fotovoltaika pro rodinný dům – jak funguje a co obnáší
solární panely cestovní;google;;;;9;V-ZAKLADY | fotovoltaika pro rodinný dům – jak funguje a co obnáší
solární panely cigs;seznam;3;2;3.685;;V-ZAKLADY | fotovoltaika pro rodinný dům – jak funguje a co obnáší
solární panely cz sro;google;;;;6;V-ZAKLADY | fotovoltaika pro rodinný dům – jak funguje a co obnáší
solární panely dc 12 30 v max 200w mppt;google;;;;6;V-ZAKLADY | fotovoltaika pro rodinný dům – jak funguje a co obnáší
solární panely do bytu;google;;;;8;V-ZAKLADY | fotovoltaika pro rodinný dům – jak funguje a co obnáší
solární panely do oken;google;;;;10;V-ZAKLADY | fotovoltaika pro rodinný dům – jak funguje a co obnáší
solární panely druhy;google;;;;9;V-ZAKLADY | fotovoltaika pro rodinný dům – jak funguje a co obnáší
solární panely fve;google;;;;6;V-ZAKLADY | fotovoltaika pro rodinný dům – jak funguje a co obnáší
solární panely ja solar 540 bifacial;google;;;;9;V-ZAKLADY | fotovoltaika pro rodinný dům – jak funguje a co obnáší
solární panely koupit;google;;;;10;V-ZAKLADY | fotovoltaika pro rodinný dům – jak funguje a co obnáší
solární panely leapton;google;;;;7;V-ZAKLADY | fotovoltaika pro rodinný dům – jak funguje a co obnáší
solární panely měnič;google;;;;10;V-ZAKLADY | fotovoltaika pro rodinný dům – jak funguje a co obnáší
solární panely na elektřinu;google;;;;7;V-ZAKLADY | fotovoltaika pro rodinný dům – jak funguje a co obnáší
solární panely na fasádu;google;;;;9;V-ZAKLADY | fotovoltaika pro rodinný dům – jak funguje a co obnáší
solární panely na louce;google;;;;10;V-ZAKLADY | fotovoltaika pro rodinný dům – jak funguje a co obnáší
solární panely na zahradu;google;;;;8;V-ZAKLADY | fotovoltaika pro rodinný dům – jak funguje a co obnáší
solární panely ohřev vzduchu;google;;;;6;V-ZAKLADY | fotovoltaika pro rodinný dům – jak funguje a co obnáší
solární panely outdoor;google;;;;8;V-ZAKLADY | fotovoltaika pro rodinný dům – jak funguje a co obnáší
solární panely sada;google;;;;8;V-ZAKLADY | fotovoltaika pro rodinný dům – jak funguje a co obnáší
solární panely tašky;google;;;;7;V-ZAKLADY | fotovoltaika pro rodinný dům – jak funguje a co obnáší
solární panely tipa;google;;;;6;V-ZAKLADY | fotovoltaika pro rodinný dům – jak funguje a co obnáší
solární panely trubicové;google;;;;9;V-ZAKLADY | fotovoltaika pro rodinný dům – jak funguje a co obnáší
solární panely v památkové zóně;google;;;;10;V-ZAKLADY | fotovoltaika pro rodinný dům – jak funguje a co obnáší
solární panely v zimě;google;;;;7;V-ZAKLADY | fotovoltaika pro rodinný dům – jak funguje a co obnáší
solární panely viking;google;;;;8;V-ZAKLADY | fotovoltaika pro rodinný dům – jak funguje a co obnáší
solární panely z číny;google;;;;6;V-ZAKLADY | fotovoltaika pro rodinný dům – jak funguje a co obnáší
solární panely zdarma;google;;;;8;V-ZAKLADY | fotovoltaika pro rodinný dům – jak funguje a co obnáší
solární panely červené;google;;;;7;V-ZAKLADY | fotovoltaika pro rodinný dům – jak funguje a co obnáší
solární panely čr;google;;;;6;V-ZAKLADY | fotovoltaika pro rodinný dům – jak funguje a co obnáší
solární vs fotovoltaika;google;;;;8;V-ZAKLADY | fotovoltaika pro rodinný dům – jak funguje a co obnáší
string fotovoltaika co to;google;;;;6;V-ZAKLADY | fotovoltaika pro rodinný dům – jak funguje a co obnáší
těsnění mezi solární panely;seznam;3;3;1.8;;V-ZAKLADY | fotovoltaika pro rodinný dům – jak funguje a co obnáší
wattmetr fotovoltaika;google;;;;7;V-ZAKLADY | fotovoltaika pro rodinný dům – jak funguje a co obnáší
wienerberger fotovoltaika;google;;;;6;V-ZAKLADY | fotovoltaika pro rodinný dům – jak funguje a co obnáší
wolter fotovoltaika;google;;;;9;V-ZAKLADY | fotovoltaika pro rodinný dům – jak funguje a co obnáší
wp fotovoltaika;google;;;;8;V-ZAKLADY | fotovoltaika pro rodinný dům – jak funguje a co obnáší
úzké solární panely;google;;;;6;V-ZAKLADY | fotovoltaika pro rodinný dům – jak funguje a co obnáší
štička fotovoltaika;google;;;;6;V-ZAKLADY | fotovoltaika pro rodinný dům – jak funguje a co obnáší
balkonová fotovoltaika;seznam;274;192;2.964;;X-BALK | balkonová fotovoltaika (mimo nabídku)
fotovoltaika na balkon;seznam+google;24;19;3.515;2;X-BALK | balkonová fotovoltaika (mimo nabídku)
balkonová fotovoltaika s baterií;seznam+google;13;8;3.2;3;X-BALK | balkonová fotovoltaika (mimo nabídku)
fotovoltaika na balkon do zásuvky;seznam;17;7;3.405;;X-BALK | balkonová fotovoltaika (mimo nabídku)
fotovoltaika na balkon s baterií;seznam+google;8;7;2.7;2;X-BALK | balkonová fotovoltaika (mimo nabídku)
balkonové solární panely 800w do zásuvky;seznam;16;13;2.991;;X-BALK | balkonová fotovoltaika (mimo nabídku)
balkonové solární panely do zásuvky;seznam;16;8;3.012;;X-BALK | balkonová fotovoltaika (mimo nabídku)
solární panely na balkon;seznam+google;11;8;4.169;4;X-BALK | balkonová fotovoltaika (mimo nabídku)
solární elektrárna na balkon;seznam+google;11;9;1.8;8;X-BALK | balkonová fotovoltaika (mimo nabídku)
zateka balkon;google;;;;1;X-BALK | balkonová fotovoltaika (mimo nabídku)
balkonová fotovoltaika legislativa;seznam;10;9;2.938;;X-BALK | balkonová fotovoltaika (mimo nabídku)
fotovoltaika na balkon 2000w;seznam;10;1;3.641;;X-BALK | balkonová fotovoltaika (mimo nabídku)
baterie k balkonové fotovoltaice;google;;;;2;X-BALK | balkonová fotovoltaika (mimo nabídku)
jak funguje balkonová solární elektrárna;google;;;;2;X-BALK | balkonová fotovoltaika (mimo nabídku)
solární balkonová elektrárna recenze;google;;;;2;X-BALK | balkonová fotovoltaika (mimo nabídku)
balkonová fotovoltaika diskuze;google;;;;3;X-BALK | balkonová fotovoltaika (mimo nabídku)
balkonová fotovoltaika přetoky;google;;;;3;X-BALK | balkonová fotovoltaika (mimo nabídku)
fotovoltaika na balkon 800w;seznam;7;4;1.4;;X-BALK | balkonová fotovoltaika (mimo nabídku)
balkonová fotovoltaika povolení;google;;;;4;X-BALK | balkonová fotovoltaika (mimo nabídku)
balkonová fotovoltaika recenze;google;;;;5;X-BALK | balkonová fotovoltaika (mimo nabídku)
fotovoltaika na balkon paneláku;google;;;;5;X-BALK | balkonová fotovoltaika (mimo nabídku)
balkonová fotovoltaika 2000w;seznam;4;3;2.825;;X-BALK | balkonová fotovoltaika (mimo nabídku)
balkonová solární elektrárna;seznam;4;3;1.4;;X-BALK | balkonová fotovoltaika (mimo nabídku)
zatéká pod dlažbu na balkoně;seznam;4;1;3.335;;X-BALK | balkonová fotovoltaika (mimo nabídku)
balkonová fotovoltaika 800w;google;;;;8;X-BALK | balkonová fotovoltaika (mimo nabídku)
balkonová fotovoltaika zkušenosti;google;;;;7;X-BALK | balkonová fotovoltaika (mimo nabídku)
fotovoltaika na balkon cena;google;;;;6;X-BALK | balkonová fotovoltaika (mimo nabídku)
jak funguje fotovoltaika na balkon;google;;;;8;X-BALK | balkonová fotovoltaika (mimo nabídku)
malé solární panely na balkonové;seznam;3;3;2.4;;X-BALK | balkonová fotovoltaika (mimo nabídku)
solarni panely balkon;google;;;;7;X-BALK | balkonová fotovoltaika (mimo nabídku)
solární panely na balkon recenze;seznam;3;1;3.802;;X-BALK | balkonová fotovoltaika (mimo nabídku)
střešní okno s balkonem;google;;;;9;X-BALK | balkonová fotovoltaika (mimo nabídku)
wallbox 11kw;seznam+google;218;180;2.849;2;X-WALLBOX | wallbox (nabíjení elektromobilu) a fotovoltaika
wallbox solax;seznam+google;77;63;3.01;5;X-WALLBOX | wallbox (nabíjení elektromobilu) a fotovoltaika
kolik stojí wallbox;seznam+google;16;14;4.068;1;X-WALLBOX | wallbox (nabíjení elektromobilu) a fotovoltaika
nabíjení elektromobilu z fotovoltaiky;seznam+google;11;8;4.006;1;X-WALLBOX | wallbox (nabíjení elektromobilu) a fotovoltaika
wallbox goodwe;seznam+google;20;17;2.546;8;X-WALLBOX | wallbox (nabíjení elektromobilu) a fotovoltaika
co je wallbox;seznam;22;20;3.254;;X-WALLBOX | wallbox (nabíjení elektromobilu) a fotovoltaika
wallbox na klíč;seznam+google;10;8;2.4;1;X-WALLBOX | wallbox (nabíjení elektromobilu) a fotovoltaika
wallbox dotace;seznam+google;9;6;3.288;1;X-WALLBOX | wallbox (nabíjení elektromobilu) a fotovoltaika
wallbox montáž;seznam+google;9;7;0.234;1;X-WALLBOX | wallbox (nabíjení elektromobilu) a fotovoltaika
wallbox cena;seznam+google;7;6;2.535;1;X-WALLBOX | wallbox (nabíjení elektromobilu) a fotovoltaika
dotace na wallbox 2026;seznam;18;13;2.164;;X-WALLBOX | wallbox (nabíjení elektromobilu) a fotovoltaika
jak vybrat wallbox;seznam+google;5;4;2.817;1;X-WALLBOX | wallbox (nabíjení elektromobilu) a fotovoltaika
fotovoltaika pro nabíjení elektromobilu;seznam+google;10;8;2.339;4;X-WALLBOX | wallbox (nabíjení elektromobilu) a fotovoltaika
nejlepší wallbox;seznam;14;8;3.414;;X-WALLBOX | wallbox (nabíjení elektromobilu) a fotovoltaika
wallbox victron;seznam;14;13;2.699;;X-WALLBOX | wallbox (nabíjení elektromobilu) a fotovoltaika
co wallbox;google;;;;1;X-WALLBOX | wallbox (nabíjení elektromobilu) a fotovoltaika
da wallbox;google;;;;1;X-WALLBOX | wallbox (nabíjení elektromobilu) a fotovoltaika
fotovoltaika elektromobil;google;;;;1;X-WALLBOX | wallbox (nabíjení elektromobilu) a fotovoltaika
jak funguje wallbox;seznam;12;7;3.214;;X-WALLBOX | wallbox (nabíjení elektromobilu) a fotovoltaika
jaký wallbox;google;;;;1;X-WALLBOX | wallbox (nabíjení elektromobilu) a fotovoltaika
kde koupit wallbox;google;;;;1;X-WALLBOX | wallbox (nabíjení elektromobilu) a fotovoltaika
který wallbox je nejlepší;google;;;;1;X-WALLBOX | wallbox (nabíjení elektromobilu) a fotovoltaika
nová zelená úsporám elektromobilita;google;;;;1;X-WALLBOX | wallbox (nabíjení elektromobilu) a fotovoltaika
nová zelená úsporám wallbox;google;;;;1;X-WALLBOX | wallbox (nabíjení elektromobilu) a fotovoltaika
projekt wallbox;google;;;;1;X-WALLBOX | wallbox (nabíjení elektromobilu) a fotovoltaika
wallbox;seznam+google;0;0;3.825;1;X-WALLBOX | wallbox (nabíjení elektromobilu) a fotovoltaika
wallbox 2026;google;;;;1;X-WALLBOX | wallbox (nabíjení elektromobilu) a fotovoltaika
wallbox akce;google;;;;1;X-WALLBOX | wallbox (nabíjení elektromobilu) a fotovoltaika
wallbox firma;google;;;;1;X-WALLBOX | wallbox (nabíjení elektromobilu) a fotovoltaika
wallbox forum;google;;;;1;X-WALLBOX | wallbox (nabíjení elektromobilu) a fotovoltaika
wallbox fotovoltaika;google;;;;1;X-WALLBOX | wallbox (nabíjení elektromobilu) a fotovoltaika
wallbox glb firmy garo;google;;;;1;X-WALLBOX | wallbox (nabíjení elektromobilu) a fotovoltaika
wallbox jak podłączyć;google;;;;1;X-WALLBOX | wallbox (nabíjení elektromobilu) a fotovoltaika
wallbox jaka moc;google;;;;1;X-WALLBOX | wallbox (nabíjení elektromobilu) a fotovoltaika
wallbox kolik stoji;google;;;;1;X-WALLBOX | wallbox (nabíjení elektromobilu) a fotovoltaika
wallbox levně;google;;;;1;X-WALLBOX | wallbox (nabíjení elektromobilu) a fotovoltaika
wallbox nebo zasuvka;google;;;;1;X-WALLBOX | wallbox (nabíjení elektromobilu) a fotovoltaika
wallbox nejlepší;google;;;;1;X-WALLBOX | wallbox (nabíjení elektromobilu) a fotovoltaika
wallbox praha;google;;;;1;X-WALLBOX | wallbox (nabíjení elektromobilu) a fotovoltaika
wallbox pro rodinný dům;google;;;;1;X-WALLBOX | wallbox (nabíjení elektromobilu) a fotovoltaika
wallbox recenze;google;;;;1;X-WALLBOX | wallbox (nabíjení elektromobilu) a fotovoltaika
wallbox svj;google;;;;1;X-WALLBOX | wallbox (nabíjení elektromobilu) a fotovoltaika
wallbox vs mobile wallbox;google;;;;1;X-WALLBOX | wallbox (nabíjení elektromobilu) a fotovoltaika
wallbox zkušenosti;google;;;;1;X-WALLBOX | wallbox (nabíjení elektromobilu) a fotovoltaika
wallbox a fotovoltaika;seznam;11;7;1.6;;X-WALLBOX | wallbox (nabíjení elektromobilu) a fotovoltaika
wallbox mg;seznam;11;2;2.851;;X-WALLBOX | wallbox (nabíjení elektromobilu) a fotovoltaika
fotovoltaika pro elektromobily;google;;;;2;X-WALLBOX | wallbox (nabíjení elektromobilu) a fotovoltaika
fotovoltaika wallbox;google;;;;2;X-WALLBOX | wallbox (nabíjení elektromobilu) a fotovoltaika
huawei wallbox forum;google;;;;2;X-WALLBOX | wallbox (nabíjení elektromobilu) a fotovoltaika
jaky wallbox koupit;google;;;;2;X-WALLBOX | wallbox (nabíjení elektromobilu) a fotovoltaika
kolik stoji wallbox;google;;;;2;X-WALLBOX | wallbox (nabíjení elektromobilu) a fotovoltaika
kolik stojí instalace wallboxu;google;;;;2;X-WALLBOX | wallbox (nabíjení elektromobilu) a fotovoltaika
nabíjení elektromobilu přímo z fotovoltaiky;google;;;;2;X-WALLBOX | wallbox (nabíjení elektromobilu) a fotovoltaika
nejlepší wallbox 11kw;google;;;;2;X-WALLBOX | wallbox (nabíjení elektromobilu) a fotovoltaika
nová zelená úsporám 2026 wallbox;google;;;;2;X-WALLBOX | wallbox (nabíjení elektromobilu) a fotovoltaika
wallbox 11kw nebo 22kw;google;;;;2;X-WALLBOX | wallbox (nabíjení elektromobilu) a fotovoltaika
wallbox 11kw recenze;google;;;;2;X-WALLBOX | wallbox (nabíjení elektromobilu) a fotovoltaika
wallbox 2026 test;google;;;;2;X-WALLBOX | wallbox (nabíjení elektromobilu) a fotovoltaika
wallbox cena instalace;google;;;;2;X-WALLBOX | wallbox (nabíjení elektromobilu) a fotovoltaika
wallbox co to jest;google;;;;2;X-WALLBOX | wallbox (nabíjení elektromobilu) a fotovoltaika
wallbox dotace 2026;google;;;;2;X-WALLBOX | wallbox (nabíjení elektromobilu) a fotovoltaika
wallbox firma förderung;google;;;;2;X-WALLBOX | wallbox (nabíjení elektromobilu) a fotovoltaika
wallbox instalace praha;google;;;;2;X-WALLBOX | wallbox (nabíjení elektromobilu) a fotovoltaika
wallbox jak funguje;google;;;;2;X-WALLBOX | wallbox (nabíjení elektromobilu) a fotovoltaika
wallbox jaka cena;google;;;;2;X-WALLBOX | wallbox (nabíjení elektromobilu) a fotovoltaika
wallbox pro firmy;google;;;;2;X-WALLBOX | wallbox (nabíjení elektromobilu) a fotovoltaika
wallbox pro svj;google;;;;2;X-WALLBOX | wallbox (nabíjení elektromobilu) a fotovoltaika
wallbox s montáží;google;;;;2;X-WALLBOX | wallbox (nabíjení elektromobilu) a fotovoltaika
wallbox solax zkušenosti;google;;;;2;X-WALLBOX | wallbox (nabíjení elektromobilu) a fotovoltaika
wallbox vs portable charger;google;;;;2;X-WALLBOX | wallbox (nabíjení elektromobilu) a fotovoltaika
co je to wallbox;seznam;7;7;2.49;;X-WALLBOX | wallbox (nabíjení elektromobilu) a fotovoltaika
fotovoltaika nabíjení elektromobilu;google;;;;3;X-WALLBOX | wallbox (nabíjení elektromobilu) a fotovoltaika
jaka ładowarka wallbox;google;;;;3;X-WALLBOX | wallbox (nabíjení elektromobilu) a fotovoltaika
jakiej firmy wallbox;google;;;;3;X-WALLBOX | wallbox (nabíjení elektromobilu) a fotovoltaika
jaky wallbox k fve;google;;;;3;X-WALLBOX | wallbox (nabíjení elektromobilu) a fotovoltaika
kolik stojí domácí wallbox;google;;;;3;X-WALLBOX | wallbox (nabíjení elektromobilu) a fotovoltaika
koľko stojí wallbox;google;;;;3;X-WALLBOX | wallbox (nabíjení elektromobilu) a fotovoltaika
lektri co wallbox;google;;;;3;X-WALLBOX | wallbox (nabíjení elektromobilu) a fotovoltaika
nejlepší wallbox na trhu;google;;;;3;X-WALLBOX | wallbox (nabíjení elektromobilu) a fotovoltaika
nová zelená úsporám dotace na wallbox;google;;;;3;X-WALLBOX | wallbox (nabíjení elektromobilu) a fotovoltaika
solax wallbox recenze;google;;;;3;X-WALLBOX | wallbox (nabíjení elektromobilu) a fotovoltaika
wallbox 11kw forum;google;;;;3;X-WALLBOX | wallbox (nabíjení elektromobilu) a fotovoltaika
wallbox 2026 bonus;google;;;;3;X-WALLBOX | wallbox (nabíjení elektromobilu) a fotovoltaika
wallbox 22kw;seznam+google;0;0;2.995;3;X-WALLBOX | wallbox (nabíjení elektromobilu) a fotovoltaika
wallbox cena dotace;google;;;;3;X-WALLBOX | wallbox (nabíjení elektromobilu) a fotovoltaika
wallbox dotace 2025;google;;;;3;X-WALLBOX | wallbox (nabíjení elektromobilu) a fotovoltaika
wallbox firma abrechnung;google;;;;3;X-WALLBOX | wallbox (nabíjení elektromobilu) a fotovoltaika
wallbox jak vybrat;google;;;;3;X-WALLBOX | wallbox (nabíjení elektromobilu) a fotovoltaika
wallbox vs tesla wall connector;google;;;;3;X-WALLBOX | wallbox (nabíjení elektromobilu) a fotovoltaika
cena kabel 5-ti žilný 400 v, měděný pro wallbox;seznam;6;4;2.13;;X-WALLBOX | wallbox (nabíjení elektromobilu) a fotovoltaika
co dela wallbox;google;;;;5;X-WALLBOX | wallbox (nabíjení elektromobilu) a fotovoltaika
co obsahuje wallbox;google;;;;4;X-WALLBOX | wallbox (nabíjení elektromobilu) a fotovoltaika
dotace wallbox zelená úsporám;google;;;;4;X-WALLBOX | wallbox (nabíjení elektromobilu) a fotovoltaika
fotovoltaika na nabíjanie elektromobilu;google;;;;5;X-WALLBOX | wallbox (nabíjení elektromobilu) a fotovoltaika
goodwe wallbox forum;google;;;;5;X-WALLBOX | wallbox (nabíjení elektromobilu) a fotovoltaika
jak nainstalovat wallbox;google;;;;4;X-WALLBOX | wallbox (nabíjení elektromobilu) a fotovoltaika
jak vypadá wallbox;google;;;;5;X-WALLBOX | wallbox (nabíjení elektromobilu) a fotovoltaika
jaka instalacja do wallboxa;google;;;;5;X-WALLBOX | wallbox (nabíjení elektromobilu) a fotovoltaika
jaka roznicowka do wallboxa;google;;;;4;X-WALLBOX | wallbox (nabíjení elektromobilu) a fotovoltaika
jaký wallbox 11kw;google;;;;4;X-WALLBOX | wallbox (nabíjení elektromobilu) a fotovoltaika
kolik stojí pořízení wallboxu;google;;;;4;X-WALLBOX | wallbox (nabíjení elektromobilu) a fotovoltaika
loxone wallbox forum;google;;;;4;X-WALLBOX | wallbox (nabíjení elektromobilu) a fotovoltaika
solární panely elektromobily;google;;;;5;X-WALLBOX | wallbox (nabíjení elektromobilu) a fotovoltaika
wallbox 2026 förderung;google;;;;4;X-WALLBOX | wallbox (nabíjení elektromobilu) a fotovoltaika
wallbox 2026 incentivi;google;;;;5;X-WALLBOX | wallbox (nabíjení elektromobilu) a fotovoltaika
wallbox cena 11kw;google;;;;4;X-WALLBOX | wallbox (nabíjení elektromobilu) a fotovoltaika
wallbox cena tesla;google;;;;5;X-WALLBOX | wallbox (nabíjení elektromobilu) a fotovoltaika
wallbox firma heidelberg;google;;;;5;X-WALLBOX | wallbox (nabíjení elektromobilu) a fotovoltaika
wallbox firma privat;google;;;;4;X-WALLBOX | wallbox (nabíjení elektromobilu) a fotovoltaika
wallbox goodwe recenze;google;;;;5;X-WALLBOX | wallbox (nabíjení elektromobilu) a fotovoltaika
wallbox jaky kabel;google;;;;5;X-WALLBOX | wallbox (nabíjení elektromobilu) a fotovoltaika
wallbox který se umí připojit na noční proud;seznam;5;3;3.298;;X-WALLBOX | wallbox (nabíjení elektromobilu) a fotovoltaika
wallbox vs cee;google;;;;4;X-WALLBOX | wallbox (nabíjení elektromobilu) a fotovoltaika
wallbox vs kabel;google;;;;5;X-WALLBOX | wallbox (nabíjení elektromobilu) a fotovoltaika
jak připojit wallbox;seznam;4;3;1.6;;X-WALLBOX | wallbox (nabíjení elektromobilu) a fotovoltaika
bonus wallbox 2026 privati;google;;;;10;X-WALLBOX | wallbox (nabíjení elektromobilu) a fotovoltaika
co stoji wallbox;google;;;;7;X-WALLBOX | wallbox (nabíjení elektromobilu) a fotovoltaika
co umí wallbox;google;;;;6;X-WALLBOX | wallbox (nabíjení elektromobilu) a fotovoltaika
domácí wallbox cena;google;;;;9;X-WALLBOX | wallbox (nabíjení elektromobilu) a fotovoltaika
dotace wallbox 2026;google;;;;9;X-WALLBOX | wallbox (nabíjení elektromobilu) a fotovoltaika
firma wallbox spanien;google;;;;8;X-WALLBOX | wallbox (nabíjení elektromobilu) a fotovoltaika
forum wallbox pulsar plus;google;;;;7;X-WALLBOX | wallbox (nabíjení elektromobilu) a fotovoltaika
fotovoltaika a elektromobil;google;;;;8;X-WALLBOX | wallbox (nabíjení elektromobilu) a fotovoltaika
fotovoltaika s wallboxem;google;;;;10;X-WALLBOX | wallbox (nabíjení elektromobilu) a fotovoltaika
jak nastavit wallbox;google;;;;8;X-WALLBOX | wallbox (nabíjení elektromobilu) a fotovoltaika
jak nastavit wallbox solax;google;;;;6;X-WALLBOX | wallbox (nabíjení elektromobilu) a fotovoltaika
jak se píše wallbox;google;;;;10;X-WALLBOX | wallbox (nabíjení elektromobilu) a fotovoltaika
jak zprovoznit wallbox;google;;;;7;X-WALLBOX | wallbox (nabíjení elektromobilu) a fotovoltaika
jak.zapojit wallbox solax;google;;;;9;X-WALLBOX | wallbox (nabíjení elektromobilu) a fotovoltaika
jaka moc do wallboxa;google;;;;6;X-WALLBOX | wallbox (nabíjení elektromobilu) a fotovoltaika
jaky kabel pro wallbox 22kw;google;;;;9;X-WALLBOX | wallbox (nabíjení elektromobilu) a fotovoltaika
jaky zvolit wallbox;google;;;;6;X-WALLBOX | wallbox (nabíjení elektromobilu) a fotovoltaika
jaký jistič pro wallbox;google;;;;7;X-WALLBOX | wallbox (nabíjení elektromobilu) a fotovoltaika
jaký jistič pro wallbox 11kw;google;;;;8;X-WALLBOX | wallbox (nabíjení elektromobilu) a fotovoltaika
jaký jistič pro wallbox 22kw;google;;;;10;X-WALLBOX | wallbox (nabíjení elektromobilu) a fotovoltaika
nový wallbox victron 2026;seznam;3;3;2.193;;X-WALLBOX | wallbox (nabíjení elektromobilu) a fotovoltaika
nzú dotace wallbox;google;;;;7;X-WALLBOX | wallbox (nabíjení elektromobilu) a fotovoltaika
po co wallbox;google;;;;10;X-WALLBOX | wallbox (nabíjení elektromobilu) a fotovoltaika
sma wallbox forum;google;;;;10;X-WALLBOX | wallbox (nabíjení elektromobilu) a fotovoltaika
solární elektrárna pro elektromobil;google;;;;7;X-WALLBOX | wallbox (nabíjení elektromobilu) a fotovoltaika
solární panely pro nabíjení elektromobilu;google;;;;9;X-WALLBOX | wallbox (nabíjení elektromobilu) a fotovoltaika
tesla wallbox recenze;google;;;;7;X-WALLBOX | wallbox (nabíjení elektromobilu) a fotovoltaika
victron wallbox 2026;google;;;;8;X-WALLBOX | wallbox (nabíjení elektromobilu) a fotovoltaika
victron wallbox forum;google;;;;6;X-WALLBOX | wallbox (nabíjení elektromobilu) a fotovoltaika
wallbox 2026 kaufen;google;;;;6;X-WALLBOX | wallbox (nabíjení elektromobilu) a fotovoltaika
wallbox 2026 kosten;google;;;;7;X-WALLBOX | wallbox (nabíjení elektromobilu) a fotovoltaika
wallbox 22kw cena;google;;;;6;X-WALLBOX | wallbox (nabíjení elektromobilu) a fotovoltaika
wallbox 22kw recenze;google;;;;6;X-WALLBOX | wallbox (nabíjení elektromobilu) a fotovoltaika
wallbox co daje;google;;;;8;X-WALLBOX | wallbox (nabíjení elektromobilu) a fotovoltaika
wallbox co to znaczy;google;;;;9;X-WALLBOX | wallbox (nabíjení elektromobilu) a fotovoltaika
wallbox firma für mitarbeiter;google;;;;7;X-WALLBOX | wallbox (nabíjení elektromobilu) a fotovoltaika
wallbox firma kosten;google;;;;6;X-WALLBOX | wallbox (nabíjení elektromobilu) a fotovoltaika
wallbox für firma;google;;;;9;X-WALLBOX | wallbox (nabíjení elektromobilu) a fotovoltaika
wallbox installation firma;google;;;;10;X-WALLBOX | wallbox (nabíjení elektromobilu) a fotovoltaika
wallbox lan;seznam;3;2;2.593;;X-WALLBOX | wallbox (nabíjení elektromobilu) a fotovoltaika
wallbox mercedes cena;google;;;;10;X-WALLBOX | wallbox (nabíjení elektromobilu) a fotovoltaika
wallbox na dotace;google;;;;6;X-WALLBOX | wallbox (nabíjení elektromobilu) a fotovoltaika
wallbox pulsar max;google;;;;9;X-WALLBOX | wallbox (nabíjení elektromobilu) a fotovoltaika
wallbox pulsar plus recenze;google;;;;9;X-WALLBOX | wallbox (nabíjení elektromobilu) a fotovoltaika
wallbox solarni panely;google;;;;8;X-WALLBOX | wallbox (nabíjení elektromobilu) a fotovoltaika
wallbox solax 11kw;google;;;;6;X-WALLBOX | wallbox (nabíjení elektromobilu) a fotovoltaika
wallbox stock forum;google;;;;8;X-WALLBOX | wallbox (nabíjení elektromobilu) a fotovoltaika
wallbox tesla;google;;;;10;X-WALLBOX | wallbox (nabíjení elektromobilu) a fotovoltaika
wallbox toyota cena;google;;;;8;X-WALLBOX | wallbox (nabíjení elektromobilu) a fotovoltaika
wallbox volvo cena;google;;;;7;X-WALLBOX | wallbox (nabíjení elektromobilu) a fotovoltaika
wallbox vs cargador portatil;google;;;;10;X-WALLBOX | wallbox (nabíjení elektromobilu) a fotovoltaika
wallbox vs chargepoint;google;;;;6;X-WALLBOX | wallbox (nabíjení elektromobilu) a fotovoltaika
wallbox vs emporia;google;;;;8;X-WALLBOX | wallbox (nabíjení elektromobilu) a fotovoltaika
wallbox vs starkstrom;google;;;;9;X-WALLBOX | wallbox (nabíjení elektromobilu) a fotovoltaika
wallbox vs steckdose;google;;;;7;X-WALLBOX | wallbox (nabíjení elektromobilu) a fotovoltaika
wallbox včetně montáže;seznam;3;3;1.6;;X-WALLBOX | wallbox (nabíjení elektromobilu) a fotovoltaika
welche wallbox forum;google;;;;9;X-WALLBOX | wallbox (nabíjení elektromobilu) a fotovoltaika
